keyword,sentiment_mean,sentiment_std,subjectivity_mean,subjectivity_std,counting
'Seebeben',0.3178365561479564,1.0423276217261264,-0.011706349759458147,0.9579068949603695,11.0
'Tsunami Evakuierung',-0.08702247005710084,1.0058528001812173,-0.38113588523375086,0.10574529838739936,5.0
'Tsunami Frühwarnsystem',0.34509317461019196,1.0468188479879978,-0.27314825617685384,0.23802726824427142,6.0
'Tsunami Schäden',-0.47401725435513936,0.5703078366708545,-0.05902500241109606,0.4442779624079733,7.0
'Tsunami Tote',-0.13235704491742442,0.8828542286048036,0.7083966792198738,1.6040826197577551,11.0
'Tsunami Warnung',0.17802642625924434,0.9309431025638989,0.11143300397997843,1.3068208774119656,22.0
'Tsunami',-0.03920999242730681,0.9337751915327045,-0.046583017958976736,0.8280714189385866,124.0
