topic,sentiment_mean,sentiment_std,subjectivity_mean,subjectivity_std,counting
Adaptation,-0.29558374344716826,0.4556058186187708,0.0,0.0,4.0
Causes,-0.9806085723261286,1.0,,1.0,1.0
Hazard,0.08784825354556788,0.8606376521620372,-0.10465543185952692,0.8058457188384405,41.0
Impacts,-0.13599562627112552,0.49489251678130763,0.6206024398552664,0.5821903332546862,3.0
Mitigation,-0.07201510864778661,0.8843782201924963,-0.3415212882298612,0.302839035124917,12.0
