topic,sentiment_mean,sentiment_std,subjectivity_mean,subjectivity_std,counting
Adaptation,0.34270289275558036,0.9101087779559468,-0.09561384283374946,0.5978088972181658,10.0
Causes,0.3376622421542396,1.0833458754870293,-0.030558309077949066,0.9476580074875764,11.0
Hazard,-0.04755746338085081,0.9337889558776921,-0.054578003233619575,0.8273389315834966,131.0
Impacts,-0.24847798801026977,0.7641794294740679,0.4009394348096278,1.295473462919101,19.0
Mitigation,0.13321995336951853,0.9542615530513777,0.02052075824332493,1.2165892284449675,27.0
