topic,sentiment_mean,sentiment_std,subjectivity_mean,subjectivity_std,counting
Hazard,-0.08868446353109104,0.7047602990477281,0.0,0.7071067811865475,8.0
Mitigation,0.7071067811865476,1.0,,1.0,1.0
