topic,sentiment_mean,sentiment_std,subjectivity_mean,subjectivity_std,counting
Adaptation,0.30964533215207096,1.0371479970662227,-0.26254721229005545,0.24215683267000992,6.0
Causes,0.17787728247544876,1.0389044373973637,0.04568545173665188,0.9480863342265796,10.0
Hazard,-0.035608404929121235,0.9231635752577895,-0.01853134862407154,0.9106474150418207,105.0
Impacts,-0.38377846498203083,0.6031164478438181,0.21736502127036153,0.9821100814781395,9.0
Mitigation,0.12906029312486741,0.9227815522310692,0.06826658965296055,1.1376393253678307,23.0
