topic,sentiment_mean,sentiment_std,subjectivity_mean,subjectivity_std,counting
Adaptation,0.34509317461019196,1.0468188479879978,-0.27314825617685384,0.23802726824427142,6.0
Causes,0.3178365561479564,1.0423276217261264,-0.011706349759458147,0.9579068949603695,11.0
Hazard,-0.03920999242730681,0.9337751915327045,-0.046583017958976736,0.8280714189385866,124.0
Impacts,-0.26522490414320243,0.7763100626674957,0.39239951619535685,1.2934222446855212,18.0
Mitigation,0.128943297311773,0.9309408625434767,0.02187502412293674,1.1924337346891845,27.0
