keyword,sentiment_mean,sentiment_std,subjectivity_mean,subjectivity_std,counting
'Seebeben',0.4595222678208073,1.217141029798391,0.4819250547113998,1.388651729606805,2.0
'Tsunami Evakuierung',0.03735103286706502,0.8931163295378775,-0.5,1.0,5.0
'Tsunami Frühwarnsystem',-0.23955316117127012,0.6343490625794628,-0.16666666666666666,0.2886751345948129,4.0
'Tsunami Tote',-0.2638685406678524,0.43702521075148754,0.735702260395516,0.7504087393370317,3.0
'Tsunami Warnung',-0.016155097781525084,0.9457502452987617,-0.36184668125637326,0.316273679467948,10.0
'Tsunami',0.01563208257242384,0.8816391713324679,-0.09867425880365706,0.8159156213378165,51.0
