domain,sentiment_mean,sentiment_std,subjectivity_mean,subjectivity_std,counting
www.n-tv.de,0.03333333333333333,0.05773502691896257,0.06666666666666667,0.11547005383792516,3.0
www.welt.de,-0.040740740740740744,0.30516810452021503,0.0,0.0,3.0
www.diepresse.com,-0.2,0.28284271247461906,0.0,0.0,2.0
www.morgenpost.de,-0.1325,0.16617009357883866,0.0,0.0,2.0
t3n.de,0.0,1.0,0.0,1.0,1.0
www.stern.de,0.0,1.0,0.0,1.0,1.0
www.sueddeutsche.de,0.0,1.0,0.0,1.0,1.0
www.zeit.de,0.0,1.0,0.0,1.0,1.0
