topic,sentiment_mean,sentiment_std,subjectivity_mean,subjectivity_std,counting
Adaptation,-0.0377157143202358,1.0,,1.0,1.0
Causes,-0.9806085723261286,1.0,,1.0,1.0
Hazard,0.04176956141806676,0.8337629124051404,-0.09805713129702162,0.7077541668997509,33.0
Impacts,-0.13599562627112552,0.49489251678130763,0.6206024398552664,0.5821903332546862,3.0
Mitigation,0.0324651921108503,0.8652221806539113,-0.3591167563965419,0.3133997440642012,12.0
