topic,sentiment_mean,sentiment_std,subjectivity_mean,subjectivity_std,counting
Adaptation,-0.17678752112477386,0.7188893498904054,-0.14907119849998596,0.2581988897471611,4.0
Causes,0.6952750216427683,0.883736287976568,0.5083182569614209,1.351326105030369,2.0
Hazard,0.0014359258339174952,0.8833315269126605,-0.09924913798669266,0.8391598080327128,52.0
Impacts,-0.20861569121517506,0.37354901424777226,0.551776695296637,0.7146490780119732,4.0
Mitigation,0.0016802791013382852,0.8964279060626232,-0.39638501094227996,0.26731556586320543,15.0
