week,sentiment_mean,sentiment_std,subjectivity_mean,subjectivity_std,counting
2025-42,0.32935084319504715,0.21690776282676374,-0.25,0.3535533905932738,3.0
2025-43,-0.43534486888005625,1.0,,1.0,1.0
2025-44,-0.4967764655263458,0.6981932275028532,1.5000000000000002,1.0,3.0
2025-45,-1.3604367682497434,1.0,,1.0,1.0
2025-46,0.41398348836490606,0.7478722694891585,-0.5,1.0,2.0
2025-47,1.6112484122844186,1.0,,1.0,1.0
2025-48,0.21502481625473235,1.0010159488438861,0.9309036597828996,0.3164965809277262,5.0
2025-49,-0.016934031779354458,0.8046938877287828,-0.29522591494572487,0.32057981841441685,32.0
2025-50,-0.16636264127909442,0.08791485303725305,,1.0,2.0
