keyword,sentiment_mean,sentiment_std,subjectivity_mean,subjectivity_std,counting
'Seebeben',0.17787728247544876,1.0389044373973637,0.04568545173665188,0.9480863342265796,10.0
'Tsunami Evakuierung',-0.15357478554479956,0.9673274061243267,-0.3503207703968084,0.09742109796747542,5.0
'Tsunami Frühwarnsystem',0.30964533215207096,1.0371479970662227,-0.26254721229005545,0.24215683267000992,6.0
'Tsunami Schäden',-0.13999224114121847,0.10522086650722635,-0.19059042694308873,0.1783885017202638,3.0
'Tsunami Tote',-0.4568289771225171,0.798254657984769,0.656729804252249,1.3079203230026497,5.0
'Tsunami Warnung',0.1985947942872309,0.9242410794525017,0.17382806432422523,1.2454688699634264,18.0
'Tsunami',-0.041211549723180696,0.9207716359870113,-0.01987673032312174,0.9111038866015843,105.0
