topic,sentiment_mean,sentiment_std,subjectivity_mean,subjectivity_std,counting
Adaptation,-0.12464724602314166,0.8234452252426683,-0.18662206392882566,0.24047217746189817,4.0
Causes,0.5251720332406427,0.6916749320881191,0.07717883762962413,1.1247549847464824,4.0
Hazard,-0.005521079574112806,0.9089676749782195,0.03398484035744119,0.9674948889028826,83.0
Impacts,-0.2788372046225717,0.651067023614867,0.31352223351946523,0.9375005685357198,7.0
Mitigation,0.014676916352147887,0.9864437297469345,-0.3420602083579788,0.1573113027498532,15.0
