topic,sentiment_mean,sentiment_std,subjectivity_mean,subjectivity_std,counting
Hazard,0.009105558764871903,0.7924826855663841,-0.008594474354402835,0.6207524213030181,29.0
Impacts,0.13245323570650433,1.0,1.1547005383792517,1.0,1.0
Mitigation,0.047651574453795274,0.8402741162900778,-0.3591167563965419,0.3133997440642012,12.0
