keyword,sentiment_mean,sentiment_std,subjectivity_mean,subjectivity_std,counting
'Seebeben',0.17262074352229362,1.013756278100947,0.04302913699209422,0.9495096662523469,10.0
'Tsunami Evakuierung',-0.14151244672249258,0.950219652126428,-0.35696155725820256,0.1026914634012777,5.0
'Tsunami Frühwarnsystem',0.3166853112032887,1.0243612059388307,-0.26344536354238657,0.24196945471716205,6.0
'Tsunami Schäden',-0.11977450416441086,0.11482846395603565,-0.1923867294477509,0.178832378216577,3.0
'Tsunami Tote',-0.4488288942329694,0.7864637957255556,0.6553825773737525,1.3091242007061512,5.0
'Tsunami Warnung',0.21032934474776574,0.9285936445203254,0.17267329842837098,1.245862377482995,18.0
'Tsunami',-0.04597131797538285,0.9215381279045227,-0.019576386730032137,0.907444511475376,102.0
