week,sentiment_mean,sentiment_std,subjectivity_mean,subjectivity_std,counting
2025-42,0.32935084319504715,0.21690776282676374,-0.25,0.3535533905932738,3.0
2025-43,-0.43534486888005625,1.0,,1.0,1.0
2025-44,-0.4967764655263458,0.6981932275028532,1.5000000000000002,1.0,3.0
2025-45,-1.3604367682497434,1.0,,1.0,1.0
2025-46,0.41398348836490606,0.7478722694891585,-0.5,1.0,2.0
2025-47,1.3805653445473376,1.0,,1.0,1.0
2025-48,0.4455577156150523,0.9908285027541002,1.1547005383792517,1.0,4.0
2025-49,-0.026828568380752996,0.7508137093905526,-0.20683756729740643,0.2864592797545811,27.0
