keyword,sentiment_mean,sentiment_std,subjectivity_mean,subjectivity_std,counting
'Seebeben',0.16660051392288877,1.0118575706317534,0.052626819341065056,0.942459673452996,10.0
'Tsunami Evakuierung',-0.14151244672249258,0.950219652126428,-0.35696155725820256,0.1026914634012777,5.0
'Tsunami Frühwarnsystem',0.3042924049935617,1.0164084518880168,-0.24744922629410185,0.2149025582882971,6.0
'Tsunami Schäden',-0.11977450416441086,0.11482846395603565,-0.1923867294477509,0.178832378216577,3.0
'Tsunami Tote',-0.4488288942329694,0.7864637957255556,0.6553825773737525,1.3091242007061512,5.0
'Tsunami Warnung',0.21878023787548428,0.9189026823118466,0.16764502296974143,1.2123665911118975,18.0
'Tsunami',-0.04706630776535574,0.9221624618699832,-0.02148960773025437,0.9137767382092701,100.0
