topic,sentiment_mean,sentiment_std,subjectivity_mean,subjectivity_std,counting
Causes,0.1856685027463878,0.9296013828316733,0.19613953316815674,1.222005272688972,18.0
Hazard,0.036169912119526554,1.0022568225204147,-0.07016577325532414,0.8916188046626495,950.0
Impacts,-0.05359766302917495,0.9347628824671257,0.19588745434819885,1.2058464838229814,273.0
Mitigation,-0.3078832205529926,0.8995418801202008,0.14564817284713655,1.0827516226997511,71.0
