topic,sentiment_mean,sentiment_std,subjectivity_mean,subjectivity_std,counting
Adaptation,-0.23955316117127012,0.6343490625794628,-0.16666666666666666,0.2886751345948129,4.0
Causes,0.5160026763823969,1.2970163895945643,0.3954972243679029,1.2664243197685507,2.0
Hazard,0.01643178423286947,0.8512450984795329,-0.0845412977040069,0.7855813426251763,48.0
Impacts,-0.13599562627112552,0.49489251678130763,0.6206024398552664,0.5821903332546862,3.0
Mitigation,-0.023988733814783735,0.9446151751667388,-0.4076158311858428,0.35464630443585854,12.0
