keyword,sentiment_mean,sentiment_std,subjectivity_mean,subjectivity_std,counting
'Seebeben',-0.9806085723261286,1.0,,1.0,1.0
'Tsunami Evakuierung',-0.5826787561809079,0.9721952076113737,,1.0,2.0
'Tsunami Frühwarnsystem',-0.3364351560842452,0.5363576123034012,0.0,0.0,4.0
'Tsunami Tote',-0.13599562627112552,0.49489251678130763,0.6206024398552664,0.5821903332546862,3.0
'Tsunami Warnung',0.05157619659230709,0.9335104213966691,-0.3415212882298612,0.302839035124917,10.0
'Tsunami',0.07718691931699775,0.8498168601791258,-0.0930270505418017,0.7546064408137505,46.0
