topic,sentiment_mean,sentiment_std,subjectivity_mean,subjectivity_std,counting
Adaptation,0.3166853112032887,1.0243612059388307,-0.26344536354238657,0.24196945471716205,6.0
Causes,0.17262074352229362,1.013756278100947,0.04302913699209422,0.9495096662523469,10.0
Hazard,-0.04597131797538285,0.9215381279045227,-0.019576386730032137,0.907444511475376,102.0
Impacts,-0.32543349795725995,0.6214604164513339,0.29205287445025097,1.0358136607840578,8.0
Mitigation,0.13384199877597044,0.9233077941208955,0.05497666383135464,1.113621379269909,23.0
