topic,sentiment_mean,sentiment_std,subjectivity_mean,subjectivity_std,counting
Adaptation,0.30147050746286924,1.0213777521909586,-0.2597108551781611,0.22784774731440144,6.0
Causes,-0.15537579304191462,1.005291929145495,0.17621881429448574,1.01314227100884,7.0
Hazard,-0.024390203085482714,0.9241972637862965,-0.034441140861359944,0.8963620140990985,93.0
Impacts,-0.33595744283473106,0.6704835510320332,0.3996539186241718,1.0909797689685974,7.0
Mitigation,0.1439539717587849,0.8920631855090697,0.04517882813603391,1.087199106915596,23.0
