topic,sentiment_mean,sentiment_std,subjectivity_mean,subjectivity_std,counting
Causes,0.18452423317825278,0.9262543233152186,0.1795888786162786,1.2028626844138754,18.0
Hazard,0.04790447174654035,0.9934427955805389,-0.06755064238989837,0.8940573369271747,955.0
Impacts,-0.08317613167583139,0.9715685880805861,0.1694342937324634,1.1837110693733812,312.0
Mitigation,-0.2914133491365295,0.8897033041373228,0.11957826426272015,1.0686502248416043,75.0
