topic,sentiment_mean,sentiment_std,subjectivity_mean,subjectivity_std,counting
Adaptation,-0.11131744895519348,0.8011165545203626,-0.16798421022632323,0.29095718698132317,4.0
Causes,0.9352176138591958,0.6052415859079279,0.5581162719614977,1.5019922462888593,2.0
Hazard,-0.023206304294415978,0.8935007067057917,0.005121811301789823,0.891725760306979,70.0
Impacts,-0.07350566258520484,0.5897198535788131,0.735702260395516,0.7504087393370317,4.0
Mitigation,-0.006303908253654792,0.8792015161273062,-0.40053884304214366,0.18347590509438697,15.0
