week,sentiment_mean,sentiment_std,subjectivity_mean,subjectivity_std,counting
2025-42,0.44105339059327375,0.37625631329235415,-0.35355339059327373,0.49999999999999994,3.0
2025-43,0.7071067811865485,1.0,,1.0,1.0
2025-44,-0.7071067811865474,1.5700924586837752e-16,0.7071067811865475,1.0,3.0
2025-45,-0.7071067811865475,1.0,,1.0,1.0
2025-46,0.7071067811865476,1.0,,1.0,1.0
