keyword,sentiment_mean,sentiment_std,subjectivity_mean,subjectivity_std,counting
'Tsunami Evakuierung',-0.5691141741844308,0.642437778025402,,1.0,2.0
'Tsunami Tote',0.13245323570650433,1.0,1.1547005383792517,1.0,1.0
'Tsunami Warnung',0.17100472418144047,0.8459695439802727,-0.3591167563965419,0.3133997440642012,10.0
'Tsunami',0.009105558764871903,0.7924826855663841,-0.008594474354402835,0.6207524213030181,29.0
