keyword,sentiment_mean,sentiment_std,subjectivity_mean,subjectivity_std,counting
'Seebeben',0.17787728247544876,1.0389044373973637,0.04568545173665188,0.9480863342265796,10.0
'Tsunami Evakuierung',-0.15357478554479956,0.9673274061243267,-0.3503207703968084,0.09742109796747542,5.0
'Tsunami Frühwarnsystem',0.30964533215207096,1.0371479970662227,-0.26254721229005545,0.24215683267000992,6.0
'Tsunami Schäden',-0.292465324806423,0.3168171693609111,-0.22199976171152602,0.15862268734237472,4.0
'Tsunami Tote',-0.4568289771225171,0.798254657984769,0.656729804252249,1.3079203230026497,5.0
'Tsunami Warnung',0.20757003719977493,0.9229211052108327,0.18786297823860884,1.2731612599340099,18.0
'Tsunami',-0.035608404929121235,0.9231635752577895,-0.01853134862407154,0.9106474150418207,105.0
