keyword,sentiment_mean,sentiment_std,subjectivity_mean,subjectivity_std,counting
'Seebeben',0.5160026763823969,1.2970163895945643,0.3954972243679029,1.2664243197685507,2.0
'Tsunami Evakuierung',-0.5264917435209584,1.0516556429443031,,1.0,2.0
'Tsunami Frühwarnsystem',-0.23955316117127012,0.6343490625794628,-0.16666666666666666,0.2886751345948129,4.0
'Tsunami Tote',-0.13599562627112552,0.49489251678130763,0.6206024398552664,0.5821903332546862,3.0
'Tsunami Warnung',0.0765118681264512,0.9488750222083779,-0.4076158311858428,0.35464630443585854,10.0
'Tsunami',0.01643178423286947,0.8512450984795329,-0.0845412977040069,0.7855813426251763,48.0
