keyword,sentiment_mean,sentiment_std,subjectivity_mean,subjectivity_std,counting
'Seebeben',0.344904263600389,1.0797390927703534,-0.06935116379787204,0.905142144191696,11.0
'Tsunami Evakuierung',-0.05542428703328126,1.0573666817819343,-0.41307360564785073,0.08369227977719347,5.0
'Tsunami Frühwarnsystem',0.3493625264484057,0.9175743221798188,-0.12053056988623068,0.6083266872565236,10.0
'Tsunami Schäden',-0.23378503344629128,0.7816365366021504,0.054969404998896014,0.658300243259929,12.0
'Tsunami Tote',-0.07141849997794583,0.8835548316627251,0.9836465378849375,1.6189978820494217,11.0
'Tsunami Warnung',0.15447994711547375,0.9605985835603323,0.10593865799465498,1.3818980334712063,22.0
'Tsunami',-0.05367055578020302,0.9337231703407795,-0.07631497609984139,0.8019554514761273,131.0
