topic,sentiment_mean,sentiment_std,subjectivity_mean,subjectivity_std,counting
Hazard,-0.006960678118654651,0.7260277573207121,4.4408920985006264e-17,0.7071067811865476,10.0
Mitigation,0.7071067811865476,1.0,,1.0,1.0
