topic,sentiment_mean,sentiment_std,subjectivity_mean,subjectivity_std,counting
Adaptation,-0.3364351560842452,0.5363576123034012,0.0,0.0,4.0
Causes,-0.9806085723261286,1.0,,1.0,1.0
Hazard,0.07718691931699775,0.8498168601791258,-0.0930270505418017,0.7546064408137505,46.0
Impacts,-0.13599562627112552,0.49489251678130763,0.6206024398552664,0.5821903332546862,3.0
Mitigation,-0.054132962203228746,0.9272934447090332,-0.3415212882298612,0.302839035124917,12.0
