topic,sentiment_mean,sentiment_std,subjectivity_mean,subjectivity_std,counting
Adaptation,0.31020722344605295,1.023895308348177,-0.25481638939697243,0.2246446438725625,6.0
Causes,0.1760404489178732,1.0907433822965449,0.023133566351259398,0.9036292286597857,10.0
Hazard,-0.0498864155823923,0.9160311221403823,-0.01709190016680151,0.9199124064100487,96.0
Impacts,-0.3412440250285266,0.6209272143334732,0.2902796196494632,1.0371129195266577,8.0
Mitigation,0.14389317927937745,0.909632489422483,0.04627540825928437,1.0869705002649923,23.0
