topic,sentiment_mean,sentiment_std,subjectivity_mean,subjectivity_std,counting
Adaptation,-0.29558374344716826,0.4556058186187708,0.0,0.0,4.0
Causes,-0.9806085723261286,1.0,,1.0,1.0
Hazard,0.07890216972282312,0.8625291123342423,-0.11206529291088185,0.7632630525368173,39.0
Impacts,-0.13599562627112552,0.49489251678130763,0.6206024398552664,0.5821903332546862,3.0
Mitigation,-0.028298960632938158,0.8574354797836646,-0.3591167563965419,0.3133997440642012,12.0
