keyword,sentiment_mean,sentiment_std,subjectivity_mean,subjectivity_std,counting
'Seebeben',0.2721203081061364,1.0519505868602863,0.013067385572102347,0.9058711155196524,11.0
'Tsunami Evakuierung',-0.15357478554479956,0.9673274061243267,-0.3503207703968084,0.09742109796747542,5.0
'Tsunami Frühwarnsystem',0.30964533215207096,1.0371479970662227,-0.26254721229005545,0.24215683267000992,6.0
'Tsunami Schäden',-0.292465324806423,0.3168171693609111,-0.22199976171152602,0.15862268734237472,4.0
'Tsunami Tote',-0.4568289771225171,0.798254657984769,0.656729804252249,1.3079203230026497,5.0
'Tsunami Warnung',0.1909110298232392,0.9298714966282272,0.20062962632355213,1.3001361952047281,18.0
'Tsunami',-0.043491317282178504,0.9143153879022553,-0.014449558512727266,0.9065137307347151,107.0
