topic,sentiment_mean,sentiment_std,subjectivity_mean,subjectivity_std,counting
Adaptation,0.3042924049935617,1.0164084518880168,-0.24744922629410185,0.2149025582882971,6.0
Causes,0.16660051392288877,1.0118575706317534,0.052626819341065056,0.942459673452996,10.0
Hazard,-0.04706630776535574,0.9221624618699832,-0.02148960773025437,0.9137767382092701,100.0
Impacts,-0.32543349795725995,0.6214604164513339,0.29205287445025097,1.0358136607840578,8.0
Mitigation,0.14045574122375018,0.9163693503738094,0.051065782919087206,1.0845350775772082,23.0
