keyword,sentiment_mean,sentiment_std,subjectivity_mean,subjectivity_std,counting
'Seebeben',-0.9806085723261286,1.0,,1.0,1.0
'Tsunami Evakuierung',-0.6055033806581395,0.6938998873445157,,1.0,2.0
'Tsunami Frühwarnsystem',-0.29558374344716826,0.4556058186187708,0.0,0.0,4.0
'Tsunami Tote',-0.13599562627112552,0.49489251678130763,0.6206024398552664,0.5821903332546862,3.0
'Tsunami Warnung',0.08714192337210211,0.8696141357752767,-0.3591167563965419,0.3133997440642012,10.0
'Tsunami',0.07890216972282312,0.8625291123342423,-0.11206529291088185,0.7632630525368173,39.0
