keyword,sentiment_mean,sentiment_std,subjectivity_mean,subjectivity_std,counting
'Tsunami Evakuierung',0.7071067811865476,1.0,,1.0,1.0
'Tsunami',-0.05912297568739406,0.7499304354165801,5.551115123125783e-17,0.816496580927726,9.0
