topic,sentiment_mean,sentiment_std,subjectivity_mean,subjectivity_std,counting
Hazard,-0.05912297568739406,0.7499304354165801,5.551115123125783e-17,0.816496580927726,9.0
Mitigation,0.7071067811865476,1.0,,1.0,1.0
