keyword,sentiment_mean,sentiment_std,subjectivity_mean,subjectivity_std,counting
'Seebeben',0.6952750216427683,0.883736287976568,0.5083182569614209,1.351326105030369,2.0
'Tsunami Evakuierung',0.03735103286706502,0.8931163295378775,-0.5,1.0,5.0
'Tsunami Frühwarnsystem',-0.17678752112477386,0.7188893498904054,-0.14907119849998596,0.2581988897471611,4.0
'Tsunami Schäden',-0.042857142857142864,1.0,0.0,1.0,1.0
'Tsunami Tote',-0.2638685406678524,0.43702521075148754,0.735702260395516,0.7504087393370317,3.0
'Tsunami Warnung',-0.016155097781525084,0.9457502452987617,-0.36184668125637326,0.316273679467948,10.0
'Tsunami',0.0014359258339174952,0.8833315269126605,-0.09924913798669266,0.8391598080327128,52.0
