keyword,sentiment_mean,sentiment_std,subjectivity_mean,subjectivity_std,counting
'Seebeben',0.5251720332406427,0.6916749320881191,0.07717883762962413,1.1247549847464824,4.0
'Tsunami Evakuierung',0.03524893749118332,1.0406976305342515,-0.3691479333856714,0.09395425504227901,5.0
'Tsunami Frühwarnsystem',-0.12464724602314166,0.8234452252426683,-0.18662206392882566,0.24047217746189817,4.0
'Tsunami Schäden',-0.043211931167339956,0.0005017464400521601,-0.12126781251816648,0.17149858514250885,2.0
'Tsunami Tote',-0.3730873140046643,0.7726375943979902,0.5309172565382811,1.125166308139659,5.0
'Tsunami Warnung',0.004390905782630175,1.015853059923153,-0.3203900283358247,0.2038440572849332,10.0
'Tsunami',-0.005521079574112806,0.9089676749782195,0.03398484035744119,0.9674948889028826,83.0
