topic,sentiment_mean,sentiment_std,subjectivity_mean,subjectivity_std,counting
Adaptation,0.3493625264484057,0.9175743221798188,-0.12053056988623068,0.6083266872565236,10.0
Causes,0.344904263600389,1.0797390927703534,-0.06935116379787204,0.905142144191696,11.0
Hazard,-0.05367055578020302,0.9337231703407795,-0.07631497609984139,0.8019554514761273,131.0
Impacts,-0.1561314739614304,0.8168260053288118,0.47709537449255135,1.2547350965453266,23.0
Mitigation,0.11560879264348208,0.9613560624789116,0.011572791877835765,1.26050853151926,27.0
