keyword,sentiment_mean,sentiment_std,subjectivity_mean,subjectivity_std,counting
'Seebeben',-0.9806085723261286,1.0,,1.0,1.0
'Tsunami Evakuierung',-0.6055033806581395,0.6938998873445157,,1.0,2.0
'Tsunami Frühwarnsystem',-0.29558374344716826,0.4556058186187708,0.0,0.0,4.0
'Tsunami Tote',-0.13599562627112552,0.49489251678130763,0.6206024398552664,0.5821903332546862,3.0
'Tsunami Warnung',0.034682545754283964,0.9091395675098742,-0.3415212882298612,0.302839035124917,10.0
'Tsunami',0.08784825354556788,0.8606376521620372,-0.10465543185952692,0.8058457188384405,41.0
