week,sentiment_mean,sentiment_std,subjectivity_mean,subjectivity_std,counting
2025-42,0.10158550399897387,0.6453679142416195,-0.28867513459481287,0.408248290463863,3.0
2025-43,-0.5218738685343493,1.0,,1.0,1.0
2025-44,-0.6385201110849738,0.06519543777659845,1.1547005383792517,1.0,3.0
2025-45,-0.7071067811865475,1.0,,1.0,1.0
2025-46,0.9309036597828995,0.316496580927726,-0.5773502691896257,1.0,2.0
2025-47,0.4625,1.0,0.0,1.0,1.0
2025-48,0.38432571713769903,0.6802343497356039,0.2,0.28284271247461906,3.0
