topic,sentiment_mean,sentiment_std,subjectivity_mean,subjectivity_std,counting
Causes,0.18367010334118328,0.9312693232138777,0.18499309648737475,1.2080265577369396,18.0
Hazard,0.03643134293013027,1.0007601091009442,-0.07210937844789231,0.8900749322977858,952.0
Impacts,-0.05349654020233158,0.9413824512305068,0.1999853216269147,1.2058966772750064,278.0
Mitigation,-0.3085202249090623,0.898937652384175,0.14653727977673137,1.0854776201891316,71.0
