keyword,sentiment_mean,sentiment_std,subjectivity_mean,subjectivity_std,counting
'Seebeben',0.9352176138591958,0.6052415859079279,0.5581162719614977,1.5019922462888593,2.0
'Tsunami Evakuierung',0.049308246849247714,0.9258767131315344,-0.43883219364257536,0.052972874199297054,5.0
'Tsunami Frühwarnsystem',-0.11131744895519348,0.8011165545203626,-0.16798421022632323,0.29095718698132317,4.0
'Tsunami Schäden',-0.042857142857142864,1.0,0.0,1.0,1.0
'Tsunami Tote',-0.08372183582789217,0.7218227188050937,1.103553390593274,0.5606601717798214,3.0
'Tsunami Warnung',-0.024241168045719123,0.8982608418398144,-0.3466872416224405,0.3009074078145445,10.0
'Tsunami',-0.025340139385338065,0.8910281603457205,-0.008213387144860126,0.880430700699397,68.0
