keyword,sentiment_mean,sentiment_std,subjectivity_mean,subjectivity_std,counting
'Seebeben',-0.9806085723261286,1.0,,1.0,1.0
'Tsunami Evakuierung',-0.6686280405560981,0.7831716374923979,,1.0,2.0
'Tsunami Frühwarnsystem',-0.0377157143202358,1.0,,1.0,1.0
'Tsunami Tote',-0.13599562627112552,0.49489251678130763,0.6206024398552664,0.5821903332546862,3.0
'Tsunami Warnung',0.17268383864424,0.8460148210508123,-0.3591167563965419,0.3133997440642012,10.0
'Tsunami',0.04176956141806676,0.8337629124051404,-0.09805713129702162,0.7077541668997509,33.0
