topic,sentiment_mean,sentiment_std,subjectivity_mean,subjectivity_std,counting
Adaptation,0.30964533215207096,1.0371479970662227,-0.26254721229005545,0.24215683267000992,6.0
Causes,0.2721203081061364,1.0519505868602863,0.013067385572102347,0.9058711155196524,11.0
Hazard,-0.043491317282178504,0.9143153879022553,-0.014449558512727266,0.9065137307347151,107.0
Impacts,-0.38377846498203083,0.6031164478438181,0.21736502127036153,0.9821100814781395,9.0
Mitigation,0.11602280909105689,0.9270306698543026,0.07819620483013869,1.1618302660294964,23.0
