keyword,sentiment_mean,sentiment_std,subjectivity_mean,subjectivity_std,counting
'Seebeben',-0.15537579304191462,1.005291929145495,0.17621881429448574,1.01314227100884,7.0
'Tsunami Evakuierung',-0.13934332277954525,0.9036316751756212,-0.351554894438437,0.08625730875659508,5.0
'Tsunami Frühwarnsystem',0.30147050746286924,1.0213777521909586,-0.2597108551781611,0.22784774731440144,6.0
'Tsunami Schäden',-0.0537788143391351,0.015445575933616878,-0.11180339887498947,0.15811388300841894,2.0
'Tsunami Tote',-0.4488288942329694,0.7864637957255556,0.6553825773737525,1.3091242007061512,5.0
'Tsunami Warnung',0.2226476646860988,0.8986307177880586,0.15853132030016845,1.2172553517002191,18.0
'Tsunami',-0.024390203085482714,0.9241972637862965,-0.034441140861359944,0.8963620140990985,93.0
