topic,sentiment_mean,sentiment_std,subjectivity_mean,subjectivity_std,counting
Adaptation,-0.11131744895519348,0.8011165545203626,-0.16798421022632323,0.29095718698132317,4.0
Causes,0.9352176138591958,0.6052415859079279,0.5581162719614977,1.5019922462888593,2.0
Hazard,-0.025340139385338065,0.8910281603457205,-0.008213387144860126,0.880430700699397,68.0
Impacts,-0.07350566258520484,0.5897198535788131,0.735702260395516,0.7504087393370317,4.0
Mitigation,0.00027530358593649276,0.8745968594958454,-0.39275971763250794,0.19971921551588154,15.0
