topic,sentiment_mean,sentiment_std,subjectivity_mean,subjectivity_std,counting
Adaptation,-0.23955316117127012,0.6343490625794628,-0.16666666666666666,0.2886751345948129,4.0
Causes,0.4595222678208073,1.217141029798391,0.4819250547113998,1.388651729606805,2.0
Hazard,0.01563208257242384,0.8816391713324679,-0.09867425880365706,0.8159156213378165,51.0
Impacts,-0.2638685406678524,0.43702521075148754,0.735702260395516,0.7504087393370317,3.0
Mitigation,0.0016802791013382852,0.8964279060626232,-0.39638501094227996,0.26731556586320543,15.0
