topic,sentiment_mean,sentiment_std,subjectivity_mean,subjectivity_std,counting
Adaptation,0.30964533215207096,1.0371479970662227,-0.26254721229005545,0.24215683267000992,6.0
Causes,0.17787728247544876,1.0389044373973637,0.04568545173665188,0.9480863342265796,10.0
Hazard,-0.041211549723180696,0.9207716359870113,-0.01987673032312174,0.9111038866015843,105.0
Impacts,-0.3380152011295301,0.627831608719447,0.29359256231139,1.0349223607151996,8.0
Mitigation,0.12203618997591992,0.9231853204554117,0.057350545497328875,1.1127258414603418,23.0
