keyword,sentiment_mean,sentiment_std,subjectivity_mean,subjectivity_std,counting
'Seebeben',0.3376622421542396,1.0833458754870293,-0.030558309077949066,0.9476580074875764,11.0
'Tsunami Evakuierung',-0.05985863455011533,1.039170637303517,-0.3806680616980705,0.11644119107426384,5.0
'Tsunami Frühwarnsystem',0.34270289275558036,0.9101087779559468,-0.09561384283374946,0.5978088972181658,10.0
'Tsunami Schäden',-0.43852682287302647,0.529553305888704,-0.06133131401479216,0.3999405890886362,9.0
'Tsunami Tote',-0.0774340366337888,0.9219799110744317,0.8632101836340477,1.7104151239841008,10.0
'Tsunami Warnung',0.17710145062398075,0.954381646120966,0.10967382934141282,1.3340412281895786,22.0
'Tsunami',-0.04755746338085081,0.9337889558776921,-0.054578003233619575,0.8273389315834966,131.0
