keyword,sentiment_mean,sentiment_std,subjectivity_mean,subjectivity_std,counting
'Seebeben',0.1760404489178732,1.0907433822965449,0.023133566351259398,0.9036292286597857,10.0
'Tsunami Evakuierung',-0.15431717701870945,0.9356220270625909,-0.36006475315958125,0.10274167962015106,5.0
'Tsunami Frühwarnsystem',0.31020722344605295,1.023895308348177,-0.25481638939697243,0.2246446438725625,6.0
'Tsunami Schäden',-0.16193590968778848,0.18765168459338072,-0.1965243239829225,0.18448009500602494,3.0
'Tsunami Tote',-0.4488288942329694,0.7864637957255556,0.6553825773737525,1.3091242007061512,5.0
'Tsunami Warnung',0.22672938936217937,0.9118105252141727,0.16237259723610314,1.215438069055761,18.0
'Tsunami',-0.0498864155823923,0.9160311221403823,-0.01709190016680151,0.9199124064100487,96.0
