topic,sentiment_mean,sentiment_std,subjectivity_mean,subjectivity_std,counting
Hazard,0.0058661015677877,0.7238607548309497,3.700743415417188e-17,0.6324555320336759,12.0
Impacts,-0.13999999999999999,1.0,0.4,1.0,1.0
Mitigation,0.7071067811865476,1.0,,1.0,1.0
