0,1,2,3,4,word,summary
44244.80599444456,6.179123732571615,0.009799092320417925,0.00019902801219748268,0.0010560206029167386,summaryOfAllWords,39814.46294301418
-7.432068043166991,0.7565238258887022,-0.042288319874836236,-0.025073166966101342,-0.019780003923994448,Doku,3.6784500737357497
-7.371057462620519,0.7260671991919423,-0.05959150591558929,-0.02487698043374514,-0.018506782557416168,Atombombe,3.7463633935889686
-7.371057462620519,0.7260671991919423,-0.05959150591558929,-0.02487698043374514,-0.018506782557416168,doku atom+bombe,3.7463633935889686
-7.248072034649396,0.6646126020009306,-0.09347965024639152,-0.024484328071216862,-0.016029471806265468,fürs,3.88330479147377
-7.248072034649396,0.6646126020009306,-0.09347965024639152,-0.024484328071216862,-0.016029471806265468,atom+bombe für,3.88330479147377
-7.173165778933542,0.6271488427489682,-0.11350156745120282,-0.024247315794551104,-0.014575873934129006,Gehirn,3.9667354118301743
-7.173165778933542,0.6271488427489682,-0.11350156745120282,-0.024247315794551104,-0.014575873934129006,für gehirn,3.9667354118301743
112.92753421325443,-57.64992773213303,1.4477527641738974,0.010651914181798207,-0.09257327525241846,Die,137.46805439198053
-7.046985923499661,0.5639932134972439,-0.1462325402511208,-0.02385222528423855,-0.012215550433975292,gehirn der,4.107310726317056
-6.959931993794573,0.5203916449279549,-0.16812277197800896,-0.023582936071614456,-0.010647965334237827,Arte-Dokumentation,4.204319744289842
-6.959931993794573,0.5203916449279549,-0.16812277197800896,-0.023582936071614456,-0.010647965334237827,der arte+-+dokumentation,4.204319744289842
25.144876644657472,-15.076377495056155,0.021738085521741883,0.012410141654284808,0.032481838352938254,Der,39.895721949856075
-6.154911706449223,0.11660461979713999,-0.34795092802962657,-0.021237054715551134,0.0019007096446319906,arte+-+dokumentation der,5.102001080688203
-5.806893183836208,-0.058045996809949596,-0.4152860313683788,-0.020306441437235305,0.00644920484624914,digitale,5.490276371447571
-5.806893183836208,-0.058045996809949596,-0.4152860313683788,-0.020306441437235305,0.00644920484624914,der digital+e,5.490276371447571
387.97412357312186,-191.34681863054516,3.5860353132187264,-0.003941378303521238,-0.5701084013896307,Tsunami,443.28543893450757
-3.6859285090303455,-1.120426736395808,-0.7366604203529551,-0.015583892092092143,0.026991804165215308,digital+e tsunami,7.857067079181015
1.5640270266240446,-3.730913845365334,-1.2016807672060275,-0.008421107080062383,0.05298505470884026,zeigt,13.712187004609408
-5.806893183836208,-0.058045996809949596,-0.4152860313683788,-0.020306441437235305,0.00644920484624914,tsunami zeig+t,5.490276371447571
-6.500936667105192,0.2902446048101752,-0.2752186555744107,-0.02221239001511564,-0.003104317456967716,verstörende,4.716042989165095
-6.500936667105192,0.2902446048101752,-0.2752186555744107,-0.02221239001511564,-0.003104317456967716,zeig+t verstörend+e,4.716042989165095
-6.91112725884391,0.4959386353430484,-0.18015930795807203,-0.023433206017348558,-0.009789747430214518,Weise,4.258713027574234
-6.91112725884391,0.4959386353430484,-0.18015930795807203,-0.023433206017348558,-0.009789747430214518,verstörend+e weise,4.258713027574234
-6.164166284705051,0.1212491521975716,-0.3460846332700837,-0.021262485582965302,0.0017734737772995383,Big,5.091677063909233
-7.248072034649396,0.6646126020009306,-0.09347965024639152,-0.024484328071216862,-0.016029471806265468,weise big,3.88330479147377
-7.301003299036282,0.6910709361145071,-0.07905306928236257,-0.024652818445206642,-0.017081467301074793,Tech,3.8243606612778316
-7.301003299036282,0.6910709361145071,-0.07905306928236257,-0.024652818445206642,-0.017081467301074793,big tech,3.8243606612778316
-7.402566860067086,0.7417994505215084,-0.050697110518665364,-0.024978199017235723,-0.01916055405867885,Gesellschaft,3.7112872057158883
-7.402566860067086,0.7417994505215084,-0.050697110518665364,-0.024978199017235723,-0.01916055405867885,tech gesellschaft,3.7112872057158883
-7.518351057765447,0.7995572901419703,-0.01723038792747433,-0.025351887011058113,-0.021633893464869422,bedrohen,3.582431125760644
-7.518351057765447,0.7995572901419703,-0.01723038792747433,-0.025351887011058113,-0.021633893464869422,gesellschaft bedroh+en,3.582431125760644
-7.590108728493905,0.8353067225339326,0.004156758093268979,-0.025584538372601,-0.023225682653939553,Haben,3.5026021863658774
9.356844779655624,-7.574472829346973,-1.5568923744341647,0.02733172170882666,0.0763841979200625,Sie,22.39471075314095
-7.62778535223341,0.854061082913554,0.015593357311846981,-0.02570689861862884,-0.024080488508480574,hab+en sie,3.4606978812173974
-7.651037390438062,0.8656293784886466,0.02272460641732023,-0.02578245633366231,-0.024614779811840556,jüngst,3.4348404437423445
-7.651037390438062,0.8656293784886466,0.02272460641732023,-0.02578245633366231,-0.024614779811840556,sie jüngst,3.4348404437423445
-7.6886138857939414,0.8843142738485195,0.03436961137077145,-0.025904595574446534,-0.025489376372064693,mal,3.3930597333748627
-7.6886138857939414,0.8843142738485195,0.03436961137077145,-0.025904595574446534,-0.025489376372064693,jüngst mal,3.3930597333748627
-7.70850684038872,0.8942007741480817,0.04059579341333196,-0.025969257286024176,-0.025958077371685408,versucht,3.3709443104826553
-7.70850684038872,0.8942007741480817,0.04059579341333196,-0.025969257286024176,-0.025958077371685408,mal versuch+t,3.3709443104826553
-5.876542455250156,-0.02309569232474118,-0.4022101848677587,-0.021055523552705305,0.006546689007277728,Tag,5.412564192364294
-7.778648607035695,0.9290290097823202,0.06289725945772767,-0.02619711028930729,-0.027643148151704974,versuch+t tag,3.2929851604302245
-7.826737933918553,0.9528770521244432,0.07851023456571618,-0.026353039418641984,-0.028828688717120174,Einfluss,3.239554389557082
-7.826737933918553,0.9528770521244432,0.07851023456571618,-0.026353039418641984,-0.028828688717120174,tag einflus+s,3.239554389557082
-6.515474157358072,0.2975382556954336,-0.272022910990912,-0.022254469708655866,-0.0033264173541152076,künstlicher,4.69983057699973
-7.868694335457054,0.9736617780545409,0.0923544080231392,-0.02648875584274363,-0.02988397809420714,einflus+s künstlich+er,3.192950734968878
-5.626460143586613,-0.14857830753827317,-0.44816991262907857,-0.019843264723726925,0.008640595709415388,Intelligenz,5.691604599783279
-6.655156850416207,0.36760820723424814,-0.24069497152622332,-0.02266329368397155,-0.005513424487093431,künstlich+er intelligenz,4.544068686696317
-7.379921564168908,0.7304934980837796,-0.057098340030879505,-0.024905431530202464,-0.018689889372942158,großen,3.736495513039431
-7.943507662044404,1.0106679750854226,0.11757376476456902,-0.026729631724689902,-0.03181625072424091,intelligenz groß+en,3.1098832043854263
-7.959604117300103,1.0186200539095331,0.12309193666792415,-0.026781214575587853,-0.03224076231830166,Tech-Unternehmen,3.0920165901951187
-7.959604117300103,1.0186200539095331,0.12309193666792415,-0.026781214575587853,-0.03224076231830166,groß+en tech+-+unternehmen,3.0920165901951187
-8.001125856081362,1.0391153593275702,0.13748161380842497,-0.026913780640151555,-0.03335067929385401,leben,3.045938665611371
-8.001125856081362,1.0391153593275702,0.13748161380842497,-0.026913780640151555,-0.03335067929385401,tech+-+unternehmen leb+en,3.045938665611371
-8.014300767599554,1.0456130591907868,0.1420950154741747,-0.02695567792442712,-0.033707422565582026,Plötzlich,3.0313211967970175
-8.03885402865482,1.0577150456525983,0.15075497510741476,-0.027033519850388245,-0.03437826034659342,Google,3.0040837056654985
-8.03885402865482,1.0577150456525983,0.15075497510741476,-0.027033519850388245,-0.03437826034659342,plötzlich googel+e,3.0040837056654985
-8.050320870111685,1.063363527794558,0.15482742189494958,-0.02706975923588945,-0.034694265389204754,tabu,2.9913651827653887
-8.050320870111685,1.063363527794558,0.15482742189494958,-0.02706975923588945,-0.034694265389204754,googel+e tabu,2.9913651827653887
-8.067366839539158,1.0717561572761205,0.16091475649298645,-0.0271234863157878,-0.035167258685646574,Netflix-Algorithmus,2.972460832727447
-8.067366839539158,1.0717561572761205,0.16091475649298645,-0.0271234863157878,-0.035167258685646574,tabu netflix-algorithmu+s,2.972460832727447
-4.906833269109697,-0.5094179009832258,-0.5676130010747822,-0.018118719726397108,0.016432487907794516,neue,6.4946458647121235
-8.10868714478758,1.092079229578246,0.1758396081790711,-0.027252938992653807,-0.03633020508045101,netflix-algorithmu+s neu+e,2.9266475185048515
-8.114938422978405,1.0951511775735114,0.17811870874083777,-0.02727241882443758,-0.036508203224617,Serie,2.9197180018724795
-8.114938422978405,1.0951511775735114,0.17811870874083777,-0.02727241882443758,-0.036508203224617,neu+e serie,2.9197180018724795
-8.126966034480066,1.1010596219039699,0.1825196129468205,-0.02730981522346015,-0.03685222353805625,+330,2.9063865852973922
-8.126966034480066,1.1010596219039699,0.1825196129468205,-0.02730981522346015,-0.03685222353805625,serie +330,2.9063865852973922
111.53092478875075,-56.93981179765347,1.849820757098878,0.014281123442837914,-0.10646253063761468,chars,135.90781213528976
-8.13275558294565,1.103902701194782,0.1846454940661549,-0.0273277759566714,-0.03701855051711254,+330 chars,2.8999699862360364
-4.748210532614995,-0.5888919135559512,-0.5917300975584413,-0.017763283189447063,0.01797323550821317,Berlin,6.6716612115731975
-7.502403587473816,0.7916072467476316,-0.021914982444572465,-0.025300275740173118,-0.021286399982181667,berlin tag,3.600175622731439
-7.450723193976275,0.7658321093764375,-0.03692979350158561,-0.025133313307353418,-0.020175447717400243,Macht,3.6576872437363703
-7.450723193976275,0.7658321093764375,-0.03692979350158561,-0.025133313307353418,-0.020175447717400243,tag macht,3.6576872437363703
-7.381797859743785,0.7314303724993203,-0.05656970585911196,-0.024911456253208116,-0.018728729143058495,Mossad,3.7344067821695512
-7.381797859743785,0.7314303724993203,-0.05656970585911196,-0.024911456253208116,-0.018728729143058495,macht mossad,3.7344067821695512
-7.288284957417943,0.6847147154019153,-0.08254099781970745,-0.024612261133100662,-0.016826769492119288,Meinung,3.8385229241385037
-7.288284957417943,0.6847147154019153,-0.08254099781970745,-0.024612261133100662,-0.016826769492119288,mossad meinung,3.8385229241385037
-7.156820355355483,0.6189708148761885,-0.11781084954056065,-0.02419583270356509,-0.014263989947838937,Moralgewitter,3.98494317572481
-7.156820355355483,0.6189708148761885,-0.11781084954056065,-0.02419583270356509,-0.014263989947838937,meinung moral+gewitter,3.98494317572481
-1.3544799306917064,-2.282760771392828,-0.9817393524183302,-0.011759971661464847,0.04120923277447813,Friedrich,10.458002159533063
-6.829849693651472,0.4552033750114297,-0.19984260701934695,-0.023185896717516058,-0.008391994631312863,moral+gewitter friedrich,4.349308397722342
-0.8769013348776387,-2.5202009047676612,-1.023057029988171,-0.011100792314410678,0.043460672567521674,Merz,10.990633019238881
-1.442504263142224,-2.2389748586933647,-0.9738485536545414,-0.011885412112470836,0.040774066543767286,friedrich merz,10.359825360648749
-5.907161573858059,-0.007729970283304688,-0.3964344024483993,-0.020569471191187648,0.005184051495820723,Stadtbild-Tsunami,5.378402402003857
-5.907161573858059,-0.007729970283304688,-0.3964344024483993,-0.020569471191187648,0.005184051495820723,merz stadtbild-tsunami,5.378402402003857
-6.829849693651472,0.4552033750114297,-0.19984260701934695,-0.023185896717516058,-0.008391994631312863,stadtbild-tsunami friedrich,4.349308397722342
-4.0913194839502065,-0.9177275767612523,-0.6844716791257046,-0.016376720117964497,0.023792793658386435,Stadtbild,7.404705497642533
-4.0913194839502065,-0.9177275767612523,-0.6844716791257046,-0.016376720117964497,0.023792793658386435,merz stadt+bild,7.404705497642533
-5.385299093336972,-0.2695497237324078,-0.49017312916188127,-0.019244017521933287,0.011410892533093091,Designer-Handschuhe,5.960709716211311
-5.385299093336972,-0.2695497237324078,-0.49017312916188127,-0.019244017521933287,0.011410892533093091,stadt+bild designer+-+hand+schuh+e,5.960709716211311
-5.020485278572997,-0.4524600000385397,-0.5498771788430216,-0.018378651011275636,0.015292351559841407,Politik,6.36781596289922
-6.059967330931887,0.06895545989273,-0.36686288456590216,-0.020978217763955916,0.0031864981966199385,designer+-+hand+schuh+e politik,5.207920643534224
-6.272146253094996,0.1754394455623567,-0.3239994463899189,-0.021561858865531892,0.00026303185469335813,Catwalk,4.971224299898096
-6.272146253094996,0.1754394455623567,-0.3239994463899189,-0.021561858865531892,0.00026303185469335813,politik catwalk,4.971224299898096
-6.401595341760048,0.24039948566176417,-0.2967429181438421,-0.021927219059198533,-0.0016132064507222987,Zwischen,4.826836491253488
-6.401595341760048,0.24039948566176417,-0.2967429181438421,-0.021927219059198533,-0.0016132064507222987,catwalk zwischen,4.826836491253488
-6.512479823523643,0.29603597361111555,-0.27268212404142605,-0.022245795163433852,-0.0032805878682250454,GNTM,4.703169878527902
-6.512479823523643,0.29603597361111555,-0.27268212404142605,-0.022245795163433852,-0.0032805878682250454,zwischen gntm,4.703169878527902
-6.578166964625245,0.3289898468606891,-0.25810325021620334,-0.02243695268715849,-0.004295963461315833,politischem,4.629917766429484
-6.578166964625245,0.3289898468606891,-0.25810325021620334,-0.02243695268715849,-0.004295963461315833,gntm politisch+em,4.629917766429484
-6.693782028806324,0.38697989719679526,-0.2318270974077049,-0.022777771524533103,-0.006135711271955113,Wahnsinn,4.5010022128133835
-6.693782028806324,0.38697989719679526,-0.2318270974077049,-0.022777771524533103,-0.006135711271955113,politisch+em wahnsinn,4.5010022128133835
-6.800271826109178,0.4403759684540316,-0.20689639513284885,-0.02309654501507857,-0.007892804476811247,medialer,4.3822802668057355
-6.800271826109178,0.4403759684540316,-0.20689639513284885,-0.02309654501507857,-0.007892804476811247,wahnsinn medial+er,4.3822802668057355
-6.864999569807232,0.4728217775959269,-0.19138482186823533,-0.023292532249455683,-0.008991736170319183,Empörung,4.3101272801931465
-6.864999569807232,0.4728217775959269,-0.19138482186823533,-0.023292532249455683,-0.008991736170319183,medial+er empörung,4.3101272801931465
-6.923699512537089,0.5022383650307103,-0.1770745040695458,-0.023471689963598164,-0.010009445358417177,prallen,4.244700660014619
-6.923699512537089,0.5022383650307103,-0.1770745040695458,-0.023471689963598164,-0.010009445358417177,empörung prall+en,4.244700660014619
-6.9715417086211975,0.5262076628655887,-0.16523490668780588,-0.023618686940014923,-0.01085426666292165,Boulevard,4.191381384551881
-6.9715417086211975,0.5262076628655887,-0.16523490668780588,-0.023618686940014923,-0.01085426666292165,prall+en boulevard,4.191381384551881
-7.031620598421439,0.5562989669297487,-0.15013623936629278,-0.023804493175681125,-0.011935358879708022,Inszenierung,4.124431854945334
-7.031620598421439,0.5562989669297487,-0.15013623936629278,-0.023804493175681125,-0.011935358879708022,boulevard inszenierung,4.124431854945334
-7.10002642133245,0.5905477462571482,-0.13262204863150232,-0.02401763920597315,-0.013194644882018242,Diskurs,4.048213824599114
-7.10002642133245,0.5905477462571482,-0.13262204863150232,-0.02401763920597315,-0.013194644882018242,inszenierung diskurs,4.048213824599114
-6.393690907352313,0.23643311236576592,-0.2984325024090528,-0.02190470696051538,-0.0014965125442716054,Moral,4.835652630959739
-6.393690907352313,0.23643311236576592,-0.2984325024090528,-0.02190470696051538,-0.0014965125442716054,diskurs moral,4.835652630959739
-7.177175411458705,0.6291548060343906,-0.11244124844581227,-0.024259958142905484,-0.014652667100561921,aufeinander,3.9622690538377694
-7.177175411458705,0.6291548060343906,-0.11244124844581227,-0.024259958142905484,-0.014652667100561921,moral aufeinander,3.9622690538377694
-4.847181661804167,-0.5393078484659819,-0.5767677657292023,-0.01798406222662422,0.017018658677055126,Und,6.56121418526204
-3.181726643589016,-1.3722849332063838,-0.7969328458333416,-0.015451824305789738,0.031985127449154695,sagt,8.419649390022748
-8.014300767599554,1.0456130591907868,0.1420950154741747,-0.02695567792442712,-0.033707422565582026,und sag+t,3.0313211967970175
-8.02333243299446,1.0500657799914532,0.14527102302818817,-0.02698434864788592,-0.0339532701475906,eigentlich,3.0213015265375227
-8.02333243299446,1.0500657799914532,0.14527102302818817,-0.02698434864788592,-0.0339532701475906,sag+t eigentlich,3.0213015265375227
-6.236518530735024,0.15755973784244137,-0.33135023507324224,-0.02146254038967493,0.0007667406607009195,größte,5.010966305273219
-8.048713480874206,1.0625718716346348,0.15425547164208236,-0.02706468389392421,-0.034649863678924,eigentlich groß,2.993147954839048
-8.059759625433685,1.0680113359035563,0.15819315460886793,-0.02709953110737872,-0.034955691795985705,Volksphilosoph,2.980897055143764
-8.059759625433685,1.0680113359035563,0.15819315460886793,-0.02709953110737872,-0.034955691795985705,groß volk+s+philosoph,2.980897055143764
-8.08751656688793,1.081670452159505,0.16816268571656387,-0.027186758895451406,-0.03573143709887403,Nation,2.950117977617398
-8.08751656688793,1.081670452159505,0.16816268571656387,-0.027186758895451406,-0.03573143709887403,volk+s+philosoph nation,2.950117977617398
-8.273602167806112,1.172854064815097,0.23792223228071027,-0.027755029894524413,-0.04121831998482014,+7892,2.7439861869487574
-8.273602167806112,1.172854064815097,0.23792223228071027,-0.027755029894524413,-0.04121831998482014,und +7892,2.7439861869487574
-8.277054578625025,1.1745385708351588,0.2392671820372344,-0.02776522795107012,-0.04132513325260754,+7892 chars,2.7401657880405836
-7.1046091679928045,0.5928416471848521,-0.1314361288230022,-0.024031977214932856,-0.013280117464963125,Skistar,4.043108141632757
-2.6732860303194084,-1.6259663422407136,-0.8532521851231416,-0.013784034175095683,0.03392913796618485,Pinturault,8.98690486220097
-6.9360187970204645,0.5084109673532478,-0.1740411477158239,-0.023509458334985224,-0.010225648448121155,ski+star pinturault,4.230970562474075
-6.588558507820697,0.33420267310027496,-0.2557740646076942,-0.022467358617718605,-0.004458539684185116,kritisiert,4.618329986025826
-6.588558507820697,0.33420267310027496,-0.2557740646076942,-0.022467358617718605,-0.004458539684185116,pinturault kritisier+t,4.618329986025826
-5.907161573858059,-0.007729970283304688,-0.3964344024483993,-0.020569471191187648,0.005184051495820723,FIS,5.378402402003857
-5.907161573858059,-0.007729970283304688,-0.3964344024483993,-0.020569471191187648,0.005184051495820723,kritisier+t fis,5.378402402003857
67.04801548764263,-35.35489968535843,1.4957349247236122,0.046274488986593115,-0.03558223562736083,Ein,86.46471446811735
-5.063001622168687,-0.43114929977114747,-0.5431408669052573,-0.018477043438856627,0.014857753634052367,fis ein,6.320370033296823
0.7113585639317108,-3.3084841394014393,-1.1447108099452614,-0.009137137654907713,0.04980411396734449,ein tsunami,12.761624849646967
-2.6882779282827425,-1.6184900020510589,-0.8516523018382992,-0.0138089802368378,0.03383598928611274,Alexis,8.970179496614296
-5.806893183836208,-0.058045996809949596,-0.4152860313683788,-0.020306441437235305,0.00644920484624914,tsunami alexis,5.490276371447571
-4.199373677423228,-0.8636686496008368,-0.6699477206561567,-0.016595819647923022,0.02289265209863204,alexis pinturault,7.2841275297122
-5.008629569949264,-0.4584021963247382,-0.5517456343628668,-0.018351327050052883,0.015412744629343712,kehrt,6.381046308831634
-5.008629569949264,-0.4584021963247382,-0.5517456343628668,-0.018351327050052883,0.015412744629343712,pinturault kehr+t,6.381046308831634
-5.724107119525818,-0.09958599890010289,-0.43053564570964425,-0.020092322415977408,0.007467895602606699,Kitzbühel-Sturz,5.5826479686930055
-5.724107119525818,-0.09958599890010289,-0.43053564570964425,-0.020092322415977408,0.007467895602606699,kehr+t kitzbühel-sturz,5.5826479686930055
-0.718092470302933,-2.599112448976857,-1.036264835622746,-0.010889248467015833,0.044170503321251275,zurück,11.167737185001183
-6.09920460470543,0.08864720941991289,-0.35909858623816765,-0.021084731279905372,0.0026593994825899053,kitzbühel-sturz zurück,5.164146922510981
-6.346654977880627,0.21283023588155725,-0.3084178340685909,-0.021771291637839016,-0.0008079095598067625,Pisten,4.888115077857104
-6.346654977880627,0.21283023588155725,-0.3084178340685909,-0.021771291637839016,-0.0008079095598067625,zurück piste+n,4.888115077857104
-6.500936667105191,0.2902446048101739,-0.2752186555744108,-0.022212390015115685,-0.0031043174569677506,Skiverband,4.7160429891650955
-6.500936667105191,0.2902446048101739,-0.2752186555744108,-0.022212390015115685,-0.0031043174569677506,piste+n ski+verband,4.7160429891650955
-0.8720724641902624,-2.5226006724449888,-1.0234624190967627,-0.011094305314557223,0.043482531929665884,Präsident,10.996018273270725
-6.647906397779954,0.363971664163222,-0.24234947231784487,-0.022641873314142743,-0.0053974803061894935,ski+verband präsident,4.5521530810261845
-6.736771828164844,0.4085380423693008,-0.2218488894197427,-0.022905905366770694,-0.00683761482806336,Johan,4.453072019736365
-6.736771828164844,0.4085380423693008,-0.2218488894197427,-0.022905905366770694,-0.00683761482806336,präsident johan,4.453072019736365
-6.7849615477935625,0.4327002724059743,-0.21052521895062534,-0.02305043169270984,-0.007636347740823009,Eliasch,4.399347992927973
-6.7849615477935625,0.4327002724059743,-0.21052521895062534,-0.02305043169270984,-0.007636347740823009,johan eliasch,4.399347992927973
-6.8441435073509265,0.46236826192229286,-0.19641314402397936,-0.023229201547348366,-0.008635021112555034,greift,4.3333749810629
-6.8441435073509265,0.46236826192229286,-0.19641314402397936,-0.023229201547348366,-0.008635021112555034,eliasch greif+t,4.3333749810629
-6.954041853650107,0.5174407786079578,-0.1695842755320663,-0.02356481742230807,-0.010543617518086315,Sicherheitsdebatte,4.210884081202524
-6.954041853650107,0.5174407786079578,-0.1695842755320663,-0.02356481742230807,-0.010543617518086315,greif+t sicherheit+s+debatte,4.210884081202524
-3.3597077654209384,-1.2247639548519325,-0.09811289006456744,-0.01625609036712659,0.014053111330408666,offenbar,8.205719774808934
-8.189999939359508,1.1319780482357547,0.20593190676628886,-0.02750382778275634,-0.03868925501527668,pinturault offenbar,2.8365453255280855
-8.202856792964806,1.1382743596333367,0.21078062254250385,-0.02754295050701272,-0.0390711646257258,Hof…,2.822305502589975
-8.202856792964806,1.1382743596333367,0.21078062254250385,-0.02754295050701272,-0.0390711646257258,offenbar hof…,2.822305502589975
-8.207786606346687,1.1406876652420093,0.21264653412576273,-0.027557907571726933,-0.03921826747424611,+2050,2.8168459204361125
-8.207786606346687,1.1406876652420093,0.21264653412576273,-0.027557907571726933,-0.03921826747424611,hof… +2050,2.8168459204361125
-8.21260186912359,1.143044383561904,0.2144727092053596,-0.02757249291049553,-0.039362309921703205,+2050 char+s,2.8115134774533264
-6.951067436608849,0.5159506092714894,-0.17032138060150515,-0.02355567280380354,-0.010491004799359743,Wir,4.214198984732937
-7.8402371555662365,0.9595667184118759,0.0829415954703366,-0.026396744290736476,-0.029166058173216103,gingen,3.2245585839994124
-7.8402371555662365,0.9595667184118759,0.0829415954703366,-0.026396744290736476,-0.029166058173216103,wir geh+en,3.2245585839994124
-7.797964498323488,0.9386110826821115,0.06913627499419653,-0.026259780678024206,-0.028116315573841394,tote,3.2715219388035583
-7.797964498323488,0.9386110826821115,0.06913627499419653,-0.026259780678024206,-0.028116315573841394,geh+en tot+e,3.2715219388035583
-7.762374916233517,0.920952964641454,0.05767395516527567,-0.026144278145698096,-0.027247604090460044,gequetschte,3.3110698538647028
-7.762374916233517,0.920952964641454,0.05767395516527567,-0.026144278145698096,-0.027247604090460044,tot+e ge+quetsch+t+e,3.3110698538647028
52.70747277376891,-28.484703047978385,0.08245257084964094,0.061522055627944175,0.017637317432268804,Menschen,70.5440570646183
-7.70850684038872,0.8942007741480817,0.04059579341333196,-0.025969257286024176,-0.025958077371685408,ge+quetsch+t+e mensch+en,3.3709443104826553
-7.662158406049912,0.8711606188118515,0.026155395553260494,-0.025818601552964626,-0.024872174706019698,hinweg,3.422474346321411
-7.662158406049912,0.8711606188118515,0.026155395553260494,-0.025818601552964626,-0.024872174706019698,mensch+en hinweg,3.422474346321411
-7.615619201514658,0.848006386657987,0.011884454449658305,-0.025667376108736612,-0.023802997241097072,hinweg der,3.4742283929285422
-3.67153383867487,-1.1276962942128645,-0.7381867001478916,-0.021120638692875268,0.03668149842124435,der mensch+en,7.873152887003506
-6.018895702428676,0.048343269865136484,-0.37491414797208955,-0.02086740847852133,0.0037319277799607135,Kirchen,5.25374189645897
-6.018895702428676,0.048343269865136484,-0.37491414797208955,-0.02086740847852133,0.0037319277799607135,mensch+en kirche+n,5.25374189645897
-5.832977271510611,-0.044957014898145964,-0.4104227532520957,-0.020374475268451875,0.006123442705109401,versammelt,5.46117271072665
-5.832977271510611,-0.044957014898145964,-0.4104227532520957,-0.020374475268451875,0.006123442705109401,kirche+n versammel+t,5.46117271072665
-4.842323444423579,-0.5430592704235542,-0.5766136545138554,0.06947580239935151,0.03195425572502579,November,6.56719223452904
-5.008629569949264,-0.4584021963247382,-0.5517456343628668,-0.018351327050052883,0.015412744629343712,versammel+t november,6.381046308831634
-4.370566592432243,-0.7779953917224396,-0.6463709085050373,-0.016949985853646973,0.021422469522440334,1755,7.093090044140617
-4.370566592432243,-0.7779953917224396,-0.6463709085050373,-0.016949985853646973,0.021422469522440334,november 1755,7.093090044140617
255.37439926313922,-126.76000693794425,3.4952263992119734,0.03899073521304049,-0.3557899396390759,Erdbeben,295.8078870678671
-3.823722512779683,-1.0515490243560461,-0.719313986470666,-0.015848348842403093,0.025934741942615816,1755 erdbeben,7.703310535092339
42.40670395891085,-23.73890601692011,-1.9654432985798957,0.007361079198910235,0.055248293687835945,erdbeben tsunami,59.17520807344321
-2.979767176618278,-1.4730794335924142,-0.819837784085705,-0.014303660900118486,0.03197157423368904,Lissabon,8.644976455828814
-2.979767176618278,-1.4730794335924142,-0.819837784085705,-0.014303660900118486,0.03197157423368904,tsunami lissabon,8.644976455828814
-4.276405623228742,-0.8251221045363075,-0.6594263736384745,-0.016754101581546697,0.02223793719561859,zerstörten,7.198166491207837
-4.276405623228742,-0.8251221045363075,-0.6594263736384745,-0.016754101581546697,0.02223793719561859,lissabon zerstör+ten,7.198166491207837
36.21007762502149,-20.39962893537638,0.954787549252972,-0.004494368569841999,-0.003598646527063043,Eine,52.18743989594535
-1.7279845453167333,-2.0300558154543817,-0.2705885840157986,-0.013892856356007384,0.023310308482471523,größten,10.02246169788515
-5.499031507283425,-0.2125042199878906,-0.4706310073814042,-0.01952384789326961,0.0101260412257052,ein+e groß,5.83379689996153
-5.752494794106806,-0.0853421301406363,-0.42533793591137103,-0.02016543615826065,0.007121158706963983,Naturkatastrophen,5.550973054097364
-5.752494794106806,-0.0853421301406363,-0.42533793591137103,-0.02016543615826065,0.007121158706963983,groß natur+katastrophe+n,5.550973054097364
-6.224737029991972,0.15176130163673252,-0.33346559574964285,0.011792826487224906,0.0064872352570051126,Geschichte,5.02405164621969
-6.224737029991972,0.15176130163673252,-0.33346559574964285,0.011792826487224906,0.0064872352570051126,natur+katastrophe+n geschichte,5.02405164621969
-6.337723639938244,0.20797196218775715,-0.3096906873956584,0.042659531557063333,0.010128634350667104,Europas,4.898227728158066
-6.337723639938244,0.20797196218775715,-0.3096906873956584,0.042659531557063333,0.010128634350667104,geschichte europa+s,4.898227728158066
-6.39267478128303,0.23449928580558632,-0.2977171519130522,0.0728226553617071,0.014474966855851503,forderte,4.837387604318767
-6.39267478128303,0.23449928580558632,-0.2977171519130522,0.0728226553617071,0.014474966855851503,europa+s forder+te,4.837387604318767
-6.349957485727509,0.21065732761451272,-0.30395872923852224,0.0781269906930744,0.10699412691385252,Zehntausende,4.885993841548778
-7.460091110856405,0.7609287258950619,-0.032241743896732095,0.17878834873714747,0.01407072911492733,forder+te zehntausend+e,3.651397134703923
20.041414955003592,-13.113268145709391,-1.7555004797819473,0.9563412014568934,0.26353692746735413,Tote,34.4204647778272
-7.171036757933859,0.559883050842207,-0.10820253171443414,0.45687066399868154,0.07046444728138951,zehntausend+e tot+e,3.9978939144439933
-2.054632323952017,-1.9382391630448912,-0.9148528910818435,0.11615765405952293,0.05991430555620444,erschütterte,9.678748988096174
-7.499026312835213,0.7722692484833094,-0.020283204388186597,0.240364033787662,0.024033894397369464,tot+e erschütter+te,3.6115796888639604
-7.0507176675123775,0.5637901398686893,-0.14421186889990387,0.086779847775092,0.006259110657956108,Vertrauen,4.104033683357513
-7.589079316887091,0.8314244748243607,0.005105367918807046,0.10910727550319356,-0.0007339899563985411,erschütter+te vertrau+en,3.505189419776201
-7.574456451032708,0.8269389131764218,0.00016204820687975088,0.051780483505634675,-0.010081756292605049,Gott,3.520247176062078
-7.574456451032708,0.8269389131764218,0.00016204820687975088,0.051780483505634675,-0.010081756292605049,vertrau+en gott,3.520247176062078
-7.672964202109741,0.876534024737126,0.029501484650301592,-0.025853725065189258,-0.02512343535643942,Zehntausend…,3.410459412358655
-7.672964202109741,0.876534024737126,0.029501484650301592,-0.025853725065189258,-0.02512343535643942,forder+te zehntausend…,3.410459412358655
-7.740907488590203,0.9102952203976076,0.05082934387256929,-0.026074549456427572,-0.02673009770120119,+7376,3.334928814642447
-7.740907488590203,0.9102952203976076,0.05082934387256929,-0.026074549456427572,-0.02673009770120119,zehntausend… +7376,3.334928814642447
-7.7665153702855925,0.9230079887450335,0.05900005096053847,-0.026157722480575758,-0.027347974069234934,+7376 char+s,3.306468473236556
-7.459767817348586,0.7703442862191683,-0.034320183373456145,-0.025162498717225867,-0.02036822641922726,Ukraine-Krieg,3.6476212684398117
-5.8830813274067335,-0.019814088923035378,-0.40100075311630934,-0.020505930564231355,0.005491096322521153,Liveticker,5.405269365819135
-7.27523377213244,0.6781913508304298,-0.0861059921430302,-0.024570689379377435,-0.016566678809760843,ukraine+-+krieg live+ticker,3.8530563855137245
-5.534378539293461,-0.19477308478626654,-0.4644616475866626,-0.019611820904568898,0.009718958350323926,+++,5.7943541552887075
-7.086048110862334,0.5835504439681944,-0.13622948959182749,-0.02397395020626149,-0.012934805594215955,live+ticker +++,4.063787539331356
-7.005070769363071,0.543002389701345,-0.15684073189422124,-0.023722218482670886,-0.011454789769224843,15:11,4.154016889802433
-7.005070769363071,0.543002389701345,-0.15684073189422124,-0.023722218482670886,-0.011454789769224843,+++ 15:11,4.154016889802433
-5.211023836717735,-0.3569423134365777,-0.5192413487269624,-0.01882460461970166,0.01330898063553586,Neues,6.155186449662374
-6.858123580196611,0.46937548126126627,-0.19304581365230708,-0.023271633969088042,-0.008873852614566677,15:11 neu+es,4.317791670734953
-6.66662371334122,0.37335939617868963,-0.23807181813572625,-0.022697215148062028,-0.005697351361388617,russisches,4.531283074563293
-6.66662371334122,0.37335939617868963,-0.23807181813572625,-0.022697215148062028,-0.005697351361388617,neu+es russisch+es,4.531283074563293
-5.540301401630907,-0.19180191535463642,-0.46342335562829934,-0.019626608952907177,0.00965037827455003,U-Boot,5.787745035192984
-6.079806513480736,0.07891200642093255,-0.36294604043748185,-0.021031993283599795,0.0029207295916223557,russisch+es u-boot,5.185787607001388
-3.6859285090303455,-1.120426736395808,-0.7366604203529551,-0.015583892092092143,0.026991804165215308,Tsunami-Torpedos,7.857067079181015
-3.6859285090303455,-1.120426736395808,-0.7366604203529551,-0.015583892092092143,0.026991804165215308,u-boot tsunami-torpedo+s,7.857067079181015
-5.859450779011589,-0.03167234761410942,-0.4054576985991249,-0.02044380566274978,0.005790419830271145,tragen,5.431634876624713
-6.401595341760048,0.24039948566176417,-0.2967429181438421,-0.021927219059198533,-0.0016132064507222987,tsunami-torpedo+s trag+en,4.826836491253488
-7.086048110862334,0.5835504439681944,-0.13622948959182749,-0.02397395020626149,-0.012934805594215955,trag+en +++,4.063787539331356
-1.382176532944957,-2.2689847417157885,-0.9790130110861229,0.015433000844191812,0.045733380232211684,Lesen,10.4271052917118
-6.829849693651472,0.4552033750114297,-0.19984260701934695,-0.023185896717516058,-0.008391994631312863,+++ les+en,4.349308397722342
-1.2114826209100027,-2.353900479404437,-0.9940952796352251,0.017883550151081232,0.04694511835265207,les+en sie,10.617492340667049
19.319192820727018,-12.265287953892312,-0.2241911117129694,0.004648123934773562,0.05267590103834058,aktuellen,33.424295179446496
-7.156820355355483,0.6189708148761885,-0.11781084954056065,-0.02419583270356509,-0.014263989947838937,sie aktuell+en,3.98494317572481
-7.301003299036282,0.6910709361145071,-0.07905306928236257,-0.024652818445206642,-0.017081467301074793,Entwicklungen,3.8243606612778316
-7.301003299036282,0.6910709361145071,-0.07905306928236257,-0.024652818445206642,-0.017081467301074793,aktuell+en entwicklung+en,3.8243606612778316
-7.4858442044962,0.7833503161922166,-0.02675351988686411,-0.025246726980712716,-0.020927926453962957,Nachrichten,3.6186021843371954
-7.4858442044962,0.7833503161922166,-0.02675351988686411,-0.025246726980712716,-0.020927926453962957,entwicklung+en nachricht+en,3.6186021843371954
-5.9039541624637835,-0.009339546660313225,-0.3970440672583823,-0.020560994153572487,0.005225067687095863,russischen,5.381980977750929
-7.63372995401339,0.8570190659643888,0.017411164960606178,-0.02572621320166548,-0.02421658971238954,nachricht+en russisch+en,3.4540869104097798
-7.693688224536736,0.8868364983651682,0.03595372904749338,-0.025921090104380755,-0.025608555421178125,Angriffskrieg,3.387418265419172
-7.693688224536736,0.8868364983651682,0.03595372904749338,-0.025921090104380755,-0.025608555421178125,russisch+en angriff+s+krieg,3.387418265419172
-5.123550044793394,-0.4007973681137784,-0.5334497146850089,-0.018618266949893197,0.014231023843779141,Ukraine,6.252801509084083
-7.459767817348586,0.7703442862191683,-0.034320183373456145,-0.025162498717225867,-0.02036822641922726,angriff+s+krieg ukraine,3.6476212684398117
-7.27523377213244,0.6781913508304298,-0.0861059921430302,-0.024570689379377435,-0.016566678809760843,ukraine live+ticker,3.8530563855137245
-7.877640647969654,0.9780908913700233,0.09533378283192072,-0.026517644022095298,-0.030111586243558336,ntv.de,3.183015132256591
-7.877640647969654,0.9780908913700233,0.09533378283192072,-0.026517644022095298,-0.030111586243558336,live+ticker ntv.de,3.183015132256591
-5.19119942316272,-0.366796866063992,-0.5222084041685117,0.01150221613349059,0.018620823582602704,Mit,6.177265397245965
-7.923956129923875,1.0010040964724047,0.11091554954686578,-0.026666849654633357,-0.03130485913486933,Tamtam,3.1315876779965404
-7.923956129923875,1.0010040964724047,0.11091554954686578,-0.026666849654633357,-0.03130485913486933,mit tamtam,3.1315876779965404
-7.941133589529675,1.0094948087143678,0.11676269335587776,-0.026722015524409858,-0.031753907383489516,präsentiert,3.1125185372463706
-7.941133589529675,1.0094948087143678,0.11676269335587776,-0.026722015524409858,-0.031753907383489516,tamtam präsentier+t,3.1125185372463706
-7.198275451021942,0.6352133679744156,-0.10538011007669265,0.12441957352695572,0.009959411723765372,russische,3.940697507686788
-7.976957075185336,1.0271886787083764,0.1290783126930032,-0.026836708554156347,-0.032701994333956604,präsentier+t russisch+e,3.0727577017890546
-7.997241587598926,1.0371991717970062,0.13612588575730653,-0.026901412217209937,-0.03324592722495745,Verteidigungsministerium,3.050248526040908
-7.997241587598926,1.0371991717970062,0.13612588575730653,-0.026901412217209937,-0.03324592722495745,russisch+e verteidigung+s+ministerium,3.050248526040908
-8.050320870111685,1.063363527794558,0.15482742189494958,-0.02706975923588945,-0.034694265389204754,neues,2.9913651827653887
-8.050320870111685,1.063363527794558,0.15482742189494958,-0.02706975923588945,-0.034694265389204754,verteidigung+s+ministerium neu+es,2.9913651827653887
-8.059759625433685,1.0680113359035563,0.15819315460886793,-0.02709953110737872,-0.034955691795985705,Atom-U-Boot,2.980897055143764
-8.059759625433685,1.0680113359035563,0.15819315460886793,-0.02709953110737872,-0.034955691795985705,neu+es atom+-+u-boot,2.980897055143764
-8.07907985745478,1.0775201954507465,0.16512104061937483,-0.027160299045867475,-0.0354945422517569,Chabaraowsk,2.9594724664293954
-8.07907985745478,1.0775201954507465,0.16512104061937483,-0.027160299045867475,-0.0354945422517569,atom+-+u-boot chabaraowsk,2.9594724664293954
-6.698755563153902,0.3894635699532527,-0.23043624342727687,-0.02801946693225263,0.002742883591373941,Bis,4.495453070295442
-6.302351848031562,0.0841849227813749,1.3895487067313836,-0.032986901790200335,-0.040105187314583214,sechs,5.009631670198225
-8.107416990101338,1.0914549728778118,0.17537721911889453,-0.02724897748365005,-0.03629410571860677,bis sechs,2.928055529009538
-8.114938422978405,1.0951511775735114,0.17811870874083777,-0.02727241882443758,-0.036508203224617,nukleare,2.9197180018724795
-8.114938422978405,1.0951511775735114,0.17811870874083777,-0.02727241882443758,-0.036508203224617,sechs nuklear+e,2.9197180018724795
-8.125790640102911,1.1004823416854432,0.18208861205634935,-0.0273061656031326,-0.03681851403565287,Unterwasserdrohnen,2.907689326773512
-8.125790640102911,1.1004823416854432,0.18208861205634935,-0.0273061656031326,-0.03681851403565287,nuklear+e unterwasserdrohne+n,2.907689326773512
-8.15141633170771,1.113062036375151,0.19153099107434768,-0.027385481015205868,-0.03755792035601146,Typs,2.8792905828132254
-8.15141633170771,1.113062036375151,0.19153099107434768,-0.027385481015205868,-0.03755792035601146,unterwasserdrohne+n typ+s,2.8792905828132254
-8.157652114501875,1.116121243608304,0.19384333966966802,-0.02740469864046883,-0.03773928130116128,Poseidon,2.8723810780771832
-8.157652114501875,1.116121243608304,0.19384333966966802,-0.02740469864046883,-0.03773928130116128,typ+s poseidon,2.8723810780771832
-8.176316967173873,1.1252733291557022,0.20079927842229991,-0.027462014734136043,-0.03828553012121711,poseidon u-boot,2.8517022298199137
-8.182810757861516,1.128455804212676,0.20323163240891556,-0.02748188094883301,-0.03847678542328751,u-boot trag+en,2.8445086595909514
-8.200347488005733,1.137045770521512,0.20983229800479666,-0.027535327777632807,-0.03899643016889654,+16149,2.825084573269299
-8.200347488005733,1.137045770521512,0.20983229800479666,-0.027535327777632807,-0.03899643016889654,mit +16149,2.825084573269299
-8.206156287200745,1.1398896288279496,0.2120290515131762,-0.027552963932431247,-0.039169578742329396,+16149 char+s,2.8186514054771017
-8.092984596658189,1.0843596540531721,0.17013941262494553,-0.027203882373783017,-0.03588549566559909,Gedenken,2.9440554914288777
-6.209788335237569,0.1441450552493615,-0.3368237110527157,-0.021388375430835833,0.0011411749381664282,Novemberpogrome,5.0407840153139825
-8.07620261537625,1.0761045112228604,0.1640860106335696,-0.027151264415635385,-0.035413974202706686,gedenk+en november+pogrom+e,2.962662867066462
-8.048713480874206,1.0625718716346348,0.15425547164208236,-0.02706468389392421,-0.034649863678924,Schwierig,2.993147954839048
-8.048713480874206,1.0625718716346348,0.15425547164208236,-0.02706468389392421,-0.034649863678924,november+pogrom+e schwierig,2.993147954839048
-8.02333243299446,1.0500657799914532,0.14527102302818817,-0.02698434864788592,-0.0339532701475906,Krebsgeschwür,3.0213015265375227
-8.02333243299446,1.0500657799914532,0.14527102302818817,-0.02698434864788592,-0.0339532701475906,schwierig krebsgeschwür,3.0213015265375227
-7.997241587598926,1.0371991717970062,0.13612588575730653,-0.026901412217209937,-0.03324592722495745,Antisemitismus,3.050248526040908
-7.997241587598926,1.0371991717970062,0.13612588575730653,-0.026901412217209937,-0.03324592722495745,krebsgeschwür antisemitismus,3.050248526040908
-7.959604117300103,1.0186200539095331,0.12309193666792415,-0.026781214575587853,-0.03224076231830166,beseitigen,3.0920165901951187
-7.959604117300103,1.0186200539095331,0.12309193666792415,-0.026781214575587853,-0.03224076231830166,antisemitismus beseitig+en,3.0920165901951187
-7.10002642133245,0.5905477462571482,-0.13262204863150232,-0.02401763920597315,-0.013194644882018242,Regierungsvertreter,4.048213824599114
-7.931440464737995,1.0047040585143465,0.1134585979696412,-0.026690898341277573,-0.031500074696188624,beseitig+en regierung+s+vertreter,3.1232788355263215
-6.99961302946584,0.540268815936092,-0.15821260700104822,-0.023705337606126725,-0.01135655705937047,gedachten,4.160098771198835
-6.99961302946584,0.540268815936092,-0.15821260700104822,-0.023705337606126725,-0.01135655705937047,regierung+s+vertreter gedenk+en,4.160098771198835
-6.898293132429492,0.4895073035195676,-0.18329714478594233,-0.023393983303829247,-0.009566450470174771,Shoah-Namensmauer,4.273017603559862
-6.898293132429492,0.4895073035195676,-0.18329714478594233,-0.023393983303829247,-0.009566450470174771,gedenk+en shoah-namensmau+er,4.273017603559862
-6.74505013866894,0.4126890467379074,-0.2199141486763274,-0.022930665990469633,-0.006973920213620269,Wiener,4.443842712293161
-6.74505013866894,0.4126890467379074,-0.2199141486763274,-0.022930665990469633,-0.006973920213620269,shoah-namensmau+er wiener,4.443842712293161
-6.684847988687937,0.3824993904024365,-0.23388636087402603,-0.022751238078463736,-0.005991079460139652,Ostarrichipark,4.510963324347365
-6.684847988687937,0.3824993904024365,-0.23388636087402603,-0.022751238078463736,-0.005991079460139652,wiener ostarrichipark,4.510963324347365
3.9332134496924738,-4.906997926942497,-1.3348763906670973,0.12675735446408948,0.08251580391728752,Opfer,16.354730636506538
-6.489211345634407,0.28436172803399673,-0.2777875505374342,-0.02217851498878664,-0.0029259162662255422,ostarrichipark opfer,4.7291194200074225
-6.857834893748512,0.46923078731885215,-0.19311548057132064,-0.02327075696723755,-0.008868909325268355,opfer november+pogrom+e,4.318113459984671
4.466596332888038,-5.165607753900199,-1.3630735547434116,-0.005518968721124682,0.059880799806730015,Jahren,16.947055701532427
-5.953515699961362,0.015532267687045742,-0.3875734547421209,-0.020692452080873874,0.004587156322166511,november+pogrom+e jahr+en,5.326684758097463
-5.73829651924158,-0.09246634112674457,-0.4279416679275967,-0.020128827742649964,0.007294914053555555,IKG-Präsident,5.566815422408276
-5.235340667577177,-0.3447498519171881,-0.5152470625799636,-0.018882455621137176,0.013049094416937287,Oskar,6.1280506067603415
-5.235340667577177,-0.3447498519171881,-0.5152470625799636,-0.018882455621137176,0.013049094416937287,ikg-präsident oskar,6.1280506067603415
-4.921785722192786,-0.5019250417743946,-0.5653018016628223,-0.01815266313223855,0.016284251862512436,Deutsch,6.477959657009333
-4.921785722192786,-0.5019250417743946,-0.5653018016628223,-0.01815266313223855,0.016284251862512436,oskar deutsch,6.477959657009333
7.150391869146166,-6.48950681448353,-1.4780806870351162,-0.023941646440495633,0.09975479179092364,warnte,19.937417122541817
-4.323451870677584,-0.8015770977834098,-0.6529304886742803,-0.01685163861764381,0.02183261504775163,deutsch warn+te,7.145666589002586
0.7113585639317108,-3.3084841394014393,-1.1447108099452614,-0.009137137654907713,0.04980411396734449,warn+te tsunami,12.761624849646967
-3.6104699435767724,-1.1581365027293753,-0.7459960935821377,-0.015441189634417428,0.027558103903582664,antisemitischen,7.941265623910474
-3.6104699435767724,-1.1581365027293753,-0.7459960935821377,-0.015441189634417428,0.027558103903582664,tsunami antisemitisch+en,7.941265623910474
-6.829849693651472,0.4552033750114297,-0.19984260701934695,-0.023185896717516058,-0.008391994631312863,Übergriffen,4.349308397722342
-6.829849693651472,0.4552033750114297,-0.19984260701934695,-0.023185896717516058,-0.008391994631312863,antisemitisch+en übergriff+en,4.349308397722342
-6.800271826109178,0.4403759684540316,-0.20689639513284885,-0.02309654501507857,-0.007892804476811247,Üb…,4.3822802668057355
-6.800271826109178,0.4403759684540316,-0.20689639513284885,-0.02309654501507857,-0.007892804476811247,antisemitisch+en üb…,4.3822802668057355
-6.9360187970204645,0.5084109673532478,-0.1740411477158239,-0.023509458334985224,-0.010225648448121155,+2652,4.230970562474075
-6.9360187970204645,0.5084109673532478,-0.1740411477158239,-0.023509458334985224,-0.010225648448121155,üb… +2652,4.230970562474075
-7.06685285521663,0.5739405799148198,-0.141159264520281,-0.023914066857579557,-0.012580107361561357,+2652 chars,4.085174457566788
117.71555563825157,-59.92756347390529,2.6215979932208464,-0.015925610219878435,-0.12003706435343317,Japan,142.78716689450883
6.081046012879664,-5.81206341391351,0.6081689301070875,0.2725639448367368,0.10808699502148705,gibt,18.711173428415886
-6.097147008822075,-0.13823115694344068,1.7038377821798723,-0.00905279884972637,-0.008073908843086487,japan geb+t,5.296017057396816
63.821433945782026,-35.13330800474454,3.882819077836605,0.023926177293719146,0.1055038987163163,Seebeben,83.5006108971115
-5.236619445027163,-0.7411232866746538,2.0157681050288563,0.00048332985916988444,0.01111721590331704,geb+t see+beben,6.337871805487355
95.56889427416422,-49.19746871597219,2.428823834466056,0.019331284124183373,-0.08416397038160509,Stärke,118.17786944913593
5.980908205842745,-6.4964972565495795,2.5314797355015033,-0.04200167539581656,0.17682978294507193,see+beben stärke,18.948455244198097
-0.5342107385869372,-2.663751973334669,1.3060805438394576,0.0754918951423323,0.025189314490153162,"6,7",11.396654037099713
-0.5342107385869372,-2.663751973334669,1.3060805438394576,0.0754918951423323,0.025189314490153162,"stärke 6,7",11.396654037099713
294.0314227797988,-145.582425998456,3.49751175307054,-0.004708434701858152,-0.43330000172036315,Tsunami-Warnung,338.79901564569644
-2.9323991564264285,-1.4503870421611578,0.9886792847362136,-0.013318684966271636,0.0015721971459047891,"6,7 tsunami-warnung",8.704968400978613
43.059371400670784,-23.782511805918098,0.12602268209204676,-0.00434608912619032,0.0070832997851267634,Vor,59.81302549888873
-5.911682842100625,-0.06270494244344693,1.2470593942855102,-0.04025659487398771,0.027471350512252687,tsunami-warnung vor,5.423023853082841
-6.261640621453268,0.10095467012094739,1.2664981184579316,-0.03249397779044351,0.010211173789266004,Ostküste,5.037093802481308
-6.261640621453268,0.10095467012094739,1.2664981184579316,-0.03249397779044351,0.010211173789266004,vor ost+küste,5.037093802481308
77.00925488116317,-40.1863384835475,1.568960914737584,-0.007946216269786347,-0.058082745488792824,Japans,97.53569332682989
-6.527750693121442,0.2265432879859044,1.2755626537065623,-0.028310210489531036,-0.0004176425128828952,ost+küste japan+s,4.743043837444845
-6.899062283015878,0.40447151094883527,1.2770604386410367,-0.02444289206199302,-0.012740951604495059,stärkeres,4.3314033052706655
-6.899062283015878,0.40447151094883527,1.2770604386410367,-0.02444289206199302,-0.012740951604495059,japan+s stark+er+es,4.3314033052706655
-7.025341144484289,0.4659316684719861,1.2738519064341849,-0.023573202308243297,-0.016449477483285374,stark+er+es erdbeben,4.190938965244442
21.141538172585797,-13.115915548721315,1.3111232468282707,-0.001392945838746659,0.004158503139053235,ereignet,35.45812702755545
-1.144401701090203,-2.3033051518655,0.892736170185844,-0.011881945709212107,0.007138304153482919,erdbeben ereign+et,10.684247860745986
94.63984729097214,-48.75250197283405,1.5090951943278696,0.009918879980140308,-0.0717843053018595,Behörden,117.13402974651102
39.63022655872003,-22.097857549099114,0.3010717739499022,-0.00496015565381262,0.012890321708244903,der behörde+n,55.99552695427565
67.24023295594446,-35.51049489153356,0.5137901132419236,-0.004291881826634407,-0.029776445778045856,warnen,86.69074567697805
40.63935177294903,-22.644783864492148,-0.2454642165671751,-0.0010301709690169005,0.014119284777278819,behörde+n warn+en,57.13379563772644
-5.901410893362868,-0.010444106108637996,0.9367128376050345,-0.018560763321564335,-0.01478901853755872,deshalb,5.404859241152915
-6.686629530404588,0.34179679286997455,1.1015218196749748,-0.019071714297670746,-0.02256887854952834,warn+en deshalb,4.547240411457394
-6.491119237178902,0.25219981273570724,1.0769382502293565,-0.01882012849729955,-0.020485885427085036,vorsichtshalber,4.7618501122257415
-6.491119237178902,0.25219981273570724,1.0769382502293565,-0.01882012849729955,-0.020485885427085036,deshalb vorsichtshalber,4.7618501122257415
28.038147376074036,-16.475897398244552,0.10826453023932081,-0.00313640396241813,0.017504713447015367,möglichen,43.11066008059604
-5.465327407135978,-0.22029677937901315,0.9318742131649229,-0.017695913770428798,-0.011340049627156554,vorsichtshalber möglich+en,5.888665551211568
53.686317665369764,-29.036287779382665,-0.547582834080365,0.0031092492038012035,0.004193432487211213,Tsunami-Wellen,71.65588787325916
24.65552645505671,-14.884940418809004,-0.4394820007538781,-0.0012015051634713283,0.03094969468322138,möglich+en tsunami-well+en,39.364995243648345
-5.528411275620798,-0.21570799837689814,1.0390756875195524,0.19478586492182912,0.02440251794394621,Betroffene,5.831443794772072
-4.521407807930703,-0.6752835523841387,0.9259123331535333,-0.01602535536051506,-0.005317310372803773,Küstenbewohner,6.936284261096672
-6.2950722428672,0.12484162993433046,1.2349356209727922,-0.016825061865250634,-0.017932507860790425,betreff+en+e küste+n+bewohner,4.996159508990084
12.304100797671147,-8.809936802800731,0.4644026001303463,0.062248608491815044,0.052892170726745985,wurden,25.615791872337304
-6.591528296461924,0.2252837927725473,1.3869234801721668,-0.015599201911225548,-0.01949985790664418,küste+n+bewohner werd+en,4.6879124488522494
-6.670171648225175,0.23990309639891194,1.4564560976361476,-0.014754809065178344,-0.019352893038676086,aufgerufen,4.611825075710801
-6.670171648225175,0.23990309639891194,1.4564560976361476,-0.014754809065178344,-0.019352893038676086,werd+en auf+ge+ruf+en,4.611825075710801
-6.737321732688384,0.22581520025937207,1.5762626290463364,-0.012882737979993399,-0.017805054782410845,fernzubleiben,4.559353371883792
-6.737321732688384,0.22581520025937207,1.5762626290463364,-0.012882737979993399,-0.017805054782410845,auf+ge+ruf+en fern+zu+bleib+en,4.559353371883792
50.48601648330214,-27.32335478292096,1.3854789891580845,0.007136215154930034,0.0037789281491544917,Nach,68.05843120669235
-1.4694999930506008,-3.9517047738985807,2.994570702248498,-0.13287018771080975,0.47067631379651265,nach see+beben,11.141638317360982
60.84562504726593,-32.346016229920934,1.4148923260530388,-0.008045601565599282,-0.03376848762108516,Küste,79.57059661377673
-6.640923902189552,0.21275259998355223,1.4929443654251404,-0.014110372050297526,-0.01840858333114693,"6,7 küste",4.650529179731665
17.83552614253426,-11.489084904450095,0.8601337894891425,-0.00776767919567415,0.017599029129633067,küste japan+s,31.767206372313915
3.071387787993336,-4.331610574796038,0.2694321549076885,-0.011843449755893347,0.024221742966405294,japanischen,15.352609699700519
-6.250530107481448,0.1005942928002983,1.2466568082349572,-0.01659707606949627,-0.017426943350939042,japan+s japanisch+en,5.046986292624911
-3.435158502192179,-1.183330322942489,0.7436232133217938,-0.017407328502620643,0.004619718436693135,japanisch+en behörde+n,8.13244809037668
20.923288384618143,-13.060849851651563,-0.3738131769841342,-0.0022000344889986584,0.032092553619671796,behörde+n tsunami-warnung,35.21233677764661
-5.821067344145447,-0.05824069322261405,0.9948096434305446,-0.05019262464692326,0.041141047124799934,ausgesprochen,5.498791393872073
-5.821067344145447,-0.05824069322261405,0.9948096434305446,-0.05019262464692326,0.041141047124799934,tsunami-warnung aus+ge+sprech+en,5.498791393872073
-4.178168681446622,-0.820237998994009,0.6783972557090665,0.04890144188165192,0.009321468532967902,mögliche,7.304576160256661
-5.3929851676566924,-0.24728609987883354,0.8639300962131845,-0.017967111459250538,-0.010524481044229143,der möglich+e,5.964501657029316
-3.26197063761163,-1.257811756288516,0.5396442970042769,-0.015724664365722608,0.0038118086552983987,möglich+e tsunami,8.31768724380774
-3.057978352004131,-1.3558400601193252,0.49822783630166734,-0.019323995274546202,0.011651314077057301,könne,8.543347508752769
-5.299691702972118,-0.28683931429548837,0.8083762957164209,-0.018085058917799827,-0.009539826485456662,tsunami könn+e,6.0648542033053205
1.3266030141049665,-3.4913218121291183,0.09499348234493993,-0.011263643968760126,0.02215422756251447,Höhe,13.413636772689745
-6.129420930686082,0.09937840576320411,0.9382801343913082,-0.019049947198591745,-0.016800830742751585,könn+e höhe,5.151839901410653
47.12801722973006,-25.827870450219105,-0.43769793757114467,-1.1659050618690898e-05,0.015518196995425351,Meter,64.35736142884625
-6.782466644601794,0.3989657903758772,1.0400660592731283,-0.01984081647266578,-0.023724361006538706,höhe meter,4.435156267555357
-4.1735648090125546,-0.9389350561576482,1.3978959960391484,-0.04747359224664824,0.06092055170425062,erreichen,7.371253630008793
-6.886013104477286,0.4463134875733108,1.0548025627271425,-0.01997992863620062,-0.02495971463028445,meter erreich+en,4.321566337259178
-7.037747109605936,0.5157875992335117,1.0749086954922276,-0.020198626500216747,-0.026857547965745084,erklä…,4.155052672880383
-7.037747109605936,0.5157875992335117,1.0749086954922276,-0.020198626500216747,-0.026857547965745084,erreich+en erklä…,4.155052672880383
-7.126367503631895,0.5564742275972647,1.0855836454582515,-0.020337282174352794,-0.028019854776390005,+1049,4.0577362734601845
-7.126367503631895,0.5564742275972647,1.0855836454582515,-0.020337282174352794,-0.028019854776390005,erklä… +1049,4.0577362734601845
-7.184090782043825,0.5830443351260763,1.0920116664752226,-0.020433081082404592,-0.028800547656831627,+1049 char+s,3.9943110392516603
-6.54606281974208,0.31288438061751744,-0.2652595192385234,-0.022343300050484013,-0.0037970712719703065,Echtzeitwarnung,4.665718540214932
57.00623391515915,-30.71000080794381,-0.9625380856316366,0.00496033483843201,0.011441711505186141,Tsunamis,75.36670509226073
-3.6859285090303455,-1.120426736395808,-0.7366604203529551,-0.015583892092092143,0.026991804165215308,echtzeit+warnung tsunami+s,7.857067079181015
-5.074226424479312,-0.42552274694359493,-0.5413530018435133,-0.018503126222231117,0.01474226468829451,System,6.307843783899204
-5.907161573858059,-0.007729970283304688,-0.3964344024483993,-0.020569471191187648,0.005184051495820723,tsunami+s system,5.378402402003857
-6.296066359536299,0.1867669541726027,-0.3183098550390986,0.05307284974469097,0.012480235771604,nutzt,4.944822078816122
-6.401595341760048,0.24039948566176417,-0.2967429181438421,-0.021927219059198533,-0.0016132064507222987,system nutz+t,4.826836491253488
-6.66662371334122,0.37335939617868963,-0.23807181813572625,-0.022697215148062028,-0.005697351361388617,innovative,4.531283074563293
-6.66662371334122,0.37335939617868963,-0.23807181813572625,-0.022697215148062028,-0.005697351361388617,nutz+t innovativ+e,4.531283074563293
-5.3445537866515265,-0.28998421428921395,-0.4970624447491626,-0.019144952501311062,0.011862167494384578,Technologie,6.006177644656121
-6.982930104582561,0.5319124615330808,-0.16239279031312526,-0.023653805343905272,-0.011057448646297097,innovativ+e technologie,4.178689966103032
-6.407183639839687,0.24320362131404938,-0.295546389185696,-0.02194315061154814,-0.0016958777982638562,Mithilfe,4.820603673704373
-7.204425738329441,0.6427860781557795,-0.10520112632913331,-0.024346014110474615,-0.015177586357886533,technologie mithilfe,3.9319159794174863
-7.371057462620519,0.7260671991919423,-0.05959150591558929,-0.02487698043374514,-0.018506782557416168,mithilfe künstlich+er,3.7463633935889686
-0.6316543724029149,-2.6592951868526495,1.4219132335614342,-0.07712390793370107,0.22607443257773693,neuen,11.308508265763457
-7.3600674066047045,0.7205787052728205,-0.06267295848401654,-0.024841731843007774,-0.018280631416932716,intelligenz neu+en,3.758598382731782
-6.982930104582561,0.5319124615330808,-0.16239279031312526,-0.023653805343905272,-0.011057448646297097,neu+en technologie,4.178689966103032
-7.3600674066047045,0.7205787052728205,-0.06267295848401654,-0.024841731843007774,-0.018280631416932716,technologie neu+e,3.758598382731782
-5.899168579111758,-0.01174109167316395,-0.39795288552914887,-0.02054835387477594,0.005286197401443225,Warnsysteme,5.3873203628939255
-6.829849693651472,0.4552033750114297,-0.19984260701934695,-0.023185896717516058,-0.008391994631312863,neu+e warn+system+e,4.349308397722342
-6.079806513480736,0.07891200642093255,-0.36294604043748185,-0.021031993283599795,0.0029207295916223557,entstehende,5.185787607001388
-6.079806513480736,0.07891200642093255,-0.36294604043748185,-0.021031993283599795,0.0029207295916223557,warn+system+e entsteh+end+e,5.185787607001388
-3.6859285090303455,-1.120426736395808,-0.7366604203529551,-0.015583892092092143,0.026991804165215308,entsteh+end+e tsunami+s,7.857067079181015
4.660457683753714,-5.1006686517211275,0.6929977619383344,-0.008427292177832323,0.015984307121614402,Meer,17.124177443413174
-6.346654977880627,0.21283023588155725,-0.3084178340685909,-0.021771291637839016,-0.0008079095598067625,tsunami+s meer,4.888115077857104
-5.997625771603064,0.03766884754774358,-0.37905356686748115,-0.02081029718913433,0.004011894816796743,hinweisen,5.277471953985181
-5.997625771603064,0.03766884754774358,-0.37905356686748115,-0.02081029718913433,0.004011894816796743,meer hin+weis+en,5.277471953985181
-6.628673055537386,0.35432465069457875,-0.24672305432984476,-0.022585156747306094,-0.005091226441202135,Vergangenheit,4.573599003644827
-6.628673055537386,0.35432465069457875,-0.24672305432984476,-0.022585156747306094,-0.005091226441202135,tsunami+s vergangenheit,4.573599003644827
-5.430942697503562,-0.24690683411842818,-0.4818591161401711,0.03610094684627145,0.02026180103833887,weltweit,5.9098732303253
-7.026406639948027,0.553687895918588,-0.15145695030085116,-0.02378831548535329,-0.011840626923706035,vergangenheit weltweit,4.130241745811801
-7.189026307559526,0.6350832754908113,-0.1092998894960702,-0.024297354088197616,-0.014880300883474057,schwerwiegende,3.9490685325272112
-7.189026307559526,0.6350832754908113,-0.1092998894960702,-0.024297354088197616,-0.014880300883474057,weltweit schwerwiegend+e,3.9490685325272112
-7.381797859743785,0.7314303724993203,-0.05656970585911196,-0.024911456253208116,-0.018728729143058495,Zerstörungen,3.7344067821695512
-7.381797859743785,0.7314303724993203,-0.05656970585911196,-0.024911456253208116,-0.018728729143058495,schwerwiegend+e zerstörung+en,3.7344067821695512
-7.5261070672626555,0.8034231299212506,-0.014943161738299317,-0.025377001769517956,-0.021803707342994368,Küstengebieten,3.5738015539758075
-7.5261070672626555,0.8034231299212506,-0.014943161738299317,-0.025377001769517956,-0.021803707342994368,zerstörung+en küste+n+gebiet+en,3.5738015539758075
-7.62778535223341,0.854061082913554,0.015593357311846981,-0.02570689861862884,-0.024080488508480574,verursacht,3.4606978812173974
-7.62778535223341,0.854061082913554,0.015593357311846981,-0.02570689861862884,-0.024080488508480574,küste+n+gebiet+en verursach+t,3.4606978812173974
-7.693688224536736,0.8868364983651682,0.03595372904749338,-0.025921090104380755,-0.025608555421178125,Herkömmliche,3.387418265419172
-7.7539440946834794,0.9167679559268014,0.05497972979365144,-0.026116898075466587,-0.0270437894185191,herkömmlich+e warn+system+e,3.320439551072156
-7.80169935462948,0.9404633661493516,0.07034759046656285,-0.026271892891570454,-0.028208271208870622,erwiesen,3.2673721650045513
-7.80169935462948,0.9404633661493516,0.07034759046656285,-0.026271892891570454,-0.028208271208870622,warn+system+e erweis+en,3.2673721650045513
-4.405425171442402,-0.7605465305083259,-0.6414822858629233,-0.01702318407986121,0.021116249616747088,dabei,7.054190309337936
-7.850006110820357,0.9644064661667895,0.0861619346062503,-0.026428350141605095,-0.02941147564849375,erweis+en dabei,3.2137073954136026
-2.723936787263524,-1.6007062653871853,-0.8478329095910578,-0.013868507152561119,0.033613378282902104,oft,8.930397312684526
-7.868694335457054,0.9736617780545409,0.0923544080231392,-0.02648875584274363,-0.02988397809420714,dabei oft,3.192950734968878
-7.892004266282928,0.9851998641117192,0.10013771490682076,-0.026563982190351658,-0.030478956244104384,unzureichend,3.1670644148569074
-7.892004266282928,0.9851998641117192,0.10013771490682076,-0.026563982190351658,-0.030478956244104384,oft un+zureichend,3.1670644148569074
-7.936326938686526,1.0071193230585398,0.11512275955130252,-0.026706589207793497,-0.031627893990757154,gefährdete,3.1178542864814025
-7.936326938686526,1.0071193230585398,0.11512275955130252,-0.026706589207793497,-0.031627893990757154,un+zureichend gefährdet+e,3.1178542864814025
-4.480640839213954,-0.8339953105058613,1.5247612933249626,-0.056471943044555516,0.04095313164895509,Regionen,7.0510860459382165
-7.961831961703038,1.0197203756014979,0.12385830899423397,-0.02678834602324745,-0.03229976816984604,gefährdet+e region+en,3.08954391353553
-7.9811338241818754,1.0292504292663693,0.13052504894717645,-0.026850046623614947,-0.03281357075370894,rechtz…,3.068122586962407
-7.9811338241818754,1.0292504292663693,0.13052504894717645,-0.026850046623614947,-0.03281357075370894,region+en rechtz…,3.068122586962407
-7.999190600216824,1.038160687899843,0.13680590043884538,-0.026907619229440547,-0.033298464717272214,+5013,3.0480859472561894
-7.999190600216824,1.038160687899843,0.13680590043884538,-0.026907619229440547,-0.033298464717272214,rechtz… +5013,3.0480859472561894
-8.010601374946063,1.0437888401350437,0.1407972752272664,-0.02694392225799519,-0.03360702719241922,+5013 char+s,3.03542549029591
-6.671884289933798,0.37599777219402575,-0.23686573679159023,-0.02271279523111618,-0.005781959559488334,Sekunden,4.525417570793448
10.250478484174046,-7.851302768353786,-0.19688066795727277,0.02797538337890959,0.07646264972867664,Leben,23.33997035844873
-6.858123580196611,0.46937548126126627,-0.19304581365230708,-0.023271633969088042,-0.008873852614566677,sekunde+n leben,4.317791670734953
-6.66662371334122,0.37335939617868963,-0.23807181813572625,-0.022697215148062028,-0.005697351361388617,retten,4.531283074563293
-6.66662371334122,0.37335939617868963,-0.23807181813572625,-0.022697215148062028,-0.005697351361388617,leben rett+en,4.531283074563293
-6.287610553691728,0.18320006983549542,-0.3207888914867812,-0.021605134441405785,4.272474619832975e-05,Durchbruch,4.953974536580164
-6.287610553691728,0.18320006983549542,-0.3207888914867812,-0.021605134441405785,4.272474619832975e-05,rett+en durchbruch,4.953974536580164
-3.6859285090303455,-1.120426736395808,-0.7366604203529551,-0.015583892092092143,0.026991804165215308,Tsunami-Frühwarnung,7.857067079181015
-3.6859285090303455,-1.120426736395808,-0.7366604203529551,-0.015583892092092143,0.026991804165215308,durchbruch tsunami-frühwarnung,7.857067079181015
-5.806893183836208,-0.058045996809949596,-0.4152860313683788,-0.020306441437235305,0.00644920484624914,Rast,5.490276371447571
-5.806893183836208,-0.058045996809949596,-0.4152860313683788,-0.020306441437235305,0.00644920484624914,tsunami-frühwarnung rast,5.490276371447571
-3.6859285090303455,-1.120426736395808,-0.7366604203529551,-0.015583892092092143,0.026991804165215308,rast tsunami,7.857067079181015
1.4230487280934998,-3.534316226423137,0.7280181770088539,-0.0243660865733061,0.03708621137844084,Land,13.528674342549337
-6.346654977880627,0.21283023588155725,-0.3084178340685909,-0.021771291637839016,-0.0008079095598067625,tsunami land,4.888115077857104
-5.193724523283531,-0.36561587732929857,-0.5220710502551429,-0.0187835793451582,0.013492913520422315,zählt,6.174491290422098
-6.736771828164844,0.4085380423693008,-0.2218488894197427,-0.022905905366770694,-0.00683761482806336,land zähl+t,4.453072019736365
-7.156820355355483,0.6189708148761885,-0.11781084954056065,-0.02419583270356509,-0.014263989947838937,Sekunde,3.98494317572481
-7.156820355355483,0.6189708148761885,-0.11781084954056065,-0.02419583270356509,-0.014263989947838937,zähl+t sekunde,3.98494317572481
-5.636278534866435,-0.14356134315836488,-0.4460657803182622,0.01320177155594956,0.01568534725131157,müssen,5.680600391093179
-7.3600674066047045,0.7205787052728205,-0.06267295848401654,-0.024841731843007774,-0.018280631416932716,mensch+en müss+en,3.758598382731782
-7.432068043166991,0.7565238258887022,-0.042288319874836236,-0.025073166966101342,-0.019780003923994448,möglichst,3.6784500737357497
-7.432068043166991,0.7565238258887022,-0.042288319874836236,-0.025073166966101342,-0.019780003923994448,müss+en möglichst,3.6784500737357497
-6.508629063300629,0.29410400396967074,-0.2735291377466317,-0.022234645094040516,-0.003221713700873558,früh,4.707464288972201
-7.450723193976275,0.7658321093764375,-0.03692979350158561,-0.025133313307353418,-0.020175447717400243,möglichst früh,3.6576872437363703
-1.1523947247151654,-2.3832572700807746,-0.9995244103153402,-0.011476712392798051,0.04218400909589427,gewarnt,10.683388687361706
-7.402566860067086,0.7417994505215084,-0.050697110518665364,-0.024978199017235723,-0.01916055405867885,früh ge+warn+t,3.7112872057158883
-5.1051294746245794,-0.4100316559603212,-0.5364103293100061,-0.01857516503336496,0.014422674916766617,Dem,6.27335776404922
-6.982930104582561,0.5319124615330808,-0.16239279031312526,-0.023653805343905272,-0.011057448646297097,Nasa,4.178689966103032
-6.982930104582561,0.5319124615330808,-0.16239279031312526,-0.023653805343905272,-0.011057448646297097,der nasa,4.178689966103032
-5.754067098109154,-0.20765154558151222,1.4778597054120504,-0.028529601195584838,-0.03127390524901289,Stück,5.631546025070648
-6.588558507820697,0.33420267310027496,-0.2557740646076942,-0.022467358617718605,-0.004458539684185116,nasa stück,4.618329986025826
-6.287610553691728,0.18320006983549542,-0.3207888914867812,-0.021605134441405785,4.272474619832975e-05,näher,4.953974536580164
-6.287610553691728,0.18320006983549542,-0.3207888914867812,-0.021605134441405785,4.272474619832975e-05,stück nah+er,4.953974536580164
-6.54606281974208,0.31288438061751744,-0.2652595192385234,-0.022343300050484013,-0.0037970712719703065,enorme,4.665718540214932
-6.54606281974208,0.31288438061751744,-0.2652595192385234,-0.022343300050484013,-0.0037970712719703065,tsunamis enorm+e,4.665718540214932
-5.411535841332018,-0.2579337206118004,-0.48474592662626803,0.0748768334261391,0.027110661919311732,Zerstörung,5.932085801797557
-6.800271826109178,0.4403759684540316,-0.20689639513284885,-0.02309654501507857,-0.007892804476811247,enorm+e zerstörung,4.3822802668057355
-7.06685285521663,0.5739405799148198,-0.141159264520281,-0.023914066857579557,-0.012580107361561357,sorgen,4.085174457566788
-7.06685285521663,0.5739405799148198,-0.141159264520281,-0.023914066857579557,-0.012580107361561357,zerstörung sorg+en,4.085174457566788
-7.248072034649396,0.6646126020009306,-0.09347965024639152,-0.024484328071216862,-0.016029471806265468,tausende,3.88330479147377
-7.248072034649396,0.6646126020009306,-0.09347965024639152,-0.024484328071216862,-0.016029471806265468,sorg+en tausend+e,3.88330479147377
-3.910090015557821,-1.0083665785076876,-0.7082389327740246,-0.016016712347792898,0.02525658976315739,tausend+e mensch+en,7.606936309386783
-7.450723193976275,0.7658321093764375,-0.03692979350158561,-0.025133313307353418,-0.020175447717400243,töten,3.6576872437363703
-7.450723193976275,0.7658321093764375,-0.03692979350158561,-0.025133313307353418,-0.020175447717400243,mensch+en töt+en,3.6576872437363703
2.21466554962924,-4.052934639194211,-1.2418858716433214,-0.007946333148040377,0.05522134439278248,/li,14.437435035967079
-7.502403587473816,0.7916072467476316,-0.021914982444572465,-0.025300275740173118,-0.021286399982181667,töt+en /li,3.600175622731439
-7.5628785293008125,0.8217452686220821,-0.0040192341362744015,-0.02549618171565583,-0.022616129075445926,Umso,3.5328923208912313
-7.5628785293008125,0.8217452686220821,-0.0040192341362744015,-0.02549618171565583,-0.022616129075445926,/li umso,3.5328923208912313
-7.596640261383277,0.8385587593642949,0.006128991776625245,-0.02560574255611727,-0.023372913275305697,wichtiger,3.495337233218
-7.596640261383277,0.8385587593642949,0.006128991776625245,-0.02560574255611727,-0.023372913275305697,umso wichtig+er,3.495337233218
-7.718063716360222,0.8989490547378374,0.04360226100689196,-0.026000318705742702,-0.026184672722773035,frühzeitig,3.3603205487166017
-7.718063716360222,0.8989490547378374,0.04360226100689196,-0.026000318705742702,-0.026184672722773035,wichtig+er frühzeitig,3.3603205487166017
-7.778648607035695,0.9290290097823202,0.06289725945772767,-0.02619711028930729,-0.027643148151704974,erkennen,3.2929851604302245
-7.778648607035695,0.9290290097823202,0.06289725945772767,-0.02619711028930729,-0.027643148151704974,frühzeitig erkenn+en,3.2929851604302245
9.040379801290793,-7.226972665324169,0.36062564300166616,-0.009531261807293976,0.018159751799419352,Gefahr,21.987359625417593
-7.853197742088148,0.9659874188184265,0.0872165290335778,-0.026438671871183147,-0.029491889833931112,erkenn+en gefahr,3.210162332675736
-7.883465995158014,0.9809743432916773,0.09727903147768678,-0.026536443611189644,-0.030260288902733412,gefahr warn+en,3.176545931326927
-7.502403587473816,0.7916072467476316,-0.021914982444572465,-0.025300275740173118,-0.021286399982181667,warn+en /li,3.600175622731439
-7.923956129923875,1.0010040964724047,0.11091554954686578,-0.026666849654633357,-0.03130485913486933,/li mithilfe,3.1315876779965404
-7.945862585301267,1.0118316002748589,0.1183790044257738,-0.026737184451508057,-0.03187815902411606,modernster,3.1072691732508204
-7.945862585301267,1.0118316002748589,0.1183790044257738,-0.026737184451508057,-0.03187815902411606,mithilfe modern+st+er,3.1072691732508204
-7.970573409360227,1.0240370364820535,0.12687154667253595,-0.026816308419239113,-0.032531884633244336,Tec…,3.0798422116511626
-7.970573409360227,1.0240370364820535,0.12687154667253595,-0.026816308419239113,-0.032531884633244336,modern+st+er tec…,3.0798422116511626
-7.983199078657343,1.030269795471223,0.13124125244784193,-0.026856639004132352,-0.03286882224782995,+5252,3.0658307418689903
-7.983199078657343,1.030269795471223,0.13124125244784193,-0.026856639004132352,-0.03286882224782995,tec… +5252,3.0658307418689903
-7.995278653099895,1.0362307284961485,0.13544152218541183,-0.026895159054665132,-0.03319306331857039,+5252 chars,3.0524265858040662
-3.1404060751436065,-1.3929052348519924,-0.8017059798389633,-0.01458438625846072,0.03089884659912261,Seit,8.465750187003916
15.98079842864042,-10.825743597675935,-1.728266100723126,0.0010291901980064102,0.07007009282616289,Fukushima,29.77005829255127
-5.807583556739334,-0.05769957167108952,-0.4151576789447259,-0.02030823857230573,0.006440612803232937,seit fukushima,5.489506074880747
-6.376191961347439,0.2276521791726398,-0.3021610620434794,-0.021854963047703735,-0.0012391754739973504,stillgelegt,4.855170157466732
-7.590108728493905,0.8353067225339326,0.004156758093268979,-0.025584538372601,-0.023225682653939553,fukushima still+ge+leg+t,3.5026021863658774
-7.494202839416302,0.7875183758403066,-0.024314454772969212,-0.025273750990700766,-0.021108574152992145,still+ge+leg+t japan,3.6093009076325018
-7.371057462620519,0.7260671991919423,-0.05959150591558929,-0.02487698043374514,-0.018506782557416168,leistungsstärkstes,3.7463633935889686
-7.371057462620519,0.7260671991919423,-0.05959150591558929,-0.02487698043374514,-0.018506782557416168,japan leistungsstärkst+es,3.7463633935889686
-1.5087868421612995,-2.108215041533535,0.26299869727143915,-0.01394314217942393,0.013575331075691043,AKW,10.261819171779049
-7.1046091679928045,0.5928416471848521,-0.1314361288230022,-0.024031977214932856,-0.013280117464963125,leistungsstärkst+es akw,4.043108141632757
-1.7467478651630692,-2.0986801420993006,1.3801556491294789,-0.016080242935913442,-0.0033613088438600586,Welt,10.060365581679385
-5.243205449384979,-0.2980116542774618,0.16576386614238886,-0.01956711699115314,-0.0010594061410983784,akw welt,6.110863599956039
-6.54606281974208,0.31288438061751744,-0.2652595192385234,-0.022343300050484013,-0.0037970712719703065,hochfahren,4.665718540214932
-6.54606281974208,0.31288438061751744,-0.2652595192385234,-0.022343300050484013,-0.0037970712719703065,welt hoch+fahr+en,4.665718540214932
-5.806893183836208,-0.058045996809949596,-0.4152860313683788,-0.020306441437235305,0.00644920484624914,hoch+fahr+en nach,5.490276371447571
24.123132410730683,-14.811818783297854,-1.8549254473934391,0.0037296078190763382,0.06876624007318427,Tsunami-Katastrophe,38.8327151743972
0.7113585639317108,-3.3084841394014393,-1.1447108099452614,-0.009137137654907713,0.04980411396734449,nach tsunami-katastroph+e,12.761624849646967
-5.686874288266464,-0.11826740803490177,-0.4373039243175378,-0.019996912797971042,0.007918665953778707,tsunami-katastroph+e fukushima,5.624192768759692
5.8025913006084835,-5.824605243304125,-1.4239126981648922,0.018118462666939807,0.06623052521680897,Jahr,18.4356029925165
-5.462453325092475,-0.23085201443021441,-0.47696692957916964,-0.01943331440850103,0.010543385689116622,fukushima jahr,5.87461378710184
14.142214305196667,-9.92421174418461,-1.6885394254706123,0.00025874632596020964,0.06966257895839603,2011,27.723195320383613
-1.250857531730805,-2.334296555591617,-0.9909156671526524,-0.011613913571367063,0.04171322760780789,jahr 2011,10.57357382521479
-3.7142773818970074,-1.04992542477614,-0.05474109813506409,-0.016828073224796642,0.011641306449712946,gehen,7.811101174475863
-5.7800775080916065,-0.07150178817546582,-0.420256290295804,-0.020236784728927336,0.006781688608086357,2011 geh+en,5.520196630272391
-4.752940134352649,-0.5865226334701772,-0.5910214107337458,-0.01777375960747181,0.017928119056879722,Atomkraftwerke,6.6663832058169055
-6.039669801594628,0.05876892424468272,-0.37085144104362117,-0.02092336875815229,0.0034568478020025224,geh+en atom+kraft+werk+e,5.230565293062887
-6.317109934717617,0.19800386064677244,-0.314630644953323,-0.021687965224020708,-0.000380371764185556,atom+kraft+werk+e japan,4.921069856735144
-1.6109274914088534,-2.0878398436253884,-0.2815236058643483,-0.013738650830080362,0.023877318220307475,Netz,10.152819621098295
-6.477298941982358,0.27838487538426726,-0.2803895647434163,-0.02214415864523744,-0.002745336344002227,japan netz,4.742404660083499
-4.529818511268419,-0.698269283145017,-0.6237862231777705,-0.01728745023755261,0.02000385254177249,seit jahr+en,6.915375201557012
-7.736453481155262,0.9080833888695015,0.04941569498855557,-0.026060078306866408,-0.026623329551561714,vollzieht,3.339879367823563
-7.736453481155262,0.9080833888695015,0.04941569498855557,-0.026060078306866408,-0.026623329551561714,jahr+en vollzieh+t,3.339879367823563
-7.7941879421735605,0.9367379608191493,0.06791307512721069,-0.026247531312712142,-0.02802348726357394,vollzieh+t land,3.275718138976477
0.7678792605063656,-3.3365010018830525,-1.1486505566276375,-0.009072968183300088,0.050001841944061584,jedoch,12.824638838961695
-7.812661316119732,0.9458989927097035,0.07391220475941664,-0.026307431180994375,-0.028479043741652048,land jedoch,3.2551929412315914
-7.853197742088148,0.9659874188184265,0.0872165290335778,-0.026438671871183147,-0.029491889833931112,Wendung,3.210162332675736
-7.853197742088148,0.9659874188184265,0.0872165290335778,-0.026438671871183147,-0.029491889833931112,jedoch wendung,3.210162332675736
-7.880566916654905,0.9795394005911695,0.0963104286145883,-0.026527088783110324,-0.030186235487154003,Zahlreiche,3.1797654025941133
-7.911049867782307,0.9946219560342746,0.10654676491391823,-0.026625336064787147,-0.030969797568022754,Akw,3.145916786774626
-7.911049867782307,0.9946219560342746,0.10654676491391823,-0.026625336064787147,-0.030969797568022754,zahlreich+e akw,3.145916786774626
-7.921418940396125,0.9997496354209339,0.110055058119162,-0.02665869290294685,-0.031238833685511842,arbeiten,3.134404476136714
-7.921418940396125,0.9997496354209339,0.110055058119162,-0.02665869290294685,-0.031238833685511842,akw arbeit+en,3.134404476136714
-7.865654891025189,0.9721567912998392,0.09134439813108355,-0.026478936891942615,-0.029806859199667066,arbeit+en groß,3.196326416921099
-1.038196207325175,-2.44003174298572,-1.009376856464704,-0.011319480134180875,0.04272035298839618,steht,10.810750763893939
-7.8435263668204325,0.9611963912044619,0.08402461395629156,-0.026407388141891322,-0.029248570361426078,groß steh+t,3.2209049090651956
-5.768797708002879,-0.041034957846275866,0.25787538953402545,-0.020611253633747547,-0.006557777980595758,Wiederinbetriebnahme,5.527286772813444
-7.782600073091661,0.9309895524098555,0.06417009611368063,-0.026209934455284776,-0.027739617642868718,steh+t wiederinbetriebnahme,3.2885942154944092
44.58420392675247,-24.467603667680173,0.8771375857793879,0.031898469575278435,-0.0016161022996955265,Das,61.495108010027494
-7.662158406049912,0.8711606188118515,0.026155395553260494,-0.025818601552964626,-0.024872174706019698,Kashiwazaki-Kariwa-Akw,3.422474346321411
-7.662158406049912,0.8711606188118515,0.026155395553260494,-0.025818601552964626,-0.024872174706019698,der kashiwazaki-kariwa-akw,3.422474346321411
-5.781678526022107,-0.07069842511252489,-0.41996037467512554,-0.020240935452497156,0.006761906017824133,ging,5.518410245767162
-7.51045141157921,0.7956194231329026,-0.01955398460269193,-0.025326316274832176,-0.021461481564873618,kashiwazaki-kariwa-akw geh,3.5912207934839118
-7.468632259326361,0.774766068843515,-0.03175514174270888,-0.02519111763136839,-0.02055783864076638,geh 2011,3.63775615571946
-7.381797859743785,0.7314303724993203,-0.05656970585911196,-0.024911456253208116,-0.018728729143058495,2011 netz,3.7344067821695512
1.7390070073200157,-3.6819792170992875,0.5572194348803245,-0.010793474122478244,0.015566257427726314,Foto,13.874817160091045
-0.8657778931268467,-2.4299726344327035,0.7948604096060101,-0.012319074384700784,0.008849543344303226,picture,10.988707500716142
-0.8657778931268467,-2.4299726344327035,0.7948604096060101,-0.012319074384700784,0.008849543344303226,foto picture,10.988707500716142
-2.2320909683530115,-1.7897013436845435,0.998063174287333,-0.01270470519266112,0.004339969227759647,alliance,9.48319165579885
-2.2320909683530115,-1.7897013436845435,0.998063174287333,-0.01270470519266112,0.004339969227759647,picture alliance,9.48319165579885
-5.346734046001097,-0.2888908090915252,-0.49669526588172563,-0.019150237723330396,0.01183813813726187,ASSOCIATED,6.00374467249975
-5.346734046001097,-0.2888908090915252,-0.49669526588172563,-0.019150237723330396,0.01183813813726187,alliance associated,6.00374467249975
-5.09074516265611,-0.41724233848612036,-0.5387147268757988,-0.018541591341483504,0.014571732806502941,PRESS,6.28940981631193
-5.09074516265611,-0.41724233848612036,-0.5387147268757988,-0.018541591341483504,0.014571732806502941,associated press,6.28940981631193
-5.806893183836208,-0.058045996809949596,-0.4152860313683788,-0.020306441437235305,0.00644920484624914,press nach,5.490276371447571
-7.683469539528415,0.8817570074879191,0.03276646914513547,-0.025887873381794872,-0.025368815872727678,+1715,3.3987791832566994
-7.683469539528415,0.8817570074879191,0.03276646914513547,-0.025887873381794872,-0.025368815872727678,seit +1715,3.3987791832566994
-7.713316550231232,0.8965905621566514,0.04210761585256445,-0.02598488998574586,-0.026072000251224553,+1715 chars,3.3655975993037393
-7.846782499976747,0.9628095476172303,0.08509801108602535,-0.02641792282174414,-0.029330372633930568,Einfach,3.217288052631374
-7.819774373888252,0.9494253619822868,0.07623273061261415,-0.02633048158218728,-0.02865544941107312,Essen,3.2472904533925346
-7.819774373888252,0.9494253619822868,0.07623273061261415,-0.02633048158218728,-0.02865544941107312,einfach essen,3.2472904533925346
-7.79036889669397,0.9348436046762627,0.0666777861268894,-0.026235142244127256,-0.027929771594846622,essen der,3.279961645398794
-7.774651274207239,0.9270455390742487,0.06161146202744937,-0.026184135523805063,-0.027545728861667923,Genusskolumne,3.2974271758990463
-7.774651274207239,0.9270455390742487,0.06161146202744937,-0.026184135523805063,-0.027545728861667923,der genusskolumn+e,3.2974271758990463
-7.70850684038872,0.8942007741480817,0.04059579341333196,-0.025969257286024176,-0.025958077371685408,Wieso,3.3709443104826553
-7.70850684038872,0.8942007741480817,0.04059579341333196,-0.025969257286024176,-0.025958077371685408,genusskolumn+e wieso,3.3709443104826553
-7.678253543840595,0.8791638750357476,0.031143898875501452,-0.02587091833246008,-0.025246845347028347,paniertes,3.4045784456938892
-7.678253543840595,0.8791638750357476,0.031143898875501452,-0.02587091833246008,-0.025246845347028347,wieso paniert+es,3.4045784456938892
-7.621749234246966,0.8510572580259077,0.013751311342094986,-0.02568728875033382,-0.023942637778186115,Schweineschnitzel,3.4674108171427873
-7.621749234246966,0.8510572580259077,0.013751311342094986,-0.02568728875033382,-0.023942637778186115,paniert+es schwein+e+schnitzel,3.4674108171427873
-7.459767817348586,0.7703442862191683,-0.034320183373456145,-0.025162498717225867,-0.02036822641922726,dunkler,3.6476212684398117
-7.459767817348586,0.7703442862191683,-0.034320183373456145,-0.025162498717225867,-0.02036822641922726,schwein+e+schnitzel dunkel+er,3.6476212684398117
-7.381797859743785,0.7314303724993203,-0.05656970585911196,-0.024911456253208116,-0.018728729143058495,Curry-Sauce,3.7344067821695512
-7.381797859743785,0.7314303724993203,-0.05656970585911196,-0.024911456253208116,-0.018728729143058495,dunkel+er curry+-+sauce,3.7344067821695512
-5.980353034191494,0.02900031906903644,-0.38236480253683913,-0.021527105710919932,0.0055471041144368564,gut,5.296741527179565
-7.189026307559526,0.6350832754908113,-0.1092998894960702,-0.024297354088197616,-0.014880300883474057,curry+-+sauce gut,3.9490685325272112
-7.1225706232684125,0.6018315831940129,-0.12677259209983788,-0.024088242413520495,-0.013616482964457603,schmeckt,4.023097650501866
-7.1225706232684125,0.6018315831940129,-0.12677259209983788,-0.024088242413520495,-0.013616482964457603,gut schmeck+t,4.023097650501866
-6.13256630947167,0.105390267600602,-0.35244021323710667,-0.021175798805694646,0.002206512189170364,Unsere,5.12692892994024
-6.9360187970204645,0.5084109673532478,-0.1740411477158239,-0.023509458334985224,-0.010225648448121155,schmeck+t unser+e,4.230970562474075
-6.736771828164844,0.4085380423693008,-0.2218488894197427,-0.022905905366770694,-0.00683761482806336,Kolumnistin,4.453072019736365
-6.736771828164844,0.4085380423693008,-0.2218488894197427,-0.022905905366770694,-0.00683761482806336,unser+e kolumnist+in,4.453072019736365
-4.61350831679225,-0.6563608255247537,-0.6116541749595786,-0.017467979219251473,0.01923768140875288,erlebte,6.821982053291489
-6.154911706449223,0.11660461979713999,-0.34795092802962657,-0.021237054715551134,0.0019007096446319906,kolumnist+in erleb+te,5.102001080688203
-3.6859285090303455,-1.120426736395808,-0.7366604203529551,-0.015583892092092143,0.026991804165215308,erleb+te tsunami-warnung,7.857067079181015
2.0152743731789684,-3.818122794470098,0.406268446791385,-0.04725740027118004,0.08125715039275291,tsunami-warnung japan,14.180403182253993
-4.43691232417369,-0.7449378950926717,-0.6365905026185587,-0.026571135121997314,0.03715657150255566,erst,7.019104334795352
-6.758358270049484,0.41909927768331756,-0.216006703622867,-0.03979580967906512,0.021678709399982732,japan erst,4.429093280530765
-6.998901827984554,0.5398166705632479,-0.15784166835575653,-0.03551310377310629,0.008900373424238654,Currygericht,4.160914002550301
-6.998901827984554,0.5398166705632479,-0.15784166835575653,-0.03551310377310629,0.008900373424238654,erst curry+gericht,4.160914002550301
-7.230518739894876,0.6558185046304352,-0.09783826869369708,-0.03249948083875888,-0.0018638488338231403,spendete,3.9028484896104843
-7.230518739894876,0.6558185046304352,-0.09783826869369708,-0.03249948083875888,-0.0018638488338231403,curry+gericht spend+ete,3.9028484896104843
2.318668446797467,-4.104381543916251,-1.2480051617711012,-0.00544649921466054,0.05751721958773463,später,14.55335372836585
-7.390099124844917,0.7355839817885652,-0.05394824349182531,-0.03096177684750755,-0.008591908077782352,spend+ete spät+er,3.725152209195054
-7.4579594600310255,0.7694573318522531,-0.034598661192058455,-0.03042631215166751,-0.011313422911352032,Trost,3.6496186836357825
-7.4579594600310255,0.7694573318522531,-0.034598661192058455,-0.03042631215166751,-0.011313422911352032,spät+er trost,3.6496186836357825
-7.539788526693499,0.810261321852437,-0.01068849023616231,-0.02986746153645193,-0.014499751156356225,verbindet,3.558563941337461
-7.6326689117839805,0.856513645834561,0.017253931331206503,-0.029341157098883887,-0.018005448710180526,Seele,3.4552512257857035
-7.6326689117839805,0.856513645834561,0.017253931331206503,-0.029341157098883887,-0.018005448710180526,verbind+et seele,3.4552512257857035
-7.666648709591885,0.8734164885707019,0.027699093233795886,-0.029175752433275096,-0.019261987565621953,seele japan+s,3.4174661663815744
-7.748928648085258,0.9143005418024481,0.05350727631220914,-0.02883209242999922,-0.02225457645439982,österreichischen,3.3259995042150767
-7.748928648085258,0.9143005418024481,0.05350727631220914,-0.02883209242999922,-0.02225457645439982,japan+s österreichisch+en,3.3259995042150767
-7.815664091286025,0.9474092128278393,0.07499735288869433,-0.028609445080806394,-0.024636741731713534,Klassiker,3.251843812141865
-7.815664091286025,0.9474092128278393,0.07499735288869433,-0.028609445080806394,-0.024636741731713534,österreichisch+en klassiker,3.251843812141865
-3.0954330463727553,-1.415359294745159,-0.806798272455031,-0.015108563158435439,0.03224155507619465,Zugang,8.515928911416434
-3.7929960071680453,-1.066914284962858,-0.7231873571386997,-0.01640190675243718,0.0272278525257534,stern+statt,7.737597731432259
-3.7929960071680453,-1.066914284962858,-0.7231873571386997,-0.01640190675243718,0.0272278525257534,zugang stern+statt,7.737597731432259
-4.23540675009563,-0.8456422503097305,-0.6650160117093789,-0.017263381310699252,0.02360893702891571,"11,96",7.243918405684567
-4.23540675009563,-0.8456422503097305,-0.6650160117093789,-0.017263381310699252,0.02360893702891571,"stern+statt 11,96",7.243918405684567
-4.656221212438421,-0.6361629663525123,-0.6039324125615947,-0.047273529552840914,0.07008003711425638,Alles,6.7747894922289875
-4.770276272015547,-0.5778402646346361,-0.5883940329385849,-0.01833469704375245,0.018660305647629005,"11,96 alle+s",6.647037067487948
-3.7929960071680453,-1.066914284962858,-0.7231873571386997,-0.01640190675243718,0.0272278525257534,stern+,7.737597731432259
-3.7929960071680453,-1.066914284962858,-0.7231873571386997,-0.01640190675243718,0.0272278525257534,alle+s stern+,7.737597731432259
-5.039582842454729,-0.4428894923305786,-0.5468362395706245,-0.01889702210138519,0.01591249566414812,erstklassigen,6.346504050471201
-5.039582842454729,-0.4428894923305786,-0.5468362395706245,-0.01889702210138519,0.01591249566414812,stern+ erstklassig+en,6.346504050471201
-5.181280149834906,-0.37185642337159397,-0.5240798593353274,-0.019199317631065322,0.014389441981815139,Inhalten,6.188378222716293
-5.181280149834906,-0.37185642337159397,-0.5240798593353274,-0.019199317631065322,0.014389441981815139,erstklassig+en inhalt+en,6.188378222716293
-5.294910240629625,-0.3148805956462355,-0.5053591053478755,-0.01944559285387699,0.013127924916488676,GEO,6.061575350551879
-5.294910240629625,-0.3148805956462355,-0.5053591053478755,-0.01944559285387699,0.013127924916488676,inhalt+en geo,6.061575350551879
-5.35813073900792,-0.2831762120836574,-0.4947543939195528,-0.019584269608993884,0.012410171819531142,Capital,5.991026749646372
-5.35813073900792,-0.2831762120836574,-0.4947543939195528,-0.019584269608993884,0.012410171819531142,geo capital,5.991026749646372
-5.417089179716038,-0.2536063466730858,-0.48473922633278876,-0.019714747210502325,0.011730365093203823,capital /li,5.9252349091617535
-4.9176557958922285,-0.5039958590512277,-0.5659253864077062,-0.018475205652348642,0.016895609063024782,Wochen,6.482568448113172
-5.485607308675021,-0.21923864847236496,-0.4729444661256448,-0.019867855920322954,0.01092745210123491,/li woche+n,5.84877634157353
-5.530564963561343,-0.19668671857584652,-0.4651124719187287,-0.019969220769927912,0.010392980399961095,testen,5.79860925521359
-5.530564963561343,-0.19668671857584652,-0.4651124719187287,-0.019969220769927912,0.010392980399961095,woche+n test+en,5.79860925521359
-5.608373737380732,-0.1576526228823547,-0.45137917944271,-0.0201464317533377,0.009453372870446314,"2,99",5.711785792581059
-5.608373737380732,-0.1576526228823547,-0.45137917944271,-0.0201464317533377,0.009453372870446314,"test+en 2,99",5.711785792581059
7.96358924537131,-7.002006193036639,2.0255049382302164,0.018351362592466086,0.07205515967228224,Woche,20.945382407894353
-5.485607308675021,-0.21923864847236496,-0.4729444661256448,-0.019867855920322954,0.01092745210123491,"2,99 woche",5.84877634157353
-5.417089179716038,-0.2536063466730858,-0.48473922633278876,-0.019714747210502325,0.011730365093203823,woche /li,5.9252349091617535
-4.959583989177213,-0.4829838251773948,-0.5594171028863371,-0.01850673148612232,0.016367511185546548,jederzeit,6.435778635759046
-5.730987478613756,-0.09613397268250923,-0.42926400688846816,-0.020430529545914792,0.007934185366859987,/li jederzeit,5.574970428523596
-5.779309153786618,-0.0718875036260016,-0.42038394005587354,-0.020544206208009938,0.007322166177554282,kündbar,5.521053512817567
-5.779309153786618,-0.0718875036260016,-0.42038394005587354,-0.020544206208009938,0.007322166177554282,jederzeit künd+bar,5.521053512817567
-5.417089179716038,-0.2536063466730858,-0.48473922633278876,-0.019714747210502325,0.011730365093203823,künd+bar /li,5.9252349091617535
-5.838309405019836,-0.04228140363122135,-0.4094113951149441,-0.020684376091330985,0.006564410386519906,/ul,5.455222904841236
-5.838309405019836,-0.04228140363122135,-0.4094113951149441,-0.020684376091330985,0.006564410386519906,/li /ul,5.455222904841236
-1.3254186959468104,-2.3510295391464093,-0.9753653488848217,0.4130522017472357,0.12363479084278939,Mehr,10.513850184091568
-7.904692187336531,0.6790571687216078,0.11217634071300504,0.974007780434671,0.15677339597602483,750,3.2889820578364555
-7.904692187336531,0.6790571687216078,0.11217634071300504,0.974007780434671,0.15677339597602483,mehr 750,3.2889820578364555
-8.148347808030227,0.9066233157142112,0.19419931228315312,0.7935253981670818,0.1119494786286693,750 tot+e,2.971832165866667
-8.355294676812225,1.0947174987659738,0.27231776729851503,0.6072313549844995,0.06824822578947157,Hochwasser,2.704865665552622
-8.452728204049006,1.1790891655593394,0.3120840756030023,0.5056017224973568,0.04550849862934239,tot+e hochwasser,2.5810494487321765
5.961834791528993,-5.904839590688603,-1.429480818707243,0.07237286127085259,0.09512769284442679,Auf,18.61374333860425
-8.537021939331668,1.2483821658178644,0.3480928441328361,0.40880482236157695,0.024564274310607735,hochwasser auf,2.475571911574042
15.529476151637024,-10.390300333459495,1.1631933779683126,0.04498166890512538,0.05716663489182415,Insel,29.217608755038285
-8.571524892834434,1.2754369078107946,0.3632603204835509,0.36650845078527683,0.015628337123269633,auf insel,2.432975858010754
-8.349190459594999,1.089314569812772,0.2698918929693292,0.6132690352074064,0.06962353679825696,Sumatra,2.712674902496377
-8.59058728992044,1.28999801242552,0.37174525286698473,0.3424211714734685,0.010597419637392582,insel sumatra,2.4096123994844376
-6.333340050445711,0.18284477947312405,-0.30750027917411954,0.2745192705372508,0.050823094280410736,Überschwemmungen,4.913079294219702
-8.62780241035497,1.3175403349918522,0.38852176584732884,0.2938454798375847,0.0005786017281642249,sumatra überschwemmung+en,2.364390039762693
-8.656329080028993,1.3377755431692413,0.4015663242130235,0.25515646785134116,-0.007281016640232965,Erdrutschen,2.3301112100413395
-8.656329080028993,1.3377755431692413,0.4015663242130235,0.25515646785134116,-0.007281016640232965,überschwemmung+en erd+rutsch+en,2.3301112100413395
-7.977961825045439,1.0207133776613486,0.13100832018590525,0.15417755873699557,-0.0025580963990458963,letzten,3.074645218959906
-8.67398101465454,1.349876962773334,0.40971593790895044,0.23055536450201047,-0.012223941072618719,erd+rutsch+en letzt+en,2.3090843905718295
-4.746973464480588,-0.590112327498904,-0.5912544004639461,0.049350269741845205,0.029382831856620793,Tagen,6.673289547838795
-8.679991140224537,1.353919518937789,0.41250396362809555,0.22206068124407785,-0.013920905394725944,letzt+en tag+en,2.3019593193423447
2.125025058201601,-3.876614173286328,0.46140234903106986,0.15413554541646832,0.07395975321777751,mehr,14.305477477952707
-8.684082147034253,1.3566479246580245,0.4144055263501858,0.2162435335402186,-0.015080091108858516,tag+en mehr,2.297119615705597
-8.691942329835792,1.3618360424251454,0.4180675950995332,0.2049866952680641,-0.01731658657311254,750 mensch+en,2.287844663929925
2.3029364998444315,-4.098823874483445,-1.2446736443818636,0.05304099309529258,0.1232571954204531,ums,14.536723263570066
-3.6027777513186336,-1.163146776788687,-0.74590861419809,0.06440667522046052,0.048185068653226595,mensch+en um,7.950334119849362
0.4974573700720306,-3.2055316316505773,-1.126454423275943,0.0580865273835559,0.13573416016896675,um leben,12.524409206266853
2.928249001598701,-4.4082116712802435,-1.280386656230763,0.04012294322615116,0.134651784059496,gekommen,15.233730749218704
-3.180629548439649,-1.3810362167265962,-0.7913866695864142,0.07983511618640458,0.18951060893842098,leben ge+komm+en,8.42429955541042
-8.415365148840799,1.147190810763918,0.2966007980156776,0.5457870803765794,0.054407634067037594,indonesische,2.6283267956441883
-8.707455715319401,1.3718605064696379,0.42532769616512667,0.1824555911462506,-0.021766781138936694,ge+komm+en indonesisch+e,2.269633405312201
-8.71232894717828,1.3749486830131374,0.42761702981208194,0.17529063806942755,-0.023174651521828404,Medien,2.2639393674147668
-8.71232894717828,1.3749486830131374,0.42761702981208194,0.17529063806942755,-0.023174651521828404,indonesisch+e medi+en,2.2639393674147668
-6.136228072623227,0.10664315652274903,-0.3510227392598353,0.04993262080501472,0.014123746180062204,Mittwoch,5.123084163570578
-8.715724817383624,1.3770830105498848,0.42921475409050763,0.17027284494307626,-0.024158528182485824,medi+en mittwoch,2.259979263006407
-6.979924418677713,0.5293084766144356,-0.1622921042844131,0.06565646057108002,0.003929237186549785,berichtet,4.182500261637791
-8.71855546768445,1.3788508858315836,0.43054805524312656,0.1660744782603049,-0.024980413703233013,mittwoch bericht+et,2.256683206518533
-7.191038412130507,0.4935123058883246,-0.09937067631206516,0.6636141046969621,0.11025065195999811,Hunderte,4.008898567893693
-0.6248347130734793,-2.6517137966443873,-1.0415669411096753,0.1433281273196256,0.08238077909001025,weitere,11.274433562972394
-8.725741452694091,1.3832924320174693,0.433938911400972,0.1553516004965356,-0.027074113276061476,hundert+e weit+er+e,2.2483360896422018
-7.993186919125627,0.7619554874299646,0.14082388080528913,0.9124837006637988,0.14122102634749503,vermisst,3.173667873846634
-8.72933836468458,1.385490232693095,0.4356394361972746,0.14994918006552987,-0.028126007882925623,weit+er+e vermiss+t,2.2441691123052987
-8.731552462918861,1.3868345580029466,0.43668726887728887,0.14661196179248975,-0.02877480348493277,Schwerpunkt,2.241607852188829
-6.463369777128387,0.19332379710430336,1.2819507847528473,0.06489291446028497,-0.005644145371492756,nördliche,4.8155506715336855
-8.728413173767654,1.3849265542291471,0.4352018251426558,0.1513410304955602,-0.0278551925622142,schwerpunkt nördlich+e,2.245240217288898
2.813917201889586,-4.3494295140831465,-1.2763846222005168,0.026320622557717242,0.06188260983296932,Provinz,15.105390585969685
-8.725992465830995,1.383446361462536,0.4340575138810987,0.1549753522157358,-0.027147435936428578,nördlich+e provinz,2.248045051065726
-2.9264729455139085,-1.4997088684558886,-0.8254311183608617,0.020621777392692678,0.03825784321127738,Aceh,8.70444434781374
-5.060856960482511,-0.4324138597457199,-0.5429966005981771,0.03271864530134951,0.023537293712702554,provinz aceh,6.322835024486537
-8.721480047830262,1.380666614849591,0.4319270289746721,0.1617216850043407,-0.025831262585558283,aceh ein,2.2532825167044326
-7.630750123994402,0.8399614578454042,0.01889193726523507,0.2263232848305206,0.01859676405386037,Tropensturm,3.4641418261114163
-8.720336329551616,1.379957850664807,0.43138758007546046,0.16342576879005127,-0.02549831563773048,ein tropensturm,2.2546118511823297
-8.71539764470271,1.3768780165367507,0.4290607364171168,0.17075717648207267,-0.024063636582428376,tropensturm hochwasser,2.2603605174018986
-2.306152503150514,-1.8141799163171757,-0.8895835068059189,0.1325047266166133,0.06143243588947867,bereits,9.39871435402254
-8.709015645249842,1.372852260564429,0.4260600679178402,0.18016665524253153,-0.02221692531711037,hochwasser bereits,2.267809320109494
-8.705837222522433,1.3708283343551355,0.42456827759225896,0.1848259167211932,-0.02130025238357082,letzte,2.2715273676215224
-8.705837222522433,1.3708283343551355,0.42456827759225896,0.1848259167211932,-0.02130025238357082,bereits letzt+e,2.2715273676215224
-8.702852311162808,1.3689162953713043,0.4231689185406586,0.18918530547586454,-0.020441228829832375,letzt+e woche,2.2750240221195757
-8.700124233357794,1.3671592662974517,0.4218913355272043,0.1931559296724924,-0.01965767588634846,woche hundert+e,2.278223982417687
-7.818650384130418,0.94476389171016,0.07719357841900008,0.11990673779482561,-0.004296694744078983,Menschenleben,3.2502991777381585
-8.695699244912504,1.3642902372933996,0.4198218748143,0.1995687392921285,-0.0183898972928994,hundert+e mensch+en+leben,2.2834227513024463
0.18857258877281247,-3.050929214493244,-1.1053817348183324,0.06685090393085859,0.08937303856190104,mehreren,12.179445858156399
-8.686010128904208,1.3579271158283859,0.4153027399425568,0.2134921950467964,-0.015627533920300828,mensch+en+leben mehrere+n,2.294841704775046
-0.8804795873702496,-2.518606613617338,-1.021950024916414,0.016741587484876523,0.06631019124646667,Ländern,10.986698633031207
-3.263442344525248,-1.33177213023966,-0.7863927058987495,0.023830417873073592,0.061892061311413345,mehrere+n land+ern,8.328568229805413
-8.67398101465454,1.349876962773334,0.40971593790895044,0.23055536450201047,-0.012223941072618719,Südostasiens,2.3090843905718295
-8.67398101465454,1.349876962773334,0.40971593790895044,0.23055536450201047,-0.012223941072618719,land+ern südostasien+s,2.3090843905718295
-7.81674904122578,0.9409174193136236,0.07688010193178844,0.15432456813032963,0.0016295815589806653,gefordert,3.253670648151363
-8.662519467555128,1.342057427245657,0.40441765863360596,0.2465876481149403,-0.00900749586169277,südostasien+s ge+forder+t,2.3227205811944556
-8.65062320976386,1.3337933897754113,0.3989446112331955,0.2629992531561082,-0.005696302026819519,darunter,2.336938935638065
-8.65062320976386,1.3337933897754113,0.3989446112331955,0.2629992531561082,-0.005696302026819519,ge+forder+t darunter,2.336938935638065
-6.4674101851459485,0.269795406007999,-0.2811636285487208,0.1119526802646816,0.02010205611053774,Thailand,4.754988739587827
-8.63113195097204,1.3199432334711017,0.39003613237975276,0.2893962977171913,-0.00033063292849631193,darunter thailand,2.360371054078222
-4.2701141159764795,-0.8298323917543797,-0.6593308987230354,0.0749200263412018,0.037955553363306443,Sri,7.205849740474137
-8.605952881230738,1.3015176355361786,0.37863841957228195,0.3226182231739002,0.006492638299543958,thailand sri,2.3908756956455854
-4.590621670160309,-0.6698368239050869,-0.6139110407127055,0.08438375035926922,0.03684200089339107,Lanka,6.8483804089714
-4.590621670160309,-0.6698368239050869,-0.6139110407127055,0.08438375035926922,0.03684200089339107,sri lanka,6.8483804089714
-8.560086114403816,1.2665635047708932,0.35820454360919757,0.38071366500722165,0.01861495138848752,auf sumatra,2.4470553802948567
-7.4006501438852625,0.7205053322374213,-0.04836482495297886,0.25736911798919215,0.029163770892045405,stieg,3.7222346013900416
-8.519895601061826,1.2346465957893455,0.34065607215507426,0.4292008054107124,0.028920003529349796,sumatra steig,2.4968506149404117
-5.002309258878027,-0.5445438296238017,-0.5425878641330524,0.5098057521614561,0.11135353664069025,Zahl,6.424241144016864
-8.427390361743427,1.1575254425944952,0.30155211708661145,0.5330248641013876,0.05156835640688007,steig zahl,2.613080400069691
-8.148347808030227,0.9066233157142112,0.19419931228315312,0.7935253981670818,0.1119494786286693,Tote…,2.971832165866667
-8.148347808030227,0.9066233157142112,0.19419931228315312,0.7935253981670818,0.1119494786286693,zahl tote…,2.971832165866667
-8.39580619334069,1.1302537403142634,0.288612016039194,0.5662082028262099,0.05897617175557473,+4380,2.653181829037131
-8.39580619334069,1.1302537403142634,0.288612016039194,0.5662082028262099,0.05897617175557473,tote… +4380,2.653181829037131
-8.473668044122352,1.1966750811795728,0.32088977976647787,0.4823755537949971,0.0404198345753539,+4380 char+s,2.554682416174614
-7.622749512838115,0.8402452542564509,0.016132496166661417,0.19387860347419897,0.013100522979036522,tropensturm mehr,3.4711860527130485
-6.55214209238602,0.2982273335375152,-0.26081953283853004,0.24019579513884443,0.041370029514018955,1.400,4.666614239585505
-6.55214209238602,0.2982273335375152,-0.26081953283853004,0.24019579513884443,0.041370029514018955,mehr 1.400,4.666614239585505
-7.214591245371331,0.5782358388199751,-0.09653681256983793,0.4682821524897643,0.07175767410468782,1.400 tot+e,3.950875309950625
-7.487735007219015,0.7692296960393876,-0.02376586043810931,0.2225523719179396,0.02113545521450988,tot+e überschwemmung+en,3.623017931001555
-5.38133627769,-0.23164583343878986,0.5479577045826436,0.04028656033770136,0.0023536814394038187,Südostasien,5.963379673084545
-7.538776013790313,0.8080128741197801,-0.010206459846499552,0.08055347062911229,-0.004463256535854845,überschwemmung+en südostasien,3.5604365967464875
-7.509616931429976,0.7950731524983228,-0.01924974711970266,0.03434593824963047,-0.011584698012090437,südostasien mit,3.5921939506085336
-7.4756302816271925,0.7784427853510894,-0.029412582815702113,0.009012335357120583,-0.015070961469819275,Zyklon,3.6298801334781565
-7.4756302816271925,0.7784427853510894,-0.029412582815702113,0.009012335357120583,-0.015070961469819275,mit zyklon,3.6298801334781565
-7.436458005334074,0.758873820949669,-0.040904634147534966,-0.011202465474539496,-0.01759127636653989,Ditwah,3.6734916432680556
-7.436458005334074,0.758873820949669,-0.040904634147534966,-0.011202465474539496,-0.01759127636653989,zyklon ditwah,3.6734916432680556
-6.765591424055481,0.42298860429006413,-0.21509464126397335,-0.02299222560789673,-0.007313756636679651,erlebt,4.4209421822551835
-7.381797859743785,0.7314303724993203,-0.05656970585911196,-0.024911456253208116,-0.018728729143058495,ditwah erleb+t,3.7344067821695512
21.79451674416262,-13.418893866211182,0.4191410493696305,0.009349519907076767,0.021423470340981257,Indonesien,36.16433454917585
-7.301003299036282,0.6910709361145071,-0.07905306928236257,-0.024652818445206642,-0.017081467301074793,erleb+t indonesien,3.8243606612778316
-5.223916754335019,-0.3504778670160893,-0.5171259968795252,-0.01885525074954565,0.013171383406801063,schlimmste,6.1407988668249525
-7.06685285521663,0.5739405799148198,-0.141159264520281,-0.023914066857579557,-0.012580107361561357,indonesien schlimm+st+e,4.085174457566788
-6.800271826109178,0.4403759684540316,-0.20689639513284885,-0.02309654501507857,-0.007892804476811247,Umweltkatastrophe,4.3822802668057355
-6.800271826109178,0.4403759684540316,-0.20689639513284885,-0.02309654501507857,-0.007892804476811247,schlimm+st+e umwelt+katastrophe,4.3822802668057355
1.4789610717690262,-3.612319746196428,-0.5206537042887069,-0.010249767706853477,0.03553940429853629,seit,13.594204499434449
-5.806893183836208,-0.058045996809949596,-0.4152860313683788,-0.020306441437235305,0.00644920484624914,umwelt+katastrophe seit,5.490276371447571
-3.6859285090303455,-1.120426736395808,-0.7366604203529551,-0.015583892092092143,0.026991804165215308,seit tsunami,7.857067079181015
5.692795074098495,-5.605756726865213,0.25003143396046146,0.039696434987408734,0.03329479307779812,Sulawesi,18.266612291212056
-6.079806513480736,0.07891200642093255,-0.36294604043748185,-0.021031993283599795,0.0029207295916223557,tsunami sulawesi,5.185787607001388
-6.4372849097036395,0.25613561374765537,-0.2879688482787653,0.08814636743977634,0.016449542364533273,2018,4.787956332983063
-6.588558507820697,0.33420267310027496,-0.2557740646076942,-0.022467358617718605,-0.004458539684185116,sulawesi 2018,4.618329986025826
4.274237667646453,-5.071212100456737,-1.353068707847774,0.044969423025104316,0.07104241315776585,Auch,16.73293984028846
-6.9360187970204645,0.5084109673532478,-0.1740411477158239,-0.023509458334985224,-0.010225648448121155,auch sri,4.230970562474075
-7.204425738329441,0.6427860781557795,-0.10520112632913331,-0.024346014110474615,-0.015177586357886533,lanka thailand,3.9319159794174863
-7.381797859743785,0.7314303724993203,-0.05656970585911196,-0.024911456253208116,-0.018728729143058495,schwer,3.7344067821695512
-7.381797859743785,0.7314303724993203,-0.05656970585911196,-0.024911456253208116,-0.018728729143058495,thailand schwer,3.7344067821695512
-3.5142430329315877,-1.2062159009116198,-0.7577381527543416,-0.015261338655912027,0.028267766904024563,betroffen,8.04863649732377
-7.450723193976275,0.7658321093764375,-0.03692979350158561,-0.025133313307353418,-0.020175447717400243,schwer betreff+en,3.6576872437363703
38.43044061846544,-21.47930150192767,0.9080615230769985,0.03927171583157754,0.022577770094638773,schweren,54.65535751148372
-7.713316550231232,0.8965905621566514,0.04210761585256445,-0.02598488998574586,-0.026072000251224553,südostasien schwer+en,3.3655975993037393
-7.746214330414621,0.9130452478168043,0.05259307132376609,-0.01775051803545918,-0.02549550496584793,schwer+en überschwemmung+en,3.328978709164204
-7.789439530818163,0.9345959136947988,0.06668173978871157,0.006904143607384561,-0.022481059817437136,überschwemmung+en mehr,3.28089464779391
-7.816254298401905,0.9476278002194558,0.07561227484454348,0.03134884970579862,-0.019096379016356912,Leichen,3.25121247726709
-7.816254298401905,0.9476278002194558,0.07561227484454348,0.03134884970579862,-0.019096379016356912,1.400 leiche+n,3.25121247726709
-7.826242866106643,0.9522420085075731,0.07901112532917447,0.046104054739884895,-0.016892502652640327,gefunden,3.240259713767042
-7.826242866106643,0.9522420085075731,0.07901112532917447,0.046104054739884895,-0.016892502652640327,leiche+n ge+find+en,3.240259713767042
4.240735121295316,-5.054748315883435,-1.3511685111356249,0.04298336209028368,0.07944360328650443,worden,16.69563218032885
-7.833532508298374,0.9552333341412276,0.0815704408919107,0.06484360077863317,-0.013947509482308884,ge+find+en werd+en,3.2324288915356623
-7.835907604854004,0.9555408563912089,0.08252421966757069,0.08417866558923441,-0.010764508016581062,Allein,3.2301656698838546
-7.831788430204952,0.9517208906474648,0.08143609965855303,0.11370020137845864,-0.005676683272456677,allein indonesien,3.235511034437618
-7.8132503379522635,0.9388439995676607,0.07577146938053066,0.15783277379721397,0.0023190995954459614,meldeten,3.257704718909359
-7.8132503379522635,0.9388439995676607,0.07577146938053066,0.15783277379721397,0.0023190995954459614,indonesien meld+eten,3.257704718909359
-7.749564756653376,0.896126904284579,0.05607999376822806,0.24593751293908298,0.019232855321526632,meld+eten behörde+n,3.3333039537902294
-7.612346563571931,0.8006172560715974,0.014908380404952317,0.3820588377893232,0.04704099558365141,753,3.4977421357269374
-7.612346563571931,0.8006172560715974,0.014908380404952317,0.3820588377893232,0.04704099558365141,behörde+n 753,3.4977421357269374
-7.428954141719156,0.6657633338933644,-0.036909351761548595,0.5284337996223066,0.07872274363542506,753 tot+e,3.7207166855783362
-7.7343687320276056,0.879466818822374,0.05175697562902197,0.298797819154938,0.029006813219556067,bezeichneten,3.354157470719997
-7.7343687320276056,0.879466818822374,0.05175697562902197,0.298797819154938,0.029006813219556067,tot+e bezeichn+eten,3.354157470719997
-7.890872990310854,0.9753796109667172,0.10155839823387722,0.1764255009185162,0.0035559685334387928,bezeichn+eten zerstörung,3.1723169396984643
-7.978703342514878,1.0242372003696891,0.1309508254923022,0.11613641250130244,-0.009051251520220023,unerbittli…,3.072453522951937
-7.978703342514878,1.0242372003696891,0.1309508254923022,0.11613641250130244,-0.009051251520220023,zerstörung unerbittli…,3.072453522951937
-8.015485705558765,1.0437855184206193,0.1435907531189311,0.09432922209460554,-0.013717792508512683,+789,3.031033691186245
-8.015485705558765,1.0437855184206193,0.1435907531189311,0.09432922209460554,-0.013717792508512683,unerbittli… +789,3.031033691186245
-8.027680040035282,1.0501682304969358,0.1478257294818081,0.0876177232018811,-0.015175519911853175,+789 char+s,3.017345181656059
-5.4568609927472025,-0.23365707070102282,-0.4779313217596632,-0.01941951794805799,0.010606844936241679,Nasa-Satellit,5.880854191387163
-6.9360187970204645,0.5084109673532478,-0.1740411477158239,-0.023509458334985224,-0.010225648448121155,liefert,4.230970562474075
-6.9360187970204645,0.5084109673532478,-0.1740411477158239,-0.023509458334985224,-0.010225648448121155,nasa+-+satellit liefer+t,4.230970562474075
-3.3727169546284115,-1.2769102424170367,-0.7746852809433296,-0.015001058115488556,0.029286841252488437,detaillierten,8.206549411828032
-6.702600792635051,0.39140247924379823,-0.22978957738485917,-0.02280399475125825,-0.00627889144583179,liefer+t detaillier+t+en,4.491169753044911
1.4389462377480449,-3.66897395056846,-1.1936492672156374,-0.008337375976219691,0.0522228540292252,Blick,13.57275342951047
-1.6451024318041476,-2.138169230978096,-0.9553430329516228,-0.012179025384716302,0.03974715967306448,detaillier+t+en blick,10.133853464339706
24.123132410730683,-14.811818783297854,-1.8549254473934391,0.0037296078190763382,0.06876624007318427,Tsunami-Welle,38.8327151743972
-3.6859285090303455,-1.120426736395808,-0.7366604203529551,-0.015583892092092143,0.026991804165215308,blick tsunami-welle,7.857067079181015
6.408147035013997,-6.122981054762533,-1.4495979677570332,-0.0040428747854335334,0.06326346110335637,Forscher,19.110205282153025
-6.54606281974208,0.31288438061751744,-0.2652595192385234,-0.022343300050484013,-0.0037970712719703065,tsunami-welle forscher,4.665718540214932
-6.297206042857339,0.18801544482142596,-0.31879064511269517,-0.021632037233319346,-9.448798263560557e-05,daran,4.943271290550524
-6.858123580196611,0.46937548126126627,-0.19304581365230708,-0.023271633969088042,-0.008873852614566677,forscher daran,4.317791670734953
-2.9005920644712617,-1.5125851889282593,-0.8286150980280815,-0.014167449294421772,0.03248823353057381,überrascht,8.733310825023114
-7.005070769363071,0.543002389701345,-0.15684073189422124,-0.023722218482670886,-0.011454789769224843,daran überrascht,4.154016889802433
-5.431680089428341,-0.2462872673920975,-0.48225977200715153,-0.01935754294319319,0.010891455778018996,Erstmals,5.908953293551779
-7.204425738329441,0.6427860781557795,-0.10520112632913331,-0.024346014110474615,-0.015177586357886533,überrascht erstmals,3.9319159794174863
-5.112031424405072,-0.40657172395696595,-0.5353022914181775,-0.01859130061513727,0.014350966966159472,erstmals forscher,6.265655597262788
-3.2803877189426105,-1.3230181593968093,-0.7855405221904935,-0.01483390985627793,0.02993635234720084,innen,8.309567028680615
-6.092858183598237,0.08546216748575963,-0.36035928218375973,-0.021067459911049264,0.002745059009879775,forscher innen,5.171227017975942
-6.141774403541082,0.11001148184601917,-0.35059315853550616,-0.021201015890493505,0.00208073796946507,dank,5.116656613212515
-6.141774403541082,0.11001148184601917,-0.35059315853550616,-0.021201015890493505,0.00208073796946507,innen dank,5.116656613212515
-6.136742083770376,0.10748594023335434,-0.35160309405407647,-0.021187230104079524,0.002149516626980135,Satellitenaufnahmen,5.122270533985837
-6.136742083770376,0.10748594023335434,-0.35160309405407647,-0.021187230104079524,0.002149516626980135,dank satellit+en+aufnahme+n,5.122270533985837
-5.143911420956013,-0.39058978841295966,-0.5301645428911695,-0.01866605096223977,0.014018170562374978,satellit+en+aufnahme+n detaillier+t+en,6.23007946684127
-2.109187764758458,-1.90710944195752,-0.911041455927147,-0.012878632802028873,0.03725353846280482,riesige,9.61619152270176
-2.979767176618278,-1.4730794335924142,-0.819837784085705,-0.014303660900118486,0.03197157423368904,blick riesig+e,8.644976455828814
0.7113585639317108,-3.3084841394014393,-1.1447108099452614,-0.009137137654907713,0.04980411396734449,riesig+e tsunami-well+e,12.761624849646967
12.297725653809046,-9.153870316880992,2.176493489762865,-0.042102428433114125,0.13164035298864096,Pazifik,25.785715493043366
-4.276405623228742,-0.8251221045363075,-0.6594263736384745,-0.016754101581546697,0.02223793719561859,tsunami-well+e pazifik,7.198166491207837
-4.891926881146785,-0.5168874562414536,-0.5699104877081116,-0.018084956836543455,0.01657974378055429,werfen,6.511280670810866
-4.891926881146785,-0.5168874562414536,-0.5699104877081116,-0.018084956836543455,0.01657974378055429,pazifik werf+en,6.511280670810866
4.891069931453423,-5.375231962680678,-1.382919071534222,-0.011782962613550541,0.07214710236662895,Was,17.420085116350272
-5.9758396307493955,0.026735449658961574,-0.383272391047974,-0.020751993071869874,0.004296913396057998,was dabei,5.3017782120568935
-6.09920460470543,0.08864720941991289,-0.35909858623816765,-0.021084731279905372,0.0026593994825899053,offenbarte,5.164146922510981
-6.09920460470543,0.08864720941991289,-0.35909858623816765,-0.021084731279905372,0.0026593994825899053,dabei offenbar+te,5.164146922510981
-6.414744795500872,0.2469976821706239,-0.29392477007156537,-0.021964727488257372,-0.0018079609236783326,Expert,4.812170515211286
-6.414744795500872,0.2469976821706239,-0.29392477007156537,-0.021964727488257372,-0.0018079609236783326,offenbar+te experte,4.812170515211286
-6.500936667105191,0.2902446048101739,-0.2752186555744108,-0.022212390015115685,-0.0031043174569677506,experte innen,4.7160429891650955
-6.567623069423425,0.3237004782061601,-0.2604601499490185,-0.022406147041528435,-0.0041315524762959785,innen überrasch+t,4.641675586461307
-6.728389980491175,0.40433500971306224,-0.22380342964390487,-0.022880863481690817,-0.006699983381523646,Erkenntnisse,4.462416874596682
-6.728389980491175,0.40433500971306224,-0.22380342964390487,-0.022880863481690817,-0.006699983381523646,überrasch+t erkenntnis+se,4.462416874596682
-6.829849693651472,0.4552033750114297,-0.19984260701934695,-0.023185896717516058,-0.008391994631312863,dürften,4.349308397722342
-6.829849693651472,0.4552033750114297,-0.19984260701934695,-0.023185896717516058,-0.008391994631312863,erkenntnis+se dürf+ten,4.349308397722342
-6.9174455531389505,0.4991046656714826,-0.17861037762295662,-0.02345253886220159,-0.009900039656178888,künftig,4.251670950247455
-6.9174455531389505,0.4991046656714826,-0.17861037762295662,-0.02345253886220159,-0.009900039656178888,dürf+ten künftig,4.251670950247455
-6.965764968420636,0.5233137836796422,-0.1666730385722003,-0.02360089175907543,-0.01075151134038603,helfen,4.197819191838365
-6.965764968420636,0.5233137836796422,-0.1666730385722003,-0.02360089175907543,-0.01075151134038603,künftig helf+en,4.197819191838365
-5.225220878603116,-0.3514628751067561,-0.5159271106410654,0.07688772541717177,0.029439511848100248,Ende,6.140038821304788
-7.036788002414891,0.5588866442312748,-0.14882535352363993,-0.02382053612788408,-0.01202941772943271,Jul…,4.118673904586442
-7.036788002414891,0.5588866442312748,-0.14882535352363993,-0.02382053612788408,-0.01202941772943271,ende jul…,4.118673904586442
-7.010478231280305,0.5457106979761668,-0.15547937047664812,-0.02373895465463852,-0.01155230371451589,jul… ende,4.147991104998471
-7.081310165496719,0.5811785625068906,-0.13744887652613713,-0.02395915724961263,-0.012847028881885249,Juli,4.069066362382882
-7.081310165496719,0.5811785625068906,-0.13744887652613713,-0.02395915724961263,-0.012847028881885249,ende juli,4.069066362382882
5.3746785591906985,-5.613587083555872,-1.4053190275042344,-0.005101037434417616,0.062103253651435,2025,17.9588441507392
-7.05700581214219,0.5690103228710217,-0.143677501140001,-0.023883397524253364,-0.012399092104023339,juli 2025,4.096146173758871
6.980400921517482,-6.4048966737352355,-1.4724566701314137,-0.005031432835259585,0.06648509761539305,kam,19.747696413509416
-7.031620598421439,0.5562989669297487,-0.15013623936629278,-0.023804493175681125,-0.011935358879708022,2025 komm,4.124431854945334
-6.948093595019396,0.514460705728087,-0.17105772144489356,-0.023546533302111778,-0.010438456534925353,komm russisch+en,4.217513266292766
-3.287268771109993,-1.3195724818795145,-0.7844459130986764,0.01660651097227347,0.035239509733117846,Halbinsel,8.301878221231487
-6.878530344998498,0.47960320570465154,-0.1881069831458216,-0.023333710627542227,-0.009224517504297147,russisch+en halbinsel,4.295045337787348
-3.3956142430046317,-1.3012701677207903,-0.765879653423994,0.3387118256513462,0.09223021677287857,Kamtschatka,8.196572075153988
-6.032149281980885,0.054605756785205184,-0.3717180966354365,0.042749802382410614,0.014265569662532465,halbinsel kamtschatka,5.239111757515265
-6.628673055537386,0.35432465069457875,-0.24672305432984476,-0.022585156747306094,-0.005091226441202135,kamtschatka erdbeben,4.573599003644827
52.17933655392652,-28.17072767697276,0.6713234573610645,0.02922786381814241,-0.00762087906531797,erdbeben stärke,69.9408371523776
-6.346654977880627,0.21283023588155725,-0.3084178340685909,-0.021771291637839016,-0.0008079095598067625,"8,8",4.888115077857104
-6.346654977880627,0.21283023588155725,-0.3084178340685909,-0.021771291637839016,-0.0008079095598067625,"stärke 8,8",4.888115077857104
-4.808745909395197,-0.5674249185194156,-0.5802789303760615,0.17139299748329473,0.05011359740196586,stärksten,6.607936930354144
-6.09920460470543,0.08864720941991289,-0.35909858623816765,-0.021084731279905372,0.0026593994825899053,"8,8 stark+st+en",5.164146922510981
39.054261345724804,-21.790083375238197,0.7099197447751447,0.04057632681556488,0.024133262282593396,Beben,55.34920093063953
-5.8830813274067335,-0.019814088923035378,-0.40100075311630934,-0.020505930564231355,0.005491096322521153,stark+st+en beb+en,5.405269365819135
-5.601648355717301,-0.16102621898517633,-0.4525915173266787,-0.019780576737075364,0.008933746210250115,Jahrhunderts,5.719290658151755
-5.601648355717301,-0.16102621898517633,-0.4525915173266787,-0.019780576737075364,0.008933746210250115,beb+en jahr+hundert+s,5.719290658151755
-0.23483174126707418,-2.8391191365259805,-1.0749221042935095,-0.010718341314656479,0.04699884152543861,vier,11.706639482216465
-4.17556891831417,-0.8755791519390863,-0.673170682049324,-0.01654725993979689,0.02309276537036131,der vier,7.310691453538228
-3.535162216182357,-1.1957645861167872,-0.7552008255623449,-0.015300236587582115,0.028114663880798897,vier meter,8.025294826451386
4.748943699161915,-5.18945292904394,-0.37310393381675383,-0.008939991275830363,0.03654561992759761,hohe,17.226436340538076
4.748943699161915,-5.18945292904394,-0.37310393381675383,-0.008939991275830363,0.03654561992759761,meter hoch+e,17.226436340538076
0.7113585639317108,-3.3084841394014393,-1.1447108099452614,-0.009137137654907713,0.04980411396734449,hoch+e tsunami-well+e,12.761624849646967
-2.545932431373725,-1.6894706463447444,-0.8666874508622001,-0.013934341100855667,0.035330808142231704,traf,9.128982910248197
-3.950330943845956,-0.9882438838687557,-0.703024084458171,-0.016095856323771984,0.024936399665005906,tsunami-well+e treff,7.56203257902661
-4.458768482901566,-0.7338423681067408,-0.6339421863225876,-0.017135920091102066,0.02064302030915863,Russland…,6.994662695985792
-4.458768482901566,-0.7338423681067408,-0.6339421863225876,-0.017135920091102066,0.02064302030915863,treff russland…,6.994662695985792
-5.164751563753,-0.38014180537720543,-0.5267882996440431,-0.018715112298925446,0.013799205837807698,+3823,6.2068231929423066
-5.164751563753,-0.38014180537720543,-0.5267882996440431,-0.018715112298925446,0.013799205837807698,russland… +3823,6.2068231929423066
-5.424569517816419,-0.2498536909897533,-0.483477917586544,-0.019340085952404548,0.010971490800693486,+3823 char+s,5.916887930592879
-6.47414757865915,0.2768037123104592,-0.2810765928424035,-0.02213507983669638,-0.002697676926317505,Gesundheitswirtschaft,4.745919228265563
-6.097505994099984,0.08779473732455267,-0.35943619459328086,-0.021080106980310567,0.002682341508869021,Handelskammer,5.166041897246655
-8.148232426561107,1.111499749279424,0.1903525582204459,-0.027375655895370964,-0.037465537676818796,gesundheit+s+wirtschaft handel+s+kammer,2.882818645279638
-8.13275558294565,1.103902701194782,0.1846454940661549,-0.0273277759566714,-0.03701855051711254,legt,2.8999699862360364
-8.13275558294565,1.103902701194782,0.1846454940661549,-0.0273277759566714,-0.03701855051711254,handel+s+kammer leg+t,2.8999699862360364
-8.126966034480066,1.1010596219039699,0.1825196129468205,-0.02730981522346015,-0.03685222353805625,Positionspapier,2.9063865852973922
-8.126966034480066,1.1010596219039699,0.1825196129468205,-0.02730981522346015,-0.03685222353805625,leg+t position+s+papier,2.9063865852973922
-3.488290688354571,-1.219181131848318,-0.7608742589535069,-0.015213235441009441,0.028456811410025193,Hamburg,8.077594065952713
-8.102268044504788,1.0889240607320965,0.17350515470348393,-0.027232906299221864,-0.03614799684814861,position+s+papier hamburg,2.93376348276071
-8.090265834719636,1.083022621547242,0.16915603433599405,-0.027195370969254385,-0.03580884469902343,lno,2.947069785993983
-8.090265834719636,1.083022621547242,0.16915603433599405,-0.027195370969254385,-0.03580884469902343,hamburg lno,2.947069785993983
-8.080506094461843,1.078221890324588,0.16563453134950498,-0.027164775455465823,-0.035534521311884976,lno der,2.9578910281837443
-8.148232426561107,1.111499749279424,0.1903525582204459,-0.027375655895370964,-0.037465537676818796,der handel+s+kammer,2.882818645279638
-6.646673277602485,0.3633531726541763,-0.24263054570527287,-0.022638232410048018,-0.005377788148918969,handel+s+kammer hamburg,4.553528041547263
-8.17155671263026,1.1229398708659433,0.19902028739904457,-0.027447426908696664,-0.038145728340341405,hamburg gesundheit+s+wirtschaft,2.8569757596917222
-7.9640425927277345,1.0208121244885333,0.12461939381948994,-0.02679542040146724,-0.03235837876367043,Schlüsselbereich,3.087090382758389
-7.9640425927277345,1.0208121244885333,0.12461939381948994,-0.02679542040146724,-0.03235837876367043,gesundheit+s+wirtschaft schlüssel+bereich,3.087090382758389
-7.903032563329653,0.9906562794169052,0.10384337404345038,-0.02659952191966021,-0.030762655591631785,wirtschaftliche,3.1548186075835787
-7.903032563329653,0.9906562794169052,0.10384337404345038,-0.02659952191966021,-0.030762655591631785,schlüssel+bereich wirtschaftlich+e,3.1548186075835787
-5.526450329419407,-0.19875018804852873,-0.46584943758844594,-0.019592047108730987,0.00981059214341681,Zukunft,5.803200989423279
-7.856357923861104,0.9675526711833264,0.08826193574606346,-0.026448889739805765,-0.029571625396507317,wirtschaftlich+e zukunft,3.2066522737921606
-5.5299990889874415,-0.19696999533192328,-0.4652285354576412,-0.019600895099484726,0.009769599236641318,Stadt,5.7992410407565345
-7.816236868247973,0.9476716806880847,0.07507793356860129,-0.026319019042514488,-0.028567648710269018,zukunft stadt,3.2512205198490367
-7.7941879421735605,0.9367379608191493,0.06791307512721069,-0.026247531312712142,-0.02802348726357394,ausgemacht,3.275718138976477
-7.7941879421735605,0.9367379608191493,0.06791307512721069,-0.026247531312712142,-0.02802348726357394,stadt aus+ge+mach+t,3.275718138976477
19.992096263697945,-12.59994076135091,-0.29462766883150066,0.005134529538245287,0.057537970530150286,Kopiere,34.174628849670675
-7.749651678528721,0.9146369435800505,0.05361107883509601,-0.02610295576535506,-0.026940307497730694,aus+ge+mach+t kopier+e,3.3252101512092787
16.62163021883082,-10.948162409138376,-0.17561507884889258,0.004685203873547107,0.055691795532251676,kopier+e aktuell+en,30.423435920492327
14.970053472742542,-10.136220933764495,-0.07987919763205002,0.004081417825199686,0.053849264352932094,Link,28.58475203422188
14.970053472742542,-10.136220933764495,-0.07987919763205002,0.004081417825199686,0.053849264352932094,aktuell+en link,28.58475203422188
14.25654102632961,-9.7842656487359,-0.01977059942481992,0.0031936466148050516,0.05257760134743018,Zur,27.790173699206033
14.25654102632961,-9.7842656487359,-0.01977059942481992,0.0031936466148050516,0.05257760134743018,link zu,27.790173699206033
13.858170532665316,-9.587235168000474,0.022950043952122218,0.0026328452421151643,0.051703483783686666,Merkliste,27.3464511377066
13.858170532665316,-9.587235168000474,0.022950043952122218,0.0026328452421151643,0.051703483783686666,zu merk+liste,27.3464511377066
13.088899578709167,-9.204673757317789,0.1457628470969509,0.0022574403590963463,0.04948576250529024,hinzufügen,26.489300834454827
4.9348174142265275,-5.232917661875913,0.4295783464461589,-0.01377422609796382,0.05676160926450216,merk+liste hin+zu+füg+en,17.424688049789957
-7.392298016883759,0.73667296047609,-0.05360554597174956,-0.02494518700587584,-0.01894660914750486,Fast,3.7227180392498087
-7.392298016883759,0.73667296047609,-0.05360554597174956,-0.02494518700587584,-0.01894660914750486,hin+zu+füg+en fast,3.7227180392498087
-7.33729796047837,0.7092054657629812,-0.0690233930476251,-0.024768798056650308,-0.017815128546494752,190.000,3.7839485242774136
-7.33729796047837,0.7092054657629812,-0.0690233930476251,-0.024768798056650308,-0.017815128546494752,fast 190.000,3.7839485242774136
-7.233928567786253,0.6575406682422615,-0.09729501542473988,-0.024439444530827983,-0.015751901099863,Jobs,3.8990564667658174
-7.233928567786253,0.6575406682422615,-0.09729501542473988,-0.024439444530827983,-0.015751901099863,190.000 job+s,3.8990564667658174
-7.046985923499661,0.5639932134972439,-0.1462325402511208,-0.02385222528423855,-0.012215550433975292,Effizienzprobleme,4.107310726317056
-7.046985923499661,0.5639932134972439,-0.1462325402511208,-0.02385222528423855,-0.012215550433975292,job+s effizienz+problem+e,4.107310726317056
-3.3692059336016618,-1.2786637679884225,-0.7751009366966901,-0.014994663999388409,0.029311758374951973,doppelter,8.21046691287979
-5.907161573858059,-0.007729970283304688,-0.3964344024483993,-0.020569471191187648,0.005184051495820723,effizienz+problem+e doppelt+er,5.378402402003857
0.7113585639317108,-3.3084841394014393,-1.1447108099452614,-0.009137137654907713,0.04980411396734449,doppelt+er tsunami,12.761624849646967
-2.889133771845776,-1.4550725636658859,0.8344156820683414,-0.0350727682002556,0.03851428175718654,drohen,8.743567354198087
-5.806893183836208,-0.058045996809949596,-0.4152860313683788,-0.020306441437235305,0.00644920484624914,tsunami droh+en,5.490276371447571
4.275904989266881,-4.953409455318791,1.1557954208848855,-0.020175355742901222,0.012610124017988406,Wie,16.720890780681763
-6.401595341760048,0.24039948566176417,-0.2967429181438421,-0.021927219059198533,-0.0016132064507222987,droh+en wie,4.826836491253488
-8.148232426561107,1.111499749279424,0.1903525582204459,-0.027375655895370964,-0.037465537676818796,wie handel+s+kammer,2.882818645279638
-8.17155671263026,1.1229398708659433,0.19902028739904457,-0.027447426908696664,-0.038145728340341405,handel+s+kammer gesundheit+s+wirtschaft,2.8569757596917222
-7.432068043166991,0.7565238258887022,-0.042288319874836236,-0.025073166966101342,-0.019780003923994448,neu,3.6784500737357497
-7.432068043166991,0.7565238258887022,-0.042288319874836236,-0.025073166966101342,-0.019780003923994448,gesundheit+s+wirtschaft neu,3.6784500737357497
-7.468632259326361,0.774766068843515,-0.03175514174270888,-0.02519111763136839,-0.02055783864076638,aufstellen,3.63775615571946
-7.468632259326361,0.774766068843515,-0.03175514174270888,-0.02519111763136839,-0.02055783864076638,neu auf+stell+en,3.63775615571946
-7.555779004976399,0.8182085615733032,-0.006138721676267583,-0.025473158294212817,-0.022458322217424928,will…,3.5407902325442593
-7.555779004976399,0.8182085615733032,-0.006138721676267583,-0.025473158294212817,-0.022458322217424928,auf+stell+en will…,3.5407902325442593
-7.60306734607056,0.8417584588483638,0.008073918252565412,-0.02562661119708942,-0.023518178783387994,+3007,3.488188666880624
-7.60306734607056,0.8417584588483638,0.008073918252565412,-0.02562661119708942,-0.023518178783387994,will… +3007,3.488188666880624
-7.639585352785024,0.8599323689128231,0.019205288066989627,-0.02574523973062564,-0.02435098037153695,+3007 chars,3.4475753251904564
15.401672124606268,-10.343976137062944,-0.05908230938293259,-0.0071617048400768515,0.03297434181808311,kommt,29.064056395848134
-5.907161573858059,-0.007729970283304688,-0.3964344024483993,-0.020569471191187648,0.005184051495820723,komm+t doppelt+er,5.378402402003857
-5.237925640321215,-0.3434537162660911,-0.514821300283934,-0.018888618065308838,0.013021374857655742,tsunami der,6.125165966738862
-6.702600792635051,0.39140247924379823,-0.22978957738485917,-0.02280399475125825,-0.00627889144583179,Gesundheitsbranche,4.491169753044911
-6.702600792635051,0.39140247924379823,-0.22978957738485917,-0.02280399475125825,-0.00627889144583179,der gesundheit+s+branche,4.491169753044911
-7.156820355355483,0.6189708148761885,-0.11781084954056065,-0.02419583270356509,-0.014263989947838937,gesundheit+s+branche steh+t,3.98494317572481
-7.288284957417943,0.6847147154019153,-0.08254099781970745,-0.024612261133100662,-0.016826769492119288,steh+t hamburg,3.8385229241385037
-7.422444038322489,0.7517209445949913,-0.04504019752796459,-0.025042165741773932,-0.019577134466760605,etwa,3.6891619642675213
-7.422444038322489,0.7517209445949913,-0.04504019752796459,-0.025042165741773932,-0.019577134466760605,hamburg etwa,3.6891619642675213
-6.812129934583712,0.4463206472579513,-0.20407533062104752,-0.023132325227799302,-0.008092340237272885,zehn,4.369061271001447
-7.468632259326361,0.774766068843515,-0.03175514174270888,-0.02519111763136839,-0.02055783864076638,etwa zehn,3.63775615571946
1.6397119065173555,-3.6915656383769613,-0.5309845712548152,-0.010094153439342798,0.03600634270365201,Prozent,13.773245731517134
-7.51045141157921,0.7956194231329026,-0.01955398460269193,-0.025326316274832176,-0.021461481564873618,zehn prozent,3.5912207934839118
-7.596640261383277,0.8385587593642949,0.006128991776625245,-0.02560574255611727,-0.023372913275305697,gesamten,3.495337233218
-7.596640261383277,0.8385587593642949,0.006128991776625245,-0.02560574255611727,-0.023372913275305697,prozent ge+sam+t+en,3.495337233218
-7.651037390438062,0.8656293784886466,0.02272460641732023,-0.02578245633366231,-0.024614779811840556,Wirtschaftsleistung,3.4348404437423445
-7.651037390438062,0.8656293784886466,0.02272460641732023,-0.02578245633366231,-0.024614779811840556,ge+sam+t+en wirtschaft+s+leistung,3.4348404437423445
-7.770607171426377,0.9250386872863738,0.060312471853230284,-0.02617100725011934,-0.02744734317425815,fachliche,3.301921268567403
-7.770607171426377,0.9250386872863738,0.060312471853230284,-0.02617100725011934,-0.02744734317425815,wirtschaft+s+leistung fachlich+e,3.301921268567403
-7.809047023907526,0.9441069503263098,0.07273536264870133,-0.02629571574877215,-0.028389621457825157,Netzwerk,3.259208490486957
-7.809047023907526,0.9441069503263098,0.07273536264870133,-0.02629571574877215,-0.028389621457825157,fachlich+e netz+werk,3.259208490486957
-5.525176094201754,-0.19938939078675189,-0.4660722676741313,-0.019588871287687402,0.00982530199836689,stark,5.804622869073502
-7.853197742088148,0.9659874188184265,0.0872165290335778,-0.026438671871183147,-0.029491889833931112,netz+werk stark,3.210162332675736
-7.874686757445332,0.9766285994245116,0.09434897736375404,-0.026508107913940808,-0.030036332714312997,stellt,3.1862956012099684
-7.874686757445332,0.9766285994245116,0.09434897736375404,-0.026508107913940808,-0.030036332714312997,stark stell+t,3.1862956012099684
-7.905728581774126,0.9919899321454877,0.104751564401853,-0.026608204727379185,-0.030832227429856224,stell+t handel+s+kammer,3.1518250932441934
-5.991387477129089,0.034538143221873874,-0.3802637636296412,-0.020793582291588415,0.004093687167366647,fest,5.284431835694248
-7.959604117300103,1.0186200539095331,0.12309193666792415,-0.026781214575587853,-0.03224076231830166,hamburg fest,3.0920165901951187
-7.972717370973873,1.0250955864225177,0.12761209965292705,-0.02682316175494289,-0.03258895945438696,Personalmangel,3.077462832314894
-8.010601374946063,1.0437888401350437,0.1407972752272664,-0.02694392225799519,-0.03360702719241922,überbordende,3.03542549029591
-8.010601374946063,1.0437888401350437,0.1407972752272664,-0.02694392225799519,-0.03360702719241922,personal+mangel überbordend+e,3.03542549029591
-8.033781009392733,1.0552154202756214,0.1489590239253319,-0.02701746343471577,-0.03423901099476217,Bürokratie,3.009710869107594
-8.033781009392733,1.0552154202756214,0.1489590239253319,-0.02701746343471577,-0.03423901099476217,überbordend+e bürokratie,3.009710869107594
-5.271372061794101,-0.3266919270200739,-0.5091983860079058,-0.02098582876858703,0.016126322989130738,seien,6.087842985867634
-8.051918300264878,1.0641502360505164,0.15539618043662606,-0.027074801622631303,-0.03473842604494316,bürokratie sei,2.9895934805707514
-5.361422401668687,-0.28152446526626473,-0.49421728722883773,-0.01918589031664519,0.011675905980824802,allerdings,5.987353819361935
-8.061299417130176,1.0687694128298828,0.15874339148041486,-0.02710438282288514,-0.03499845268439972,sei allerdings,2.9791894173063542
-8.07764539111189,1.0768144157265318,0.1646048750848424,-0.0271557954550523,-0.035454360479351375,systembedrohende,2.9610630496978025
-8.07764539111189,1.0768144157265318,0.1646048750848424,-0.0271557954550523,-0.035454360479351375,allerdings system+bedroh+end+e,2.9610630496978025
-7.04666155693141,0.5638307930833757,-0.1463151283908308,-0.023851216767970942,-0.012209619700176644,Risiken,4.107672152424897
-8.100963416387147,1.0882827068592287,0.17303141677526285,-0.02722883118000895,-0.036111034705241025,system+bedroh+end+e risiko+en,2.9352097939947424
-8.11245757708181,1.0939321490423932,0.17721356577592146,-0.02726469165343926,-0.03643749834839237,sagt…,2.9224679612765945
-8.11245757708181,1.0939321490423932,0.17721356577592146,-0.02726469165343926,-0.03643749834839237,risiko+en sagt…,2.9224679612765945
-8.11982349242896,1.0975512479713778,0.17990363234787865,-0.027287620934694338,-0.03664768225638448,sagt… hamburg,2.9143032037673744
17.25551446561743,-11.212231914176021,0.9866713330859478,0.02445387996318618,0.01998368595522805,starkes,31.126490559637123
-8.138403801780633,1.1066757566667231,0.18672419442080807,-0.027345272366555436,-0.03718127827859446,hamburg stark+es,2.8937103673293367
-7.282761116960679,0.6821487632284242,-0.08380480338484524,0.002623993561586277,-0.012224732286688765,Fundament,3.844583405867718
-8.147161086444198,1.1109740162321728,0.18995636851109052,-0.027372347946150923,-0.03743448517600161,stark+es fundament,2.8840058144042744
-8.16570437790001,1.1200704427602766,0.19683782962527774,-0.027429464012590585,-0.03797431212134674,Medizintechnik,2.8634594729293603
-8.16570437790001,1.1200704427602766,0.19683782962527774,-0.027429464012590585,-0.03797431212134674,fundament medizin+technik,2.8634594729293603
-8.187332215968084,1.1306711594005248,0.20492898717937005,-0.027495689671790603,-0.03861032267583759,Gesundheitsversorgung,2.8395002479155846
-8.187332215968084,1.1306711594005248,0.20492898717937005,-0.027495689671790603,-0.03861032267583759,medizin+technik gesundheit+s+versorgung,2.8395002479155846
-6.206007099310091,0.14224741286718867,-0.3375951371243093,-0.02137790831068698,0.0011939038891592112,Kliniken,5.045002057103067
-8.206973047977016,1.140289438045921,0.21233834803817514,-0.027555440948958704,-0.03919396586545603,gesundheit+s+versorgung klinik+en,2.817746885773717
-8.217306977401112,1.1453466975801991,0.2162605770028113,-0.02758672115221342,-0.03950340019161778,Forschungsinstitute,2.806303288004948
-8.217306977401112,1.1453466975801991,0.2162605770028113,-0.02758672115221342,-0.03950340019161778,klinik+en forschung+s+institut+e,2.806303288004948
-8.232965563374679,1.15300524154837,0.2222354426025587,-0.027633901291882153,-0.03997540792403157,Pflegeeinrichtungen,2.7889657249741195
-8.232965563374679,1.15300524154837,0.2222354426025587,-0.027633901291882153,-0.03997540792403157,forschung+s+institut+e pflege+einrichtung+en,2.7889657249741195
-1.64042500746738,-2.140597299842334,-0.9554247197360002,0.024655483234251617,0.04607785613838591,zahlreiche,10.139106199988829
-8.249471041270239,1.161071962852436,0.22857521192994099,-0.027683336456327215,-0.040477084930931974,pflege+einrichtung+en zahlreich+e,2.7706937383995074
-8.256592553285,1.1645505042486095,0.23132395695246952,-0.027704567966678494,-0.04069486828532618,Unternehmen,2.762811101017475
-8.256592553285,1.1645505042486095,0.23132395695246952,-0.027704567966678494,-0.04069486828532618,zahlreich+e unternehmen,2.762811101017475
-8.266499348725516,1.1693875355446828,0.2351612741048133,-0.02773400163431901,-0.040999173575610524,unternehmen gesundheit+s+wirtschaft,2.7518465771113494
-8.279320902874979,1.1756442010783794,0.24015112370204525,-0.027771914152617896,-0.04139535564399779,bild…,2.73765798452566
-8.279320902874979,1.1756442010783794,0.24015112370204525,-0.027771914152617896,-0.04139535564399779,gesundheit+s+wirtschaft bild…,2.73765798452566
-8.283221001904526,1.1775465755871908,0.24167425166997783,-0.027783404867025643,-0.04151639649315609,+5060,2.733342484955349
-8.283221001904526,1.1775465755871908,0.24167425166997783,-0.027783404867025643,-0.04151639649315609,bild… +5060,2.733342484955349
-8.286499015473707,1.1791452210024793,0.24295635526218443,-0.02779304742912882,-0.04161832274699608,+5060 chars,2.7297154857999657
-7.348817744213147,0.7149598896315481,-0.06581617900372942,-0.02480568130252473,-0.018050130834547,Gängige,3.771122848773568
-7.248072034649396,0.6646126020009306,-0.09347965024639152,-0.024484328071216862,-0.016029471806265468,Theorie,3.88330479147377
-7.248072034649396,0.6646126020009306,-0.09347965024639152,-0.024484328071216862,-0.016029471806265468,gängig+e theorie,3.88330479147377
-7.1225706232684125,0.6018315831940129,-0.12677259209983788,-0.024088242413520495,-0.013616482964457603,widerlegt,4.023097650501866
-7.1225706232684125,0.6018315831940129,-0.12677259209983788,-0.024088242413520495,-0.013616482964457603,theorie widerleg+t,4.023097650501866
-6.885187781659115,0.4829396697169137,-0.1864896719696549,-0.0233539975466472,-0.009339445672382422,widerleg+t nasa+-+satellit,4.287624826643995
-6.346654977880627,0.21283023588155725,-0.3084178340685909,-0.021771291637839016,-0.0008079095598067625,nasa+-+satellit zeig+t,4.888115077857104
-3.6859285090303455,-1.120426736395808,-0.7366604203529551,-0.015583892092092143,0.026991804165215308,zeig+t tsunami+s,7.857067079181015
-5.356584712335015,-0.2720073905759648,0.9256468311939319,-0.017523629393095368,-0.010535348917326375,wirklich,6.008963336943056
-5.806893183836208,-0.058045996809949596,-0.4152860313683788,-0.020306441437235305,0.00644920484624914,tsunami+s wirklich,5.490276371447571
-6.452892263927108,0.2661388917999936,-0.28569610556319247,-0.02207395421476221,-0.002377440398653563,ausbreiten,4.769624590876932
-6.452892263927108,0.2661388917999936,-0.28569610556319247,-0.02207395421476221,-0.002377440398653563,wirklich aus+breit+en,4.769624590876932
-6.858123580196611,0.46937548126126627,-0.19304581365230708,-0.023271633969088042,-0.008873852614566677,aus+breit+en erstmals,4.317791670734953
11.597277084033035,-8.675166543481557,-1.6244071116508905,-0.0009417591780650974,0.06850971290442479,"7,6",24.889595287333567
11.597277084033035,-8.675166543481557,-1.6244071116508905,-0.0009417591780650974,0.06850971290442479,"stärke 7,6",24.889595287333567
22.3126906769865,-13.787235785896018,-0.7957626375634005,0.03244244322819366,0.06796904926994576,Schweres,36.7728503188502
-6.357401297046834,0.21822289041702403,-0.30614677376644717,-0.021801690906503746,-0.0009643673384624775,"7,6 schwer+es",4.876128760675191
59.71364565318198,-32.02288231588587,-0.9127328712218729,0.030471697326904593,0.021750090442941857,schwer+es erdbeben,78.37603685062354
19.212769881414253,-12.156276838852131,0.7689085166630913,-0.00927672400609719,0.03171392406493544,Norden,33.29597885364652
-2.3887175550296256,-1.767868346744374,-0.8828515069261785,-0.015975297433092003,0.040226679178666284,erdbeben norden,9.304378208169222
-5.694873862585679,-0.11425371903939263,-0.43585439138785553,-0.020017365505524326,0.007822196767071809,norden japan,5.615266712236061
0.7113585639317108,-3.3084841394014393,-1.1447108099452614,-0.009137137654907713,0.04980411396734449,japan tsunami-warnung,12.761624849646967
1.7750297224388234,-3.7308827153671227,0.8710468195400972,-0.12480336532028327,0.21376445660467466,herausgegeben,13.9330090030518
-6.255229775060142,0.1657594303086043,-0.32595258207896655,-0.05371042968550832,0.055901091476899575,tsunami-warnung herausgegeben,4.990561406142881
-4.865227844552739,-0.5303623233785628,-0.5736496770184476,-0.02565418019749384,0.02996364703212472,späten,6.541105174711733
-6.928699146308323,0.5046098938556272,-0.17523205681729986,-0.0366319889226407,0.012442406086368315,herausgegeben spät+en,4.239165378068929
-4.980999480279618,-0.47230945234487187,-0.5558088285973759,-0.02413761754433302,0.025749063444403777,Abend,6.41189636232477
-5.958777626986497,0.018112049591559654,-0.3862169813319934,-0.028086300359020006,0.017189372008232603,spät+en abend,5.32082858524839
63.886156160356016,-33.84726850272978,0.8775123809696425,0.04059691662365808,-0.02681757472379339,erschüttert,82.952972747713
-6.093576924386155,0.08578422759639848,-0.359927760445141,-0.027269584118155266,0.013376563783059103,abend erschütter+t,5.17043193423392
36.53029174191389,-20.560437854320753,1.3248046588035853,0.017624238047004352,0.0003435694671744746,schweres,52.551244545193335
-6.369465204293939,0.22426544618028688,-0.30339146812851825,-0.02611532434390417,0.006198793117662069,erschütter+t schwer+es,4.8626708796477764
-6.734362581379914,0.40733350562846526,-0.2222945340774799,-0.025420559629728418,-0.0024769737041139828,norden japanisch+en,4.455752404578375
-6.737388809586974,0.408847419994917,-0.22170484254750214,-0.022907749811486158,-0.006847760809979578,japanisch+en insel,4.452384156689295
-6.716531227303122,0.3983883140398716,-0.22656121533757811,-0.022845482831487813,-0.006505908036885881,Honshu,4.475638300691827
-6.716531227303122,0.3983883140398716,-0.22656121533757811,-0.022845482831487813,-0.006505908036885881,insel honshu,4.475638300691827
-3.6954732665881806,-1.116004398344022,-0.734937438129444,0.039140840020827544,0.03624896755996802,Richterskala,7.846556737883261
-3.819921750228799,-1.0534491572099283,-0.719797733055596,-0.015840986262685527,0.025964305271693983,auf richter+skala,7.707551634304875
-0.4805666667468085,-2.717098317028594,-1.0555529127801655,-0.010579601877347715,0.04519823803362741,erreicht,11.432616482737936
-3.3156737135077803,-1.3053979360237786,-0.7814102925121997,-0.014897545927938191,0.029689524981124493,richter+skala erreich+t,8.27019639485812
-2.3031787598219218,-1.810462052027796,-0.8916811970811187,-0.013182880988118918,0.036148647332101616,erreich+t stärke,9.399790609885631
0.7113585639317108,-3.3084841394014393,-1.1447108099452614,-0.009137137654907713,0.04980411396734449,warn+en tsunami-well+en,12.761624849646967
-7.502403587473816,0.7916072467476316,-0.021914982444572465,-0.025300275740173118,-0.021286399982181667,hin+zu+füg+en spät+en,3.600175622731439
-8.02860825706301,1.0526662207994781,0.14713136638867513,-0.027001076742016673,-0.03409737170530384,+568,3.015448904013577
-8.037173903868013,1.0568872456520932,0.15015978890873002,-0.02702820374333385,-0.034332105105376556,+568 chars,3.0059473301661863
-0.7880278215471268,-2.471759034019622,0.8459868630178267,0.03817715063016067,0.017670881952746083,"7,2",11.077638322919057
-2.769563361953896,-1.5779494924086364,-0.8429168971853346,-0.01394506981900608,0.03332635984769992,"stärke 7,2",8.879494412399303
-1.7558200177458847,-2.0830637850337,-0.945021311422322,-0.01234244291563246,0.03917057131684339,Heftiges,10.010358469858987
0.2581875828685085,-3.083766804487397,-1.1122221788346762,-0.009664903342209676,0.04815433507408511,heftig+es erdbeben,12.256369095635158
-1.6764692719246952,-2.122669139997115,-0.9521447370606941,-0.018258025413280934,0.04999325923783042,erdbeben japan+s,10.098905260200105
2.906750993304012,-4.2695687806837,-0.07498359255118481,-0.018585207754888353,0.04236297056058673,japan+s küste,15.172208835302268
-4.940207253307836,-0.4926934820560578,-0.5624452301662253,-0.01819458690794869,0.016100896469848996,küste behörde+n,6.45740213566569
42.40670395891085,-23.73890601692011,-1.9654432985798957,0.007361079198910235,0.055248293687835945,warn+en tsunami,59.17520807344321
10.978067769441644,-8.37103063536143,-1.606957555331095,-0.0012610781586236638,0.06810922796277907,tsunami vor,24.20007895838335
-5.5462013806573225,-0.16219074966515024,0.7433782972363501,-0.018887751542237145,-0.010857700152342442,vor japan+s,5.7877200950106245
2.2526148227223324,-3.96468319530674,1.0703366328383175,-0.013291420503437268,0.00648705159927402,Montag,14.467950963991195
-7.005070769363071,0.543002389701345,-0.15684073189422124,-0.023722218482670886,-0.011454789769224843,küste montag,4.154016889802433
-5.2006703304457815,-0.37378677567125385,-0.51824225016018,0.19581536979206826,0.05056762103284962,heftigen,6.171785248936621
-7.27523377213244,0.6781913508304298,-0.0861059921430302,-0.024570689379377435,-0.016566678809760843,montag heftig+en,3.8530563855137245
-5.72012876465657,-0.10158215558759665,-0.4312614806546502,-0.020082101598417952,0.007516276537965695,heftig+en erdbeben,5.58708703524083
-7.204425738329441,0.6427860781557795,-0.10520112632913331,-0.024346014110474615,-0.015177586357886533,"7,2 ge+komm+en",3.9319159794174863
-6.66662371334122,0.37335939617868963,-0.23807181813572625,-0.022697215148062028,-0.005697351361388617,sprachen,4.531283074563293
-3.9652232179562104,-0.9807964640222218,-0.7010852489057826,-0.016125259549667866,0.02481721388798557,behörde+n sprech+en,7.545414642505557
-6.223914832039437,0.15123452519600722,-0.33393547045087657,-0.02142753310139086,0.0009436609889512081,umgehend,5.025025739791974
-6.223914832039437,0.15123452519600722,-0.33393547045087657,-0.02142753310139086,0.0009436609889512081,sprech+en um+geh+end,5.025025739791974
-3.6859285090303455,-1.120426736395808,-0.7366604203529551,-0.015583892092092143,0.026991804165215308,um+geh+end tsunami-warnung,7.857067079181015
18.654633273362357,-11.898629011228742,0.3386533052939196,-0.01936482083920353,0.056242921846055914,japanische,32.674913366393554
-4.795475735547831,-0.5653479968910067,-0.584187276598399,-0.027010973110167067,0.033248011440472965,wie japanisch+e,6.618959252190435
-3.6910827826844708,-1.117906871685033,-0.7358029650569159,-0.020157406488445325,0.034810192119387996,Meteorologie-Behörde,7.851332794652461
-3.6910827826844708,-1.117906871685033,-0.7358029650569159,-0.020157406488445325,0.034810192119387996,japanisch+e meteorologie+-+behörde,7.851332794652461
-5.490686688282698,-0.2285883672644009,-0.4691891397350244,0.19715486409837255,0.05487081682145376,meldet,5.848252708695235
-7.379532150404468,0.7303066978920618,-0.05692342486373432,-0.03105127764755974,-0.008161138774544364,meteorologie+-+behörde meld+et,3.7369157468622887
-7.524623606445337,0.8027030368131747,-0.015168575624373317,-0.02996410887179768,-0.013916583886749559,meld+et erdbeben,3.5754362590980024
-7.381797859743785,0.7314303724993203,-0.05656970585911196,-0.024911456253208116,-0.018728729143058495,"7,2 küste",3.7344067821695512
6.034543705139857,-5.938902769390472,-1.4339862312703633,-0.005354865437978806,0.06449512354613797,japan+s erschütter+t,18.69400544931454
-6.982930104582561,0.5319124615330808,-0.16239279031312526,-0.023653805343905272,-0.011057448646297097,Daraufhin,4.178689966103032
6.378967492541641,-6.108604243899476,-1.448399880881312,-0.004063525568624067,0.0632195794040019,sprach,19.07769880777879
-6.702600792635051,0.39140247924379823,-0.22978957738485917,-0.02280399475125825,-0.00627889144583179,daraufhin sprech,4.491169753044911
-6.154911706449223,0.11660461979713999,-0.34795092802962657,-0.021237054715551134,0.0019007096446319906,Behörde,5.102001080688203
-6.154911706449223,0.11660461979713999,-0.34795092802962657,-0.021237054715551134,0.0019007096446319906,sprech behörde,5.102001080688203
-3.6859285090303455,-1.120426736395808,-0.7366604203529551,-0.015583892092092143,0.026991804165215308,behörde tsunami-warnung,7.857067079181015
-2.796652466972138,-1.4830587774476252,0.49464883757202716,-0.035717378978166854,0.04156037474656693,Region,8.833863892188141
-6.6527444305957575,0.3660212117254309,-0.24033124714794485,-0.04210764392320316,0.02792143231060982,tsunami-warnung region,4.546891480845258
-6.686026220809093,0.3827910795912821,-0.23278843490360135,-0.040374347650854826,0.02423279579850597,Wellen…,4.5097515623482725
-7.346330725235116,0.7137210600121611,-0.06620645610792998,-0.03134352848808576,-0.0067947558361700355,+229,3.7738796715170544
-7.346330725235116,0.7137210600121611,-0.06620645610792998,-0.03134352848808576,-0.0067947558361700355,wellen… +229,3.7738796715170544
-7.400431675571005,0.740743519823599,-0.05102930752632215,-0.030875879686350246,-0.009011250797030565,+229 char+s,3.7136500795531973
-3.6058632595699054,-1.1579029981959121,1.1843957658240087,-0.012652937957922468,-0.0009342901497356171,Krisenstab,7.974409686238686
-5.236619445027163,-0.7411232866746538,2.0157681050288563,0.00048332985916988444,0.01111721590331704,krise+n+stab see+beben,6.337871805487355
-5.345245975928797,-0.4454254339080701,1.5915404400476365,-0.009911457975936157,-0.005176224996189516,eingerichtet,6.104812978708907
-5.345245975928797,-0.4454254339080701,1.5915404400476365,-0.009911457975936157,-0.005176224996189516,see+beben ein+ge+richt+et,6.104812978708907
-2.9323991564264285,-1.4503870421611578,0.9886792847362136,-0.013318684966271636,0.0015721971459047891,ein+ge+richt+et tsunami-warnung,8.704968400978613
-4.199442763678601,-0.8547693890410071,1.0920395625459771,-0.021994692845980362,0.009319148863158065,japan+s behörde+n,7.306729981689505
-4.815667397977199,-0.5997868794802428,1.2901015605335457,-0.01961158286497546,0.004367217567792375,schlagen,6.6440685250335285
-6.403341477559118,0.06560370336926136,1.5783993336511861,-0.021904439369854905,0.0025157589901244094,behörde+n schlag+en,4.929723253207393
-5.976459227332059,-0.5064284343431686,2.1499562348121266,-0.001884713526982202,0.024177920781193494,schlag+en see+beben,5.5718542616375
-5.919193929322409,-0.17486196057112924,1.6001353647421885,-0.014395643581705371,-0.0031129794464583582,Stufe,5.4705362123215435
-6.715414717390098,0.12226238898496389,1.767445041290372,-0.013577333180328435,-0.004059983584039993,see+beben stufe,4.6270847756567415
-6.817207150839726,0.2137090486422979,1.6856973561753912,-0.012558986446443798,-0.013063284294268403,"stufe 7,2",4.494398601196267
-4.0459583085270205,-0.9540190614830153,1.2223620085358375,-0.012905824838056447,-0.002724664150176196,Alarm,7.4900903553835425
-6.8291096306447905,0.2443248509450009,1.6335251693425374,-0.01198866884851067,-0.017488025657332783,"7,2 alarm",4.469557961146596
-4.747821722703266,-0.6033632442963439,1.161220341860366,-0.014593633097181145,-0.0066779646196354694,Für,6.704747143748186
-6.819971369756415,0.27471598152494137,1.5535473842767282,-0.013477812123281994,-0.019255946352535268,alarm für,4.46332415622458
-4.0954560904515835,-0.9649500941796845,1.3620430977633202,-0.011412211508555986,-0.001841251459133754,Gebiet,7.452423332891323
-6.780359119761104,0.28636893948052844,1.4740467136762287,-0.014729167839724503,-0.020311108431889636,für gebiet,4.492687110126859
1.2065338221121529,-3.423810059069053,0.5490252074330182,0.0018774385630710806,0.030629158713622106,rund,13.282981346271557
-6.722226620688598,0.2805344611994487,1.410012520478383,-0.01556939780206563,-0.020635581533713122,gebiet rund,4.546571846588458
-6.56355387638139,0.23632173829706637,1.30324812165559,-0.016633859658279262,-0.02012294921633026,rund nördlich+e,4.707009323866566
-0.556033819827956,-2.599773432349387,1.0043350238870206,-0.010679998240321498,0.007931733098522215,Präfektur,11.344609254423121
-6.347751120316223,0.15646781147620104,1.208065758943136,-0.017232422703660707,-0.018608047883469155,nördlich+e präfektur,4.934565920089595
0.0008489626616583479,-2.8388774065017155,0.3751081412580118,-0.012320777617141475,0.015171881966601625,Aomori,11.94046368025855
-3.521866722739227,-1.139608020747287,0.7167400689726552,-0.015530722289186042,0.0008589013972543011,präfektur aomori,8.034964560309703
19.737043910619438,-12.411557546748192,0.908335584973519,-0.0011596342258782893,0.01592417549480133,wurde,33.88115368777517
-5.501784358881111,-0.2176234631163898,1.0360954783860261,-0.017025852493559757,-0.011809554909868764,aomori werd+e,5.8562673689985
17.971508291493826,-11.558445069434983,0.5006407012226461,-0.004098410547099243,0.015616309225037846,werd+e tsunami-warnung,31.914398461794786
-5.50242332048798,-0.24550092413712665,1.1856485564220642,-0.037675484358410324,0.026221606792908466,ausgeg,5.8700500800414055
-5.50242332048798,-0.24550092413712665,1.1856485564220642,-0.037675484358410324,0.026221606792908466,tsunami-warnung ausgeg,5.8700500800414055
0.42990597944500486,-3.047519481370992,0.5639371412299609,-0.011844278547692677,0.013654903041022608,...,12.420348003386684
-4.937355487470489,-0.5072467504092995,1.1364936543198503,-0.01514291644048272,-0.007888211682278816,ausgeg ...,6.491925909271403
33.64690918486975,-19.20334130850239,1.6939414720504264,0.0017062775738028065,-0.011423971813239842,+++Tsunami-Warnung,49.37060932613247
-4.159002982193889,-0.868447704121222,1.0570345846942621,-0.01453716034776482,-0.003685982755471374,... +++tsunami-warnung,7.3485717908526755
24.072980301009473,-14.82114056309362,2.3050255699964195,-0.026043915337975048,0.08177946520611354,starkem,38.854254810665616
20.90452233981874,-13.300651822859287,2.279798589129421,-0.023618605316091446,0.08217052469157113,+++tsunami-warnung stark+em,35.33990338025453
25.059108169769267,-15.722285110600085,2.8310609444859582,0.014170676692357123,0.07585371003820933,stark+em see+beben,40.14245841778808
16.956028912509932,-11.281007861723449,2.013317933248959,0.002047806625459333,0.01761593318315806,see+beben japan,30.902467537341902
-1.5967078588419952,-2.4252607882199126,1.9630187439166795,-0.012893347396800528,0.04850936439754633,in…,10.346522239779702
-1.5967078588419952,-2.4252607882199126,1.9630187439166795,-0.012893347396800528,0.04850936439754633,see+beben in…,10.346522239779702
-2.1418460526760157,-2.117765030426066,1.884252705399275,-0.01330947339886402,0.0405055472410893,+318,9.720753109549747
-2.1418460526760157,-2.117765030426066,1.884252705399275,-0.01330947339886402,0.0405055472410893,in… +318,9.720753109549747
-2.5519336769086216,-1.89146606092519,1.829235670036349,-0.013397201768667008,0.034655252958859545,+318 chars,9.252262355887261
-7.648613420194385,0.780227577125113,1.2135901444687625,-0.020471055606129145,-0.03553127260213881,Streifenwagen,3.4922125365985117
-7.604050187846448,0.7572724745948456,1.2200421948355882,-0.02027259691480972,-0.034731177333709916,überschlägt,3.5424142470575912
-7.604050187846448,0.7572724745948456,1.2200421948355882,-0.02027259691480972,-0.034731177333709916,streifen+wagen überschlag+t,3.5424142470575912
-7.534221099418002,0.7215392225719239,1.2290702843434704,-0.01997489980305939,-0.03351498158204315,Polizist,3.6209592824944226
-7.534221099418002,0.7215392225719239,1.2290702843434704,-0.01997489980305939,-0.03351498158204315,überschlag+t polizist,3.6209592824944226
-4.518244037475481,-0.6525684791114941,0.6295837831776476,-0.017409958703388028,-0.0031438146469121575,stirbt,6.924760364946854
-7.4964934673395875,0.7023489364227904,1.2334320572003075,-0.01982056991940434,-0.03287646140030719,polizist sterb+t,3.6633377761768875
-6.208677340819954,0.045328757271852815,1.3752612392058885,-0.014922087257795775,-0.015809055050706955,Unfall,5.110679066364466
-7.445348783635735,0.676458811476295,1.2388028276725032,-0.019618383002859306,-0.03203108442326222,sterb+t unfall,3.720724786274819
-7.409411160311338,0.6583499571957119,1.2422211229795073,-0.019481011136013526,-0.031450669197736515,unfall ein,3.7610070634548367
-7.387514317407113,0.6473489646503279,1.2441658920154706,-0.019399162751309672,-0.031102412590978318,tragischer,3.785534764145053
-7.387514317407113,0.6473489646503279,1.2441658920154706,-0.019399162751309672,-0.031102412590978318,ein tragisch+er,3.785534764145053
-7.445348783635735,0.676458811476295,1.2388028276725032,-0.019618383002859306,-0.03203108442326222,tragisch+er unfall,3.720724786274819
-7.244619508511484,0.5761362712268847,1.254472723637752,-0.018897869995575346,-0.028926133761642416,Titisee,3.9453105121004812
-7.244619508511484,0.5761362712268847,1.254472723637752,-0.018897869995575346,-0.028926133761642416,unfall titisee,3.9453105121004812
-3.0656570275260844,-1.3533057346135768,0.5539047988988623,-0.015417641318707593,0.004403907434513243,fordert,8.536181421493202
-7.180367729906068,0.5444226890100317,1.2578653038563457,-0.018690019787304994,-0.0279995870128067,titisee forder+t,4.017000388651689
-7.066372496921644,0.4885836584851013,1.2621889766538703,-0.01834598287818476,-0.026429912570017686,forder+t leben,4.143980727398223
-6.922940376482445,0.4190291020793595,1.26486154442291,-0.017954474065913658,-0.024580616721849725,Polizisten,4.30340291802471
-6.922940376482445,0.4190291020793595,1.26486154442291,-0.017954474065913658,-0.024580616721849725,leben polizist+en,4.30340291802471
-5.08308731864157,-0.4064427691372261,0.9446694267121192,-0.01688583391904365,-0.008744012874818498,Ursache,6.313955143192249
-3.268586074244654,-1.2655584454090043,0.7523113230194971,0.06500543316849905,0.016815677943110664,unklar,8.318286844683099
-6.4406469843335215,0.18964248740397638,1.2559660859713562,-0.016914942021300828,-0.019232172446817908,ursache un+klar,4.837237861201123
-6.175162978788932,0.06544182327812953,1.2422671576521709,-0.016482257315978837,-0.016750546693449053,Ermittlungen,5.13006071784945
-6.175162978788932,0.06544182327812953,1.2422671576521709,-0.016482257315978837,-0.016750546693449053,un+klar ermittlung+en,5.13006071784945
-2.616529992500862,-1.583718957493872,0.8034224295183571,-0.013953708471912928,0.0035795934554613794,laufen,9.044529608154438
-5.397573941071577,-0.29463031906020687,1.1809166904370223,-0.015556332465923984,-0.01078319873231174,ermittlung+en lauf+en,5.985793001595653
10.464998399360859,-8.119187367662594,-1.5915176958023856,-0.008960424570615305,0.08062661539082311,erdbeben japan,23.628821007359516
-4.54162398948556,-0.6923580313586428,-0.6220860448887258,-0.01731278148681409,0.019896654440216353,japan behörde+n,6.902200973446109
-3.1054081105526796,-1.410548994905505,-0.8052589048756292,-0.02361024349850052,0.04679881053604813,Nachdem,8.50485925551434
-5.694873862585679,-0.11425371903939263,-0.43585439138785553,-0.020017365505524326,0.007822196767071809,tsunami nachdem,5.615266712236061
-7.1046091679928045,0.5928416471848521,-0.1314361288230022,-0.024031977214932856,-0.013280117464963125,nachdem erdbeben,4.043108141632757
6.797010895748411,-6.1467535021897515,0.9255316211128335,-0.011184847660570391,0.012599103712049704,Nordostküste,19.506271207164517
-5.864517584829676,-0.02916674742844627,-0.4042412337093759,-0.02609383038688642,0.01540384642335618,erdbeben nordost+küste,5.425988562370501
3.010672499438982,-4.316348038944982,0.9325413867867308,-0.026354924549462647,0.03072104057221446,nordost+küste japan+s,15.301281105334231
-6.54606281974208,0.31288438061751744,-0.2652595192385234,-0.022343300050484013,-0.0037970712719703065,erschütter+t behörde+n,4.665718540214932
-1.9008408267608896,-2.013426055348044,-0.9291157685987244,-0.05415201001800144,0.1104269766330121,tsunami-warnung heraus+ge+geb+en,9.849647035943475
-5.694873862585679,-0.11425371903939263,-0.43585439138785553,-0.020017365505524326,0.007822196767071809,Erhöhte,5.615266712236061
42.40670395891085,-23.73890601692011,-1.9654432985798957,0.007361079198910235,0.055248293687835945,Tsunami-Gefahr,59.17520807344321
-3.6859285090303455,-1.120426736395808,-0.7366604203529551,-0.015583892092092143,0.026991804165215308,erhöh+t+e tsunami-gefahr,7.857067079181015
-6.452892263927108,0.2661388917999936,-0.28569610556319247,-0.02207395421476221,-0.002377440398653563,tsunami-gefahr japan,4.769624590876932
-6.736771828164844,0.4085380423693008,-0.2218488894197427,-0.022905905366770694,-0.00683761482806336,japan ein,4.453072019736365
8.45196272296404,-7.129239168604746,-1.5266636959749529,0.013248777253317544,0.07045273235259111,ein erdbeben,21.386824369153448
-7.392298016883759,0.73667296047609,-0.05360554597174956,-0.02494518700587584,-0.01894660914750486,"7,6 nordost+küste",3.7227180392498087
-7.392298016883759,0.73667296047609,-0.05360554597174956,-0.02494518700587584,-0.01894660914750486,Zeitung,3.7227180392498087
-7.392298016883759,0.73667296047609,-0.05360554597174956,-0.02494518700587584,-0.01894660914750486,japanisch+e zeitung,3.7227180392498087
-7.301003299036282,0.6910709361145071,-0.07905306928236257,-0.024652818445206642,-0.017081467301074793,Asahi,3.8243606612778316
-7.301003299036282,0.6910709361145071,-0.07905306928236257,-0.024652818445206642,-0.017081467301074793,zeitung asahi,3.8243606612778316
-7.219386255282597,0.6502684048437422,-0.10120087892367977,-0.02439335813533008,-0.015468026814173419,Shimbun,3.9152529947167336
-7.219386255282597,0.6502684048437422,-0.10120087892367977,-0.02439335813533008,-0.015468026814173419,asahi shimbun,3.9152529947167336
-7.086048110862334,0.5835504439681944,-0.13622948959182749,-0.02397395020626149,-0.012934805594215955,shimbun bericht+et,4.063787539331356
-6.452892263927108,0.2661388917999936,-0.28569610556319247,-0.02207395421476221,-0.002377440398653563,bericht+et behörde+n,4.769624590876932
-6.48071765659998,0.2794598403534967,-0.27848917589866756,-0.04652171241737714,0.03907712441954676,+914,4.738831760091121
-6.48071765659998,0.2794598403534967,-0.27848917589866756,-0.04652171241737714,0.03907712441954676,tsunami-warnung +914,4.738831760091121
-6.689830019060595,0.38466460013909254,-0.23187014286832663,-0.041263315038332526,0.025680511452756866,+914 chars,4.505523933363572
-4.421333081912947,-0.7537905361746584,-0.63778428519096,-0.046667171309650826,0.07205349746151127,tsunami-warnung japan+s,7.03691699069829
-6.903348172468991,0.49189130114472657,-0.18142586280790798,-0.03706156149039173,0.013757456671047167,japan+s stark+em,4.2674262807909145
-5.365179084072734,-0.2801808058733899,-0.49260342648373,-0.039639166069824226,0.04681893647840529,stark+em erdbeben,5.983364233882592
-4.80448298237062,-0.5607369190600844,-0.5830626580604813,-0.022040099826600806,0.02457127542241975,nan,6.608872778612748
-5.550068991166634,-0.1869361700015122,-0.4614791867577342,-0.024557367744689078,0.017964185732637437,erdbeben nan,5.776852618232369
-7.285343099921877,0.6832382244468049,-0.08300659786051673,-0.031925177388753695,-0.0042313424550057335,nan der,3.8417896778565175
-7.334729386466563,0.7079241150415259,-0.06942715981399518,-0.031449651947238685,-0.006312575640927319,der japanisch+en,3.786796730831935
-7.081022197905587,0.5809734999325038,-0.1370410804770742,-0.03433019383989018,0.004931213320976815,behörde+n erdbeben,4.069396959162757
-1.6984123446820103,-2.111794747296805,-0.949999817193116,0.02845258280010863,0.046445115786697466,heute,10.0744511522877
-7.204425738329441,0.6427860781557795,-0.10520112632913331,-0.024346014110474615,-0.015177586357886533,"7,6 heute",3.9319159794174863
-6.9360187970204645,0.5084109673532478,-0.1740411477158239,-0.023509458334985224,-0.010225648448121155,heute küste,4.230970562474075
-6.628673055537386,0.35432465069457875,-0.24672305432984476,-0.022585156747306094,-0.005091226441202135,küste präfektur,4.573599003644827
-3.6859285090303455,-1.120426736395808,-0.7366604203529551,-0.015583892092092143,0.026991804165215308,aomori tsunami-warnung,7.857067079181015
15.059885024436188,-10.156652600605844,0.2562877504933691,-0.027368688633627687,0.06104852009657206,ausgegeben,28.67954334397867
1.068698210870675,-3.3697224501253706,0.809829773161263,-0.05373218616413015,0.086966443515771,tsunami-warnung aus+ge+geb+en,13.139225630776798
-6.8203851800371895,0.45025033804398307,-0.20138562184164266,-0.03856662325515806,0.018203392072896188,Gerechnet,4.3599247853676015
27.77165249694343,-16.59554247160284,-1.8918440399666523,0.007828872137505384,0.07834681363755247,drei,42.89286003636022
-7.379532150404468,0.7303066978920618,-0.05692342486373432,-0.03105127764755974,-0.008161138774544364,ge+rechn+et drei,3.7369157468622887
18.766461977208653,-12.190788155999192,-1.779276512058809,-0.0022129068765336705,0.08387157626817496,drei meter,32.871025032362574
25.863406492272667,-15.662862763038836,-1.873656001493324,0.0015380008176855307,0.07724998189283808,hohen,40.76940981087461
23.388253600268868,-14.452597966504547,-1.8458687009553352,0.0006593253397596094,0.0790442565518969,meter hoch+en,38.01495810379746
-7.532274248837295,0.8065163789336471,-0.012911215187469596,-0.029914964662632326,-0.014211190009783166,Flutwelle…,3.566924104166011
-7.532274248837295,0.8065163789336471,-0.012911215187469596,-0.029914964662632326,-0.014211190009783166,hoch+en flutwelle…,3.566924104166011
-7.614495137944838,0.8474691427636827,0.011717127850192853,-0.029435469442271073,-0.017327955229632416,+52,3.475462780201987
-7.614495137944838,0.8474691427636827,0.011717127850192853,-0.029435469442271073,-0.017327955229632416,flutwelle… +52,3.475462780201987
-7.638544045634061,0.8594368970762369,0.019051208010333973,-0.029311546575098255,-0.01822363872274837,+52 char+s,3.4487177066112453
-7.607408472399176,0.7589981999309869,1.2195752967951703,-0.02028731875940669,-0.03479081446156566,Bekannte,3.5386331546172647
-4.4362276002147585,-0.690383482305251,0.5847830078561211,-0.01741135221790422,-0.0022055199061630365,Namen,7.014370630592877
-7.576106526779532,0.7429389485933542,1.223808720104621,-0.020151553543589478,-0.034239057877167224,bekenn+t+e name+n,3.5738629432521085
-7.522017823505132,0.7153232696137457,1.230519424944551,-0.019924490411008362,-0.033307042563456075,Liste,3.634671286246587
-7.522017823505132,0.7153232696137457,1.230519424944551,-0.019924490411008362,-0.033307042563456075,name+n liste,3.634671286246587
-7.487632863139447,0.6978534134689987,1.2344063911987622,-0.019784968979894842,-0.03272835091378903,liste der,3.673284926168531
-7.450253973980286,0.6789357880227318,1.2383139018051232,-0.019637430592784978,-0.03211116951887086,Dynamos,3.71522395574941
-7.450253973980286,0.6789357880227318,1.2383139018051232,-0.019637430592784978,-0.03211116951887086,der dynamos,3.71522395574941
-7.409411160311338,0.6583499571957119,1.2422211229795073,-0.019481011136013526,-0.031450669197736515,geheimer,3.7610070634548367
-7.409411160311338,0.6583499571957119,1.2422211229795073,-0.019481011136013526,-0.031450669197736515,dynamos geheim+er,3.7610070634548367
-7.358592954703104,0.6328560119912499,1.2465795069132923,-0.019293163200149233,-0.03064858736251498,Transferplan,3.81791244339878
-7.358592954703104,0.6328560119912499,1.2465795069132923,-0.019293163200149233,-0.03064858736251498,geheim+er transfer+plan,3.81791244339878
-7.27392654385244,0.5906629209626499,1.2526797135493857,-0.01899619136298167,-0.029359220096243588,Dresdens,3.912580400326597
-7.27392654385244,0.5906629209626499,1.2526797135493857,-0.01899619136298167,-0.029359220096243588,transfer+plan dresden+s,3.912580400326597
-7.205413769894415,0.556763497552476,1.2566287032879662,-0.01876980459561809,-0.02835707182187846,Sportchef-Suche,3.9890655500632697
-7.205413769894415,0.556763497552476,1.2566287032879662,-0.01876980459561809,-0.02835707182187846,dresden+s sport+chef+-+suche,3.9890655500632697
-7.0557041259418805,0.4833843066199863,1.262489535319821,-0.018315327813955614,-0.02628767430041356,stockt,4.155851256169004
-7.0557041259418805,0.4833843066199863,1.262489535319821,-0.018315327813955614,-0.02628767430041356,sport+chef+-+suche stock+t,4.155851256169004
-6.962257957998677,0.4380226664564084,1.264414168272706,-0.018057467956258903,-0.025074275871889685,Darum,4.2597381051668854
-6.769804438899506,0.3455256420422015,1.2647392022328379,-0.017582049571723237,-0.022747162538326426,Wintereinkäufe,4.473236346342908
-6.769804438899506,0.3455256420422015,1.2647392022328379,-0.017582049571723237,-0.022747162538326426,darum winter+einkauf+e,4.473236346342908
-6.285678260945144,0.11701439204280595,1.2485755580270796,-0.016652680071969825,-0.017749709536350015,winter+einkauf+e neu+en,5.008230339810604
-6.047095419625357,0.005863219162690836,1.234016849885101,-0.016299841445550106,-0.01564744839148733,Boss,5.271145892596019
-6.047095419625357,0.005863219162690836,1.234016849885101,-0.016299841445550106,-0.01564744839148733,neu+en boß,5.271145892596019
-5.778583117942867,-0.11858889160210051,1.2139971616913372,-0.01596113607531312,-0.013502859007365135,vorbereitet,5.566709176661622
-5.778583117942867,-0.11858889160210051,1.2139971616913372,-0.01596113607531312,-0.013502859007365135,boß vor+bereit+et,5.566709176661622
-3.6859285090303455,-1.120426736395808,-0.7366604203529551,-0.015583892092092143,0.026991804165215308,"7,6 tsunami-warnung",7.857067079181015
-2.482647916521703,-1.7225986040907597,-0.8716637408033604,-0.04582706834484228,0.09103818282100776,tsunami-warnung erdbeben,9.200220030404058
-4.911080365015323,-0.50732930863238,-0.5667453804853303,-0.022648941811495658,0.024161956089519383,Nacht,6.489916210647014
-7.200735846737434,0.6409164239159915,-0.10579088851634083,-0.03283264148838293,-0.0005510879678668167,japan nacht,3.9360226067579536
4.7156748043492005,-5.2891179399616615,-1.374088214340665,-0.015926666472068758,0.09094185541907993,bebt,17.22482209378317
-6.108608781753591,0.09334285253914265,-0.3569929514372766,-0.02614236565818147,0.011167166421983177,nacht beb+t,5.153657884338252
10.865624240224168,-8.166098492204469,-0.3753388768267204,-0.003970145828242824,0.044942738889184,Erde,24.028105804322973
-4.800585360513521,-0.56276300660784,-0.5834636233607547,-0.026003805367986483,0.031444862473646217,beb+t erde,6.613247867817896
-6.451151766367714,0.26526218402475266,-0.28592065164591596,-0.025363303949387506,0.003297108482745798,erde küste,4.77156185042098
-6.738057975124187,0.40918296400474663,-0.22154858511420442,-0.022909750433954126,-0.006858767271156925,angesichts,4.45163811509534
-6.738057975124187,0.40918296400474663,-0.22154858511420442,-0.022909750433954126,-0.006858767271156925,behörde+n angesichts,4.45163811509534
-7.583469855411273,0.832000895594712,0.0021565367991922754,-0.025562989681364435,-0.023076439217065432,angesichts stärke,3.509986751620782
-7.53372378775939,0.8072191272820932,-0.012691315802700744,-0.02540167380660005,-0.021970992103840466,alarmiert,3.565327228517627
-7.53372378775939,0.8072191272820932,-0.012691315802700744,-0.02540167380660005,-0.021970992103840466,stärke alarmier+t,3.565327228517627
-7.412612855220665,0.7468140986383198,-0.04784257438280344,-0.025010517321366266,-0.01937068927410776,alarmier+t warn+en,3.700104835968763
-7.288284957417943,0.6847147154019153,-0.08254099781970745,-0.024612261133100662,-0.016826769492119288,Bevölkerung,3.8385229241385037
-7.288284957417943,0.6847147154019153,-0.08254099781970745,-0.024612261133100662,-0.016826769492119288,warn+en bevölkerung,3.8385229241385037
-7.046985923499661,0.5639932134972439,-0.1462325402511208,-0.02385222528423855,-0.012215550433975292,bevölkerung drei,4.107310726317056
-0.8620295829485851,-2.5278513320673155,-1.0237981367714806,-0.02149187941004884,0.06150971240319887,Präfekturen,11.007314596134856
-6.9360187970204645,0.5084109673532478,-0.1740411477158239,-0.023509458334985224,-0.010225648448121155,drei präfektur+en,4.230970562474075
-5.907161573858059,-0.007729970283304688,-0.3964344024483993,-0.020569471191187648,0.005184051495820723,präfektur+en möglich+en,5.378402402003857
8.853641939224723,-7.326792268452209,-1.5406482846264216,-0.0024522107647546617,0.06631179691844798,möglich+en tsunami,21.834193407863342
-1.123905845610924,-2.3974217702337177,-1.0019954439769525,-0.011437298901964007,0.042318773262614455,Unter,10.71516172563048
-6.858123580196611,0.46937548126126627,-0.19304581365230708,-0.023271633969088042,-0.008873852614566677,unter warn+en,4.317791670734953
-5.241391098004998,-0.3417160861319646,-0.5142501669042406,-0.018896883365700144,0.012984185503159586,warn+en behörde+n,6.121298771508666
-1.8329174262159107,-2.292459948430983,1.8766699029686607,-0.17443741283210393,0.3231871025568281,behörde+n japan,10.074400620741194
-3.6859285090303455,-1.120426736395808,-0.7366604203529551,-0.015583892092092143,0.026991804165215308,japan tsunami-gefahr,7.857067079181015
-7.459767817348586,0.7703442862191683,-0.034320183373456145,-0.025162498717225867,-0.02036822641922726,press nacht,3.6476212684398117
-6.460216671427708,0.26981393868557335,-0.2841070750767388,-0.0220949961354999,-0.002487552686711421,der…,4.761455857621672
-7.8402371555662365,0.9595667184118759,0.0829415954703366,-0.026396744290736476,-0.029166058173216103,angesichts der…,3.2245585839994124
-7.859487173942329,0.9691024827085721,0.08929829307157053,-0.026459005437598063,-0.02965069232611057,+707,3.20317664182615
-7.859487173942329,0.9691024827085721,0.08929829307157053,-0.026459005437598063,-0.02965069232611057,der… +707,3.20317664182615
-7.874686757445332,0.9766285994245116,0.09434897736375404,-0.026508107913940808,-0.030036332714312997,+707 chars,3.1862956012099684
-1.4096765427889508,-2.255305172556603,-0.9768017462467108,-0.011838482006023783,0.0409371221407648,Unwetter,10.39643953754888
-2.0070219023375095,-1.9579939832870337,-0.9210324955805713,-0.012721265546969623,0.03782016630383996,unwetter japan,9.730156190477869
19.434423512108673,-12.34618460429813,-0.4666323960014504,-0.0023190267037523017,0.03530475088331632,warnt,33.55963247199555
2.491311833571867,-4.18976877935836,-1.258226378403473,-0.007272778947666815,0.05528205297064217,japan warn+t,14.74577960251033
2.495511070655537,-4.191845551831847,-1.2584707128527153,-0.007268729817748775,0.05529332176789423,warn+t erdbeben,14.750459925719932
12.585644093263166,-8.944378831670694,0.4939138565434281,-0.007242691719809973,0.014728211510009793,Tokio,25.928245772872668
-5.694873862585679,-0.11425371903939263,-0.43585439138785553,-0.020017365505524326,0.007822196767071809,tsunami tokio,5.615266712236061
-6.346654977880627,0.21283023588155725,-0.3084178340685909,-0.021771291637839016,-0.0008079095598067625,tokio nach,4.888115077857104
14.773015221460387,-10.233979764422447,-1.7019951624090532,0.01763670631623532,0.09132937690613488,nach schwer+en,28.425625031942218
37.11501319062444,-21.15871062784911,-1.9494530094270384,0.0589903076149325,0.08096573491346268,schwer+en erdbeben,53.28886871525386
12.260462003688819,-9.000814445806572,-1.6422158647538383,-0.0013243254997280626,0.07011919226492999,erdbeben küste,25.628053916413148
-2.867527114178378,-1.5290815203434978,-0.8322502301365184,-0.014110977340899887,0.032701701378489295,japan+s warn+en,8.770200445989904
1.021292006428796,-3.462092047233645,-1.1660089970820726,-0.009056839341119336,0.05132913493020354,zuständigen,13.107158226776692
-2.0945844928529116,-1.9143833525237413,-0.9124780709633485,-0.012856019790452181,0.03733516440142655,warn+en zuständig+en,9.632481424690184
-0.7103681347387489,-2.6029500938434853,-1.0369007809064388,-0.01087905271755276,0.04420455753628735,zuständig+en behörde+n,11.176351248526641
8.853641939224723,-7.326792268452209,-1.5406482846264216,-0.0024522107647546617,0.06631179691844798,behörde+n tsunami,21.834193407863342
-0.7103681347387489,-2.6029500938434853,-1.0369007809064388,-0.01087905271755276,0.04420455753628735,tsunami drei,11.176351248526641
28.466341095844307,-16.935177509005484,-1.897755043226955,-0.00478805039103935,0.08333077897176963,Wellen,43.66594108131037
7.070714588232086,-6.449732610052674,-1.4754751297027404,-0.014949379037586906,0.0839199126717852,hoch+en welle+n,19.848441416602643
-7.233928567786253,0.6575406682422615,-0.09729501542473988,-0.024439444530827983,-0.015751901099863,der kopier+e,3.8990564667658174
-6.958184620247991,0.5183383773184564,-0.16696029313632646,-0.05729796435162442,0.04733000014944967,hin+zu+füg+en vor,4.206726352908152
9.01747708643066,-7.25689772521066,-0.26865663954170554,-0.013911885613704916,0.047564481607429376,vor küste,21.970299775652276
0.0701475117173409,-2.990648038646039,-1.0978865356496836,-0.017398606723544947,0.060405721197879604,japan+s komm+t,12.04676701010857
-1.1373432740737535,-2.3908932071210383,-1.0004773185827183,-0.01878785266488059,0.054912015810570175,komm+t schwer+en,10.700229723059252
-2.2285086709207995,-1.8482333457422482,-0.8983175081735794,-0.030938713900544906,0.06744130227834948,warn+en drei,9.483305386330255
-8.07907985745478,1.0775201954507465,0.16512104061937483,-0.027160299045867475,-0.0354945422517569,+375,2.9594724664293954
-8.07907985745478,1.0775201954507465,0.16512104061937483,-0.027160299045867475,-0.0354945422517569,erdbeben +375,2.9594724664293954
-8.086130312860034,1.080988601185327,0.16766221786350718,-0.02718241450485413,-0.03569244549228485,+375 chars,2.9516549855381076
-0.6093688299820901,-2.6535725163055717,-1.044068545276393,0.028999023286645945,0.07473332060619622,Hier,11.289146783112004
-5.694873862585679,-0.11425371903939263,-0.43585439138785553,-0.020017365505524326,0.007822196767071809,tsunami hier,5.615266712236061
-1.3735675873617836,-2.273588997914182,-0.979137319618488,0.02907160958567192,0.06481796884739265,finden,10.436828308419347
-1.3735675873617836,-2.273588997914182,-0.979137319618488,0.02907160958567192,0.06481796884739265,hier find+en,10.436828308419347
-2.0742411775809195,-1.9247266504866727,-0.9137412348110149,0.02697156527438397,0.056030354413853,find+en sie,9.655245711614487
-0.5681987624883593,-2.6736801276235407,-1.0479726088552823,0.020039399467792346,0.05801836137843445,Informationen,11.334925458083324
-2.368438628132571,-1.7781027462634351,-0.8843839552672126,0.025354444208896324,0.05237981124369298,sie information+en,9.327042238678603
-2.5933852479896657,-1.6658015730200426,-0.8613230833638689,0.014061684451825485,0.04394773687593925,Thema,9.076029594337395
-3.187751668773986,-1.3692670055251277,-0.7958413221274309,0.01566832845137436,0.04100334493070042,information+en thema,8.412912003445852
-7.1046091679928045,0.5928416471848521,-0.1314361288230022,-0.024031977214932856,-0.013280117464963125,thema unwetter,4.043108141632757
-6.885187781659115,0.4829396697169137,-0.1864896719696549,-0.0233539975466472,-0.009339445672382422,sie japan,4.287624826643995
-3.3142827183615307,-1.3060957637651414,-0.7815552002323303,-0.01528561270522094,0.030371716903660955,teilte,8.271749168100033
-5.806893183836208,-0.058045996809949596,-0.4152860313683788,-0.020306441437235305,0.00644920484624914,der teil+te,5.490276371447571
-6.059967330931887,0.06895545989273,-0.36686288456590216,-0.020978217763955916,0.0031864981966199385,teil+te japanisch+e,5.207920643534224
-6.628673055537386,0.35432465069457875,-0.24672305432984476,-0.022585156747306094,-0.005091226441202135,Erdbebe…,4.573599003644827
-6.628673055537386,0.35432465069457875,-0.24672305432984476,-0.022585156747306094,-0.005091226441202135,der erdbebe…,4.573599003644827
-7.727375805237785,0.9035748575800786,0.04654136327507438,-0.026030581358152546,-0.026406361942109734,+246,3.3499694228825634
-7.727375805237785,0.9035748575800786,0.04654136327507438,-0.026030581358152546,-0.026406361942109734,erdbebe… +246,3.3499694228825634
-7.749651678528721,0.9146369435800505,0.05361107883509601,-0.02610295576535506,-0.026940307497730694,+246 char+s,3.3252101512092787
-7.727375805237785,0.9035748575800786,0.04654136327507438,-0.026030581358152546,-0.026406361942109734,+300,3.3499694228825634
-7.727375805237785,0.9035748575800786,0.04654136327507438,-0.026030581358152546,-0.026406361942109734,erdbebe… +300,3.3499694228825634
-7.749651678528721,0.9146369435800505,0.05361107883509601,-0.02610295576535506,-0.026940307497730694,+300 char+s,3.3252101512092787
-6.06886701574095,-0.18009493567000634,1.756081703703302,-0.05672276126168086,0.07774767945318352,nach stark+em,5.340389504456706
-2.0546590676536507,-1.856898468373696,0.5980116916544362,-0.09053547396521103,0.1903330536968205,hebt,9.66586278678048
-2.0546590676536507,-1.856898468373696,0.5980116916544362,-0.09053547396521103,0.1903330536968205,japan heb+t,9.66586278678048
16.631205525558922,-11.040337224287766,0.9150953315024982,-0.2875824622416777,0.5739150832718425,Warnung,30.487953649118918
-4.518584847167596,-0.748549030466477,0.927769518426806,-0.21615789996982182,0.4372572866948555,heb+t warnung,6.970196031610921
20.38077672681613,-12.9808922468036,-1.8053274230068612,0.002611793975290798,0.06990329328268746,warnung tsunami,34.66773020320788
-6.959931993794573,0.5203916449279549,-0.16812277197800896,-0.023582936071614456,-0.010647965334237827,japan+s komm,4.204319744289842
-7.156820355355483,0.6189708148761885,-0.11781084954056065,-0.02419583270356509,-0.014263989947838937,komm montag,3.98494317572481
-7.371057462620519,0.7260671991919423,-0.05959150591558929,-0.02487698043374514,-0.018506782557416168,montag schwer+en,3.7463633935889686
-7.538936409364699,0.8096783555096165,-0.010421888863998828,-0.041037224914954526,0.004661533185279839,erdbeben behörde+n,3.5595629898673695
-5.569779578010169,-0.17808120268950844,-0.4568191660329174,-0.04898810389689082,0.05974514446724497,forderten,5.75526963072252
-7.572661339391251,0.825957054754501,0.0002149797011888402,-0.0535687186444077,0.025247368587714206,behörde+n forder+ten,3.5222527776255337
-7.597134412198284,0.8369143774972956,0.008335536389044693,-0.06965749321711052,0.05227837048964256,vorsorglich,3.495540871208724
-7.597134412198284,0.8369143774972956,0.008335536389044693,-0.06965749321711052,0.05227837048964256,forder+ten vorsorglich,3.495540871208724
-7.604842882638188,0.8375386151071327,0.011853895246362604,-0.09468856939514413,0.09538814456216227,vorsorglich zehntausend+e,3.4883279321917082
-7.564773205343042,0.8078649122390242,0.0019448935878565374,-0.13881973183443336,0.1735482217384567,zehntausend+e mensch+en,3.5370660871566972
-5.465639444254454,-0.3334352768930633,-0.4572976669467581,-0.2982765715126146,0.5052935377307975,Evakuierung,5.916108389818516
-7.262185047310567,0.5921871195394786,-0.076443282112075,-0.2735378452828469,0.4223558983298173,mensch+en evakuierung,3.9018569582367117
-7.6736533107717495,0.8640408459268285,0.03471286723502638,-0.13216946715443642,0.1587334636484738,Letztlich,3.4151183372918554
2.9175461871001893,-4.256208654100668,0.4310900136119741,0.07468644703126476,0.08023726203352914,gab,15.183647420728711
-7.703060091325618,0.8851096670166081,0.04248012973987524,-0.10290822176875358,0.10680784804431212,letztlich geb,3.379658940627949
1.9764628991366529,-3.809011470567999,0.0661238047747821,-0.024175950786568597,0.0468236795020074,Entwarnung,14.136435149839775
-7.707829525374397,0.8909990994122086,0.04287290459898481,-0.0794470694407818,0.06598563047111211,geb entwarnung,3.3728602663902656
12.51241811734631,-8.91300478200475,0.9164969407099846,0.03890845668566224,0.03587847848309397,ein schwer+es,25.855009920837265
12.975179038001173,-9.351617923559724,-1.660552986057598,-0.0003899651484084943,0.06943332002115385,"7,5",26.423845215196483
11.91174080209688,-8.82958755305806,-1.6329679314709473,-0.0009094528527592095,0.06891160532232099,"stärke 7,5",25.239753869324257
-7.51045141157921,0.7956194231329026,-0.01955398460269193,-0.025326316274832176,-0.021461481564873618,"7,5 montag",3.5912207934839118
5.840482710560401,-5.843614635739145,-1.4251885207295316,-0.015882188777544447,0.08218932607578602,Nordosten,18.47794842838338
-7.412612855220665,0.7468140986383198,-0.04784257438280344,-0.025010517321366266,-0.01937068927410776,montag nordosten,3.700104835968763
3.605311830320188,-4.740500249517865,-1.3194367255203323,-0.011877168692756157,0.06778143080812293,nordosten japan+s,15.987356111675599
-1.365471601036365,-2.277293577045685,-0.9807588685452389,-0.011775566339429484,0.04115524950530902,gaben,10.445742837812732
-6.54606281974208,0.31288438061751744,-0.2652595192385234,-0.022343300050484013,-0.0037970712719703065,behörde+n geb+en,4.665718540214932
-0.10542331184061382,-2.9033484115002985,-1.0849334944899136,-0.01010629379520825,0.046742931950784175,zunächst,11.85093674974269
-6.223914832039437,0.15123452519600722,-0.33393547045087657,-0.02142753310139086,0.0009436609889512081,geb+en zunächst,5.025025739791974
-3.6859285090303455,-1.120426736395808,-0.7366604203529551,-0.015583892092092143,0.026991804165215308,zunächst tsunami-warnung,7.857067079181015
-6.6527444305957575,0.3660212117254309,-0.24033124714794485,-0.04210764392320316,0.02792143231060982,tsunami-warnung forder+ten,4.546891480845258
-6.918961174784046,0.4991525006169204,-0.17697949902099114,-0.05017473612644521,0.035954943059896924,forder+ten rund,4.250248865451268
-6.986619262289872,0.5318659753238597,-0.1594666905882952,-0.06574938689401556,0.061258875355649785,90.000,4.175337097554039
-6.986619262289872,0.5318659753238597,-0.1594666905882952,-0.06574938689401556,0.061258875355649785,rund 90.000,4.175337097554039
-7.039050328446632,0.5543995165419855,-0.14483884891080642,-0.09417516895003857,0.10929381802374513,Anwohner,4.1184910879757926
-7.039050328446632,0.5543995165419855,-0.14483884891080642,-0.09417516895003857,0.10929381802374513,90.000 anwohner,4.1184910879757926
-6.843541098225856,0.4095745141857938,-0.18540106551920965,-0.22667413617285812,0.34809359489124553,anwohner evakuierung,4.356623834002637
-7.359870541693006,0.7137382204801574,-0.05901300540180303,-0.10251428799186242,0.11573229596412846,hoben…,3.761632716627591
-7.359870541693006,0.7137382204801574,-0.05901300540180303,-0.10251428799186242,0.11573229596412846,evakuierung hoben…,3.761632716627591
-7.457279181655325,0.7651126738220291,-0.032150789415224965,-0.08630283812169229,0.08495862623593486,+947,3.652032316969895
-7.457279181655325,0.7651126738220291,-0.032150789415224965,-0.08630283812169229,0.08495862623593486,hoben… +947,3.652032316969895
-7.506305627458967,0.790537330433611,-0.018235347754451407,-0.07925988042781641,0.07141678887652729,+947 char+s,3.597061653524695
-6.154911706449223,0.11660461979713999,-0.34795092802962657,-0.021237054715551134,0.0019007096446319906,tsunami beb+en,5.102001080688203
-1.3088188191425605,-2.2300185258495273,0.9442482590841357,-0.019440359929686395,0.06370003864294566,beb+en stärke,10.505046115897002
-7.06685285521663,0.5739405799148198,-0.141159264520281,-0.023914066857579557,-0.012580107361561357,"7,6 japan",4.085174457566788
-2.3344302154279326,-1.795077829135694,-0.8880758234859848,-0.02232761384860481,0.05165475748505801,japan der,9.364995732225136
6.802336169848502,-6.1527930251206815,0.08732273378128379,-0.017727124644852738,0.04366182164318424,der japanisch+e,19.501048256917247
5.842475215086139,-5.844216872873673,-1.425838748053142,-0.004613781095971762,0.06265890327770482,Wetterbehörde,18.48002088438398
0.5873698556046705,-3.247015877298884,-1.135982677679762,-0.009279167447236813,0.049364246989288575,japanisch+e wetter+behörde,12.623389689154738
4.668254714520192,-5.2651722451777605,-1.3725253679123028,0.01820576485340955,0.06435895521777242,spricht,17.171769979031527
-6.079806513480736,0.07891200642093255,-0.36294604043748185,-0.021031993283599795,0.0029207295916223557,wetter+behörde sprech+t,5.185787607001388
-5.694873862585678,-0.11425371903939308,-0.4358543913878557,-0.02001736550552412,0.007822196767071878,sprech+t präfektur+en,5.615266712236062
3.9971184422174364,-4.879189983283281,1.454225461698319,-0.013991885170473381,0.08863131175659533,Hokkaido,16.4420950538167
-5.258243776751126,-0.3332657651064266,-0.5114669985158012,-0.018937140450931783,0.012802872496259112,präfektur+en hokkaido,6.102492448417568
-4.693334972634601,-0.616379972148072,-0.5999070450159673,-0.017642267676674768,0.01849309780009678,hokkaido aomori,6.732899630608176
1.6364495504506298,-3.632456509701188,0.5349606291758254,-0.025075698035941105,0.040238861679930724,Iwate,13.760573637201524
-3.535162216182357,-1.1957645861167872,-0.7552008255623449,-0.015300236587582115,0.028114663880798897,aomori iwate,8.025294826451386
53.148384669330824,-28.974752396595495,-1.967434165595746,0.00865305218800951,0.04363687779943832,Tsunamiwarnung,71.12360780400802
0.7113585639317108,-3.3084841394014393,-1.1447108099452614,-0.009137137654907713,0.04980411396734449,iwate tsunamiwarnung,12.761624849646967
-3.6859285090303455,-1.120426736395808,-0.7366604203529551,-0.015583892092092143,0.026991804165215308,japan+s tsunami-warnung,7.857067079181015
-6.6527444305957575,0.3660212117254309,-0.24033124714794485,-0.04210764392320316,0.02792143231060982,Nordo…,4.546891480845258
-6.6527444305957575,0.3660212117254309,-0.24033124714794485,-0.04210764392320316,0.02792143231060982,tsunami-warnung nordo…,4.546891480845258
-6.903348172468991,0.49189130114472657,-0.18142586280790798,-0.03706156149039173,0.013757456671047167,+499,4.2674262807909145
-6.903348172468991,0.49189130114472657,-0.18142586280790798,-0.03706156149039173,0.013757456671047167,nordo… +499,4.2674262807909145
-7.02055917980811,0.5506736747349497,-0.15240469111824514,-0.0351882685802095,0.007835981824158369,+499 char+s,4.1367765387177995
9.906761036879935,-7.849715284290319,-1.5720987121873462,0.12036260460519672,0.12359345966892651,schwerem,23.009233342029027
-4.809602898567029,-0.5581358043897691,-0.5824818417674723,-0.017899848628042742,0.01738371499831618,nach schwer+em,6.603150287971952
6.260325210843543,-6.05347729524909,-1.4415697092461346,0.10123691478110781,0.10143528560677537,schwer+em erdbeben,18.946942023857915
0.7113585639317108,-3.3084841394014393,-1.1447108099452614,-0.009137137654907713,0.04980411396734449,erdbeben tsunami-warnung,12.761624849646967
-5.832324356109382,-0.04557748899144132,-0.4098058146444559,-0.036002081765148006,0.03299563403469542,japan nachdem,5.4620035220781755
-6.1822821977505535,0.1302394021387041,-0.34195677009805026,-0.03120375431478999,0.01850383497314386,nachdem land,5.071496050083833
-6.36233684534615,0.2206471792880862,-0.3047417897720367,-0.029541939853440714,0.01221958595368193,land schwer+es,4.870634033243036
-7.4105384625247925,0.745789671975257,-0.04816475936538603,-0.03079339511096844,-0.009419667961186554,übersteht,3.7023996934288625
-7.4105384625247925,0.745789671975257,-0.04816475936538603,-0.03079339511096844,-0.009419667961186554,erdbeben übersteh+t,3.7023996934288625
-7.518351057765447,0.7995572901419703,-0.01723038792747433,-0.025351887011058113,-0.021633893464869422,übersteh+t bereits,3.582431125760644
-7.412612855220665,0.7468140986383198,-0.04784257438280344,-0.025010517321366266,-0.01937068927410776,nächste,3.700104835968763
-7.412612855220665,0.7468140986383198,-0.04784257438280344,-0.025010517321366266,-0.01937068927410776,bereits nächst+e,3.700104835968763
-4.33220260491355,-0.7977641231481716,-0.6510759450296277,0.047952360960601084,0.03278687700514847,Naturkatastrophe,7.1361348724028995
-7.325496930469761,0.703309840408129,-0.07229694396403745,-0.02473104966035301,-0.017575464409832472,nächst+e natur+katastrophe,3.7970878226133986
-1.8337242616996026,-2.0233661585346057,1.2435124293350996,-0.009994747052875303,0.005257426573752097,folgen,9.947222618332157
-7.06685285521663,0.5739405799148198,-0.141159264520281,-0.023914066857579557,-0.012580107361561357,natur+katastrophe folg+en,4.085174457566788
0.738155406856924,-3.321847595436195,-1.1463837882899595,-0.013205674093775922,0.056980512589549094,nach erdbeben,12.791528532009682
-4.829140371385185,-0.548347191121235,-0.5795161348151214,-0.017943572722946804,0.01719432217047337,"7,6Tsunami-Warnung",6.581347402594781
-4.829140371385185,-0.548347191121235,-0.5795161348151214,-0.017943572722946804,0.01719432217047337,"stärke 7,6tsunami-warnung",6.581347402594781
-6.430385460511076,0.254105884797716,-0.2893270209347488,-0.04797962118126195,0.042599658357546866,"7,6tsunami-warnung japan",4.795006937804713
-6.430385460511076,0.254105884797716,-0.2893270209347488,-0.04797962118126195,0.042599658357546866,japan japan,4.795006937804713
-6.903348172468991,0.49189130114472657,-0.18142586280790798,-0.03706156149039173,0.013757456671047167,bereitet,4.2674262807909145
-6.903348172468991,0.49189130114472657,-0.18142586280790798,-0.03706156149039173,0.013757456671047167,japan bereit+et,4.2674262807909145
-7.322842435085494,0.7019836459394408,-0.07271493124527248,-0.031560570045738104,-0.005815915755384905,Taifun,3.8000323301465033
-7.322842435085494,0.7019836459394408,-0.07271493124527248,-0.031560570045738104,-0.005815915755384905,bereit+et taifun,3.8000323301465033
-7.4579594600310255,0.7694573318522531,-0.034598661192058455,-0.03042631215166751,-0.011313422911352032,Symbolbild,3.6496186836357825
-7.5615528703598756,0.8211057192976987,-0.004219046153755422,-0.029734111004579997,-0.015331190903158626,dpa,3.5343511211987098
-7.5615528703598756,0.8211057192976987,-0.004219046153755422,-0.029734111004579997,-0.015331190903158626,symbol+bild dpa,3.5343511211987098
-5.516413681469747,-0.20510531587733505,-0.4665181962567778,0.06955284956323265,0.03136834394174551,Dezember,5.814951927038868
-7.614495137944838,0.8474691427636827,0.011717127850192853,-0.029435469442271073,-0.017327955229632416,dpa dezember,3.475462780201987
-7.666648709591885,0.8734164885707019,0.027699093233795886,-0.029175752433275096,-0.019261987565621953,2025um16:32Uhr,3.4174661663815744
-7.666648709591885,0.8734164885707019,0.027699093233795886,-0.029175752433275096,-0.019261987565621953,dezember 2025um16:32uhr,3.4174661663815744
-7.744572656428849,0.912137787885632,0.052122219240133466,-0.02884833186215918,-0.022097775890271835,Große,3.3308408289707736
-7.744572656428849,0.912137787885632,0.052122219240133466,-0.02884833186215918,-0.022097775890271835,2025um16:32uhr groß+e,3.3308408289707736
-7.769934524140661,0.9247271784534155,0.06021650194700433,-0.028756757356607297,-0.02300836670651933,Sorgen,3.3026548858512443
-7.769934524140661,0.9247271784534155,0.06021650194700433,-0.028756757356607297,-0.02300836670651933,groß+e sorge+n,3.3026548858512443
-7.808459364218406,0.9438372021791737,0.07265250132728389,-0.028631163380364612,-0.02438127404685112,sorge+n japan,3.259848209196501
-7.918468702810612,0.9983096676646597,0.10913479943215791,-0.028357519900709095,-0.028244377924027328,Erdb…,3.137668958320952
-7.918468702810612,0.9983096676646597,0.10913479943215791,-0.028357519900709095,-0.028244377924027328,schwer+es erdb…,3.137668958320952
-7.9359612811958495,1.006956888204451,0.11507332839793934,-0.02832499617638694,-0.028852278990761614,+1528,3.1182496320697033
-7.9359612811958495,1.006956888204451,0.11507332839793934,-0.02832499617638694,-0.028852278990761614,erdb… +1528,3.1182496320697033
-7.950170215778808,1.0139777431027168,0.11992576087047375,-0.02830069041772015,-0.029345033598871847,+1528 chars,3.1024774377303355
-6.959931993794573,0.5203916449279549,-0.16812277197800896,-0.023582936071614456,-0.010647965334237827,Gesichtet,4.204319744289842
-6.959931993794573,0.5203916449279549,-0.16812277197800896,-0.023582936071614456,-0.010647965334237827,welle+n ge+sicht+et,4.204319744289842
-6.628673055537386,0.35432465069457875,-0.24672305432984476,-0.022585156747306094,-0.005091226441202135,ge+sicht+et schwer+es,4.573599003644827
-5.188576492237637,-0.368601049311549,-0.5220833098747882,-0.03611183400758971,0.043388247591040624,der norden,6.180384213646241
11.309032983507926,-8.324929070277387,0.7883703334617129,-0.013973090358049889,0.029784531567256998,norden japan+s,24.513876701806915
-6.346654977880627,0.21283023588155725,-0.3084178340685909,-0.021771291637839016,-0.0008079095598067625,bangt,4.888115077857104
-6.346654977880627,0.21283023588155725,-0.3084178340685909,-0.021771291637839016,-0.0008079095598067625,japan+s bang+t,4.888115077857104
-3.6859285090303455,-1.120426736395808,-0.7366604203529551,-0.015583892092092143,0.026991804165215308,bang+t tsunami,7.857067079181015
-4.447565057476878,-0.7394511638599499,-0.6355317790286483,-0.01711216982761419,0.020742878770145582,tsunami küste,7.00716499909176
-6.800271826109178,0.4403759684540316,-0.20689639513284885,-0.02309654501507857,-0.007892804476811247,zurollen,4.3822802668057355
-6.800271826109178,0.4403759684540316,-0.20689639513284885,-0.02309654501507857,-0.007892804476811247,küste zu+roll+en,4.3822802668057355
-7.139964472032472,0.6105363381586699,-0.12223274111592253,-0.02414283365253841,-0.013944312600162642,Zuvor,4.003720355860528
-7.392298016883759,0.73667296047609,-0.05360554597174956,-0.02494518700587584,-0.01894660914750486,zuvor schwer+es,3.7227180392498087
-3.1174559534088253,-1.4043823903576778,-0.8042292259312529,-0.016542402129732795,0.034496061246549414,gegeben,8.491362113851272
-3.1174559534088253,-1.4043823903576778,-0.8042292259312529,-0.016542402129732795,0.034496061246549414,erdbeben ge+geb+en,8.491362113851272
-7.651037390438062,0.8656293784886466,0.02272460641732023,-0.02578245633366231,-0.024614779811840556,weiten,3.4348404437423445
-7.651037390438062,0.8656293784886466,0.02272460641732023,-0.02578245633366231,-0.024614779811840556,ge+geb+en weit+en,3.4348404437423445
-7.6886138857939414,0.8843142738485195,0.03436961137077145,-0.025904595574446534,-0.025489376372064693,Teilen,3.3930597333748627
-7.6886138857939414,0.8843142738485195,0.03436961137077145,-0.025904595574446534,-0.025489376372064693,weit+en teil+en,3.3930597333748627
-2.617387221800797,-1.5688838017177993,0.45382816518621455,-0.019302370420167556,0.01465512707323348,Landes,9.032010439951595
-7.740907488590203,0.9102952203976076,0.05082934387256929,-0.026074549456427572,-0.02673009770120119,teil+en land+es,3.334928814642447
-1.0731774851985048,-2.3176150709416725,0.40382005889751915,-0.013336860853174533,0.012462735817426263,spüren,10.747205721151989
-7.782600073091661,0.9309895524098555,0.06417009611368063,-0.026209934455284776,-0.027739617642868718,land+es spür+en,3.2885942154944092
-7.736453481155262,0.9080833888695015,0.04941569498855557,-0.026060078306866408,-0.026623329551561714,erdbeben spät+en,3.339879367823563
-7.703633186866569,0.8917789880707079,0.0390664455103759,-0.025953416155211212,-0.025842879356842124,Montagabend,3.3763622430093796
-7.703633186866569,0.8917789880707079,0.0390664455103759,-0.025953416155211212,-0.025842879356842124,spät+en montag+abend,3.3763622430093796
-7.615619201514658,0.848006386657987,0.011884454449658305,-0.025667376108736612,-0.023802997241097072,montag+abend norden,3.4742283929285422
-5.7700116782312705,-0.0765526204381688,-0.4221143475634362,-0.020210712052141876,0.006905867274973249,aktuell,5.531427911599213
-7.139964472032472,0.6105363381586699,-0.12223274111592253,-0.02414283365253841,-0.013944312600162642,warn+en aktuell,4.003720355860528
-6.401595341760048,0.24039948566176417,-0.2967429181438421,-0.021927219059198533,-0.0016132064507222987,aktuell drei,4.826836491253488
0.7113585639317108,-3.3084841394014393,-1.1447108099452614,-0.009137137654907713,0.04980411396734449,hoch+en tsunami,12.761624849646967
-6.66662371334122,0.37335939617868963,-0.23807181813572625,-0.022697215148062028,-0.005697351361388617,küste erreich+en,4.531283074563293
-7.1225706232684125,0.6018315831940129,-0.12677259209983788,-0.024088242413520495,-0.013616482964457603,Hohe,4.023097650501866
-6.079722477853247,0.07886470125622003,-0.3628424113549927,-0.023624850464226653,0.007370675155309533,hoch+e welle+n,5.1858793624909865
-7.301003299036282,0.6910709361145071,-0.07905306928236257,-0.024652818445206642,-0.017081467301074793,seien…,3.8243606612778316
-7.301003299036282,0.6910709361145071,-0.07905306928236257,-0.024652818445206642,-0.017081467301074793,welle+n seien…,3.8243606612778316
-7.392298016883759,0.73667296047609,-0.05360554597174956,-0.02494518700587584,-0.01894660914750486,+1735,3.7227180392498087
-7.392298016883759,0.73667296047609,-0.05360554597174956,-0.02494518700587584,-0.01894660914750486,seien… +1735,3.7227180392498087
-7.450723193976275,0.7658321093764375,-0.03692979350158561,-0.025133313307353418,-0.020175447717400243,+1735 char+s,3.6576872437363703
6.521242153966547,-6.001183572198316,0.5055061202237195,0.012003110548782522,0.033051973633411495,Starkes,19.188317965551107
23.494590575621118,-14.234988174327652,0.9883201728092165,0.04492850310622795,0.026055192210649634,stark+es erdbeben,38.05846613272385
-7.253604254061793,0.6673785501438256,-0.09198278008500664,-0.024501900438368262,-0.016138444201098535,Betreiber,3.877143694650984
-7.3063164071333695,0.6937260259597202,-0.07759190823358934,-0.024669774487560837,-0.017188232715747584,betreiber atom+kraft+werk+e,3.8184445163679377
-7.36887473484978,0.7249771853330869,-0.06020436138447563,-0.02486997740935623,-0.01846179021184685,betroffenen,3.7487933408365057
-7.36887473484978,0.7249771853330869,-0.06020436138447563,-0.02486997740935623,-0.01846179021184685,atom+kraft+werk+e betreff+en+en,3.7487933408365057
-5.825214558527745,-0.04885240032697569,-0.4118653231193221,-0.02052111900049965,0.00650706011232605,Gegend,5.469833766540323
-7.40351377812002,0.7422744528966003,-0.05041576276189261,-0.025255662115041242,-0.018710991606933507,betreff+en+en gegend,3.7102317091120045
-7.422101692789838,0.7515549117253872,-0.045110622488071545,-0.025632214161626265,-0.018558907767866582,führen,3.689539955169017
-7.422101692789838,0.7515549117253872,-0.045110622488071545,-0.025632214161626265,-0.018558907767866582,gegend führ+en,3.689539955169017
-7.987284294407042,1.0322859830844249,0.13265960064783533,-0.02686967359883673,-0.03297827164893068,Sicherheitsüberprüfungen,3.0612974220817875
-7.987284294407042,1.0322859830844249,0.13265960064783533,-0.02686967359883673,-0.03297827164893068,führ+en sicherheit+s+überprüfung+en,3.0612974220817875
-8.240092732971434,1.156508631291323,0.22502866380150233,-0.02895924874805407,-0.03796690889531005,Sicherheits…,2.7810648351341127
-8.240092732971434,1.156508631291323,0.22502866380150233,-0.02895924874805407,-0.03796690889531005,führ+en sicherheits…,2.7810648351341127
-8.24814535343972,1.1604545039931793,0.22816585848328125,-0.02984998836799013,-0.036733261375263886,+1493,2.7721445595651266
-8.24814535343972,1.1604545039931793,0.22816585848328125,-0.02984998836799013,-0.036733261375263886,sicherheits… +1493,2.7721445595651266
-8.25148078126152,1.1620880048025812,0.22946838240152087,-0.03022052304467497,-0.03621977725322426,+1493 char+s,2.7684501799849617
-3.6728485210434183,-1.0567620872064696,0.3804042415350771,-0.017426071462232642,0.005592833283962529,japan erdbeben,7.857917971006027
-6.223914832039437,0.15123452519600722,-0.33393547045087657,-0.02142753310139086,0.0009436609889512081,erdbeben hokkaido,5.025025739791974
11.624250541382821,-8.475939778287833,0.6112573597099424,-0.008076563933845957,0.014113616253234899,löst,24.860702188065925
-5.258243776751126,-0.3332657651064266,-0.5114669985158012,-0.018937140450931783,0.012802872496259112,hokkaido lös+t,6.102492448417568
8.853641939224723,-7.326792268452209,-1.5406482846264216,-0.0024522107647546617,0.06631179691844798,lös+t tsunami-warnung,21.834193407863342
-6.48071765659998,0.2794598403534967,-0.27848917589866756,-0.04652171241737714,0.03907712441954676,tsunami-warnung nach,4.738831760091121
0.7113585639317108,-3.3084841394014393,-1.1447108099452614,-0.009137137654907713,0.04980411396734449,küste tsunami-warnung,12.761624849646967
-2.975200150088771,-1.4763712102613749,-0.8190773643389961,-0.039897211264513656,0.076214949277843,tsunami-warnung nordosten,8.650472263877987
-5.5596766701299805,-0.18229270713871992,-0.4594128487831909,-0.03248122995020093,0.03143976659550407,japan+s aus+ge+geb+en,5.766195839286169
-5.877422433424926,-0.022764512231485234,-0.4016151383308151,-0.03019859674240214,0.022236466981771823,aus+ge+geb+en werd+en,5.411615635535691
2.3516816419595568,-4.1207281179831785,-1.2499592466070175,-0.009762083243798226,0.05798708533178778,Welle,14.590158262474947
-2.839375513928945,-1.5431784002198374,-0.8351456772176136,-0.017975737590619944,0.03962422775241361,der welle,8.801624792962551
-6.237034355184742,0.15777510866290312,-0.33092509296652883,-0.028316583825876977,0.01251819965692905,welle könn+e,5.010398712505761
-6.425260108479017,0.25225201492101235,-0.2914040598343203,-0.027600329062141285,0.007649801751327616,könn+e drei,4.80044308429153
0.4985320010089822,-3.203074210068722,-1.129403797408065,-0.014586978974260529,0.05803694416401867,hoch,12.524380597747028
-2.285368179637082,-1.819473216971463,-0.8931309890449639,-0.020445277642397813,0.04882515306900533,meter hoch,9.419706529718258
-6.6833001640929925,0.3817197571372306,-0.2340505931411987,-0.026892518743637663,0.0011396553973862938,hoch warn+te,4.512683828947109
-7.739016181934478,0.9093665050790656,0.05027636311597837,-0.027095437355332576,-0.024929730264434062,warn+te japanisch+e,3.337024737136054
-0.42555888434733546,-2.7445714897204465,-1.0595947084246802,-0.017693095033838355,0.057838307003777734,Meteorologiebehörde,11.494013477681719
-2.396459077156244,-1.7641682551203623,-0.881740059674391,-0.022572223890513273,0.05154131602451856,japanisch+e meteorologie+behörde,9.29580033422279
0.7843097849731269,-3.345473515552213,-1.148933401070059,0.053556364070222844,0.06750379818598395,Stand,12.843298371861172
-7.51045141157921,0.7956194231329026,-0.01955398460269193,-0.025326316274832176,-0.021461481564873618,08.12.2025,3.5912207934839118
-7.51045141157921,0.7956194231329026,-0.01955398460269193,-0.025326316274832176,-0.021461481564873618,stand 08.12.2025,3.5912207934839118
-7.412612855220665,0.7468140986383198,-0.04784257438280344,-0.025010517321366266,-0.01937068927410776,17:20,3.700104835968763
-7.412612855220665,0.7468140986383198,-0.04784257438280344,-0.025010517321366266,-0.01937068927410776,08.12.2025 17:20,3.700104835968763
8.599117165388709,-7.009419592215663,0.5121439416054681,0.02381483497851905,0.03788882104393472,Uhr,21.49770891190258
-7.348817744213147,0.7149598896315481,-0.06581617900372942,-0.02480568130252473,-0.018050130834547,17:20 uhr,3.771122848773568
-7.288284957417943,0.6847147154019153,-0.08254099781970745,-0.024612261133100662,-0.016826769492119288,uhr nach,3.8385229241385037
-7.769934524140661,0.9247271784534155,0.06021650194700433,-0.028756757356607297,-0.02300836670651933,+1230,3.3026548858512443
-7.769934524140661,0.9247271784534155,0.06021650194700433,-0.028756757356607297,-0.02300836670651933,warn+te +1230,3.3026548858512443
-7.793568531470955,0.9364526470591343,0.06782533285301857,-0.028677805526572633,-0.023852014810124757,+1230 chars,3.2763929193253567
0.9632536015819149,-3.435122461415745,-1.1603899768526922,-0.04154341829481602,0.10734352954491397,tsunami-warnung schwer+em,13.043183636984315
-7.322842435085494,0.7019836459394408,-0.07271493124527248,-0.031560570045738104,-0.005815915755384905,küste aus+ge+geb+en,3.8000323301465033
-7.439584338220199,0.7602881349032073,-0.03988014762974337,-0.030564691637752887,-0.010583938754491352,aus+ge+geb+en vor,3.670069610865605
-3.401458356514513,-1.2628276108750125,-0.7706862548048637,-0.02728122018972097,0.050158991741363776,japan+s erdbeben,8.174579294458784
-6.702600792635051,0.39140247924379823,-0.22978957738485917,-0.02280399475125825,-0.00627889144583179,"7,6 ereign+et",4.491169753044911
-6.966509035030551,0.5209205512157817,-0.16408345016108608,-0.0737702596266933,0.07560165050008327,aus+ge+geb+en region+en,4.198115491561924
-7.001280619820928,0.5300311938174125,-0.15298457704488183,-0.12072786796656221,0.15651608022632116,region+en geb+t,4.162914589255058
-5.56305163763584,-0.29185719941317734,-0.4395923994273844,-0.3078225047788593,0.5212055057046188,Evakuierungen,5.810574416320118
-6.81340124872736,0.3959806836205537,-0.19276076595622382,-0.22368633347711994,0.34342378408977264,geb+t evakuierung+en,4.389565677371397
-6.156755015674936,0.11750186304618415,-0.3473245530663963,-0.026722693914353425,0.011279763040580863,Pazifikküste,5.09994796662637
-7.405460838420044,0.7432353728818717,-0.04949398923142073,-0.03322616319651123,-0.005118382234921098,erdbeben pazifikküste,3.708056317947067
-7.27523377213244,0.6781913508304298,-0.0861059921430302,-0.024570689379377435,-0.016566678809760843,pazifikküste japan+s,3.8530563855137245
-7.026406639948027,0.553687895918588,-0.15145695030085116,-0.02378831548535329,-0.011840626923706035,japan+s japanisch+e,4.130241745811801
-3.542524173797844,-1.192089397313247,-0.7542875453426334,-0.015704693782699366,0.028733174575171584,JMA,8.017080981245918
-4.13239874572316,-0.8971800569048773,-0.6789615805118072,-0.016893464132995823,0.02419930165063532,wetter+behörde jma,7.358865676381855
-3.6859285090303455,-1.120426736395808,-0.7366604203529551,-0.015583892092092143,0.026991804165215308,jma tsunami-warnung,7.857067079181015
-7.061574417989066,0.5712293897263561,-0.14201273371720177,-0.0345984773315706,0.00585504299202174,nordosten land+es,4.091068226881308
-7.1851824344901,0.6331323988091146,-0.10991522740019871,-0.03301270354163819,0.0001422365806367544,land+es aus+ge+geb+en,3.9533482026557096
-7.42042770068141,0.7507265738813795,-0.04535282898321932,-0.030714144824195325,-0.009817630529316314,bis drei,3.6913918831491097
0.7137355242327086,-3.2276670974964694,1.1134950439487297,-0.013179249345224589,0.01729603757098735,könnten,12.76255878285613
-7.608246328511433,0.8443586577736426,0.00982127674397283,-0.02946885403902285,-0.017094097200697017,welle+n könn+ten,3.4824126575555754
-7.672029671331014,0.8760922229414521,0.029364402614126865,-0.029150845416262824,-0.01945979991686036,+521,3.411483200984058
-7.672029671331014,0.8760922229414521,0.029364402614126865,-0.029150845416262824,-0.01945979991686036,könn+ten +521,3.411483200984058
-7.697835593583603,0.8889206925191488,0.03739415304244756,-0.029036195872821576,-0.02040421875423904,+521 chars,3.3827924991180818
-5.907161573858059,-0.007729970283304688,-0.3964344024483993,-0.020569471191187648,0.005184051495820723,tsunami krise+n+stab,5.378402402003857
-6.588558507820697,0.33420267310027496,-0.2557740646076942,-0.022467358617718605,-0.004458539684185116,übernimmt,4.618329986025826
-6.588558507820697,0.33420267310027496,-0.2557740646076942,-0.022467358617718605,-0.004458539684185116,krise+n+stab übernehm+t,4.618329986025826
-6.91112725884391,0.4959386353430484,-0.18015930795807203,-0.023433206017348558,-0.009789747430214518,übernehm+t vor,4.258713027574234
-2.8295925347695006,-1.5480984864283935,-0.836003014910928,-0.017913690650002895,0.04673218818512662,Tiefe,8.812549690514079
-7.032748971156762,0.5565428094149234,-0.1489539286251774,-0.04297230929813366,0.020918623430749655,erdbeben tiefe,4.12328359108948
-4.074724402063312,-0.9261745901456453,-0.6861184380974592,-0.022945574969443286,0.0435870908774049,Kilometern,7.423268467068197
-6.562953219021961,0.3211283833123062,-0.2605102246798603,-0.03414277997753268,0.03098689726070263,tiefe kilo+meter+n,4.646949595284651
-4.393002902267597,-0.7679714985904673,-0.6412208593082709,-0.025900558568227303,0.08798352357038783,Erste,7.068514693275137
-7.757547852359281,0.9053519105608263,0.061164502150644603,-0.1341962944720807,0.1597691487228332,Gemeinden,3.3220171691028284
-7.757547852359281,0.9053519105608263,0.061164502150644603,-0.1341962944720807,0.1597691487228332,erst+e gemeinde+n,3.3220171691028284
-7.679438268535303,0.8514063377786905,0.038813417172168636,-0.18011563657734642,0.24300425991378993,ordneten,3.4153717665398444
-7.679438268535303,0.8514063377786905,0.038813417172168636,-0.18011563657734642,0.24300425991378993,gemeinde+n ordn+eten,3.4153717665398444
-7.4026638829591125,0.6490474832897573,-0.03670828690481409,-0.2933288463679527,0.45456846150902214,ordn+eten evakuierung+en,3.7512216852142246
-8.209291581186255,1.1412619759068994,0.21415369114893523,-0.04783030563480608,-0.004609699286005159,hoch+en wellen…,2.8152176071591613
-8.216777883920617,1.1449529030834213,0.2169585366859738,-0.047030495965538766,-0.00624411607279754,+1763,2.8069168804724933
-8.216777883920617,1.1449529030834213,0.2169585366859738,-0.047030495965538766,-0.00624411607279754,wellen… +1763,2.8069168804724933
-8.221607961658163,1.1473322268878934,0.21877347290575588,-0.0465291346104137,-0.007273726305482585,+1763 char+s,2.801562273884668
-1.5158046521979998,-2.1349771780103617,-0.2897456477741179,0.02684398227725971,0.036356292664421,erste,10.258817810842398
-7.903032563329653,0.9906562794169052,0.10384337404345038,-0.02659952191966021,-0.030762655591631785,japan erst+e,3.1548186075835787
-7.886338305706884,0.9823959309428674,0.09823970580868747,-0.02654570989024048,-0.030333754778602985,vorsichtige,3.173356248070886
-7.886338305706884,0.9823959309428674,0.09823970580868747,-0.02654570989024048,-0.030333754778602985,erst+e vorsichtig+e,3.173356248070886
-7.850006110820357,0.9644064661667895,0.0861619346062503,-0.026428350141605095,-0.02941147564849375,vorsichtig+e entwarnung,3.2137073954136026
-7.812661316119732,0.9458989927097035,0.07391220475941664,-0.026307431180994375,-0.028479043741652048,entwarnung ein,3.2551929412315914
19.150304558365384,-12.194423386379484,-0.3345230273258718,0.0401466115818468,0.04662603330190972,erdbeben erschütter+t,33.23977413634759
-0.7234244919544235,-2.578215684491178,1.3339094066018504,-0.018522654015806557,0.02646052416199217,erschütter+t norden,11.189532163939258
0.9251643532561431,-3.4144608430159544,-1.159266369160046,0.014208974164060783,0.054716827239758035,merk+liste hinzu+füg+en,12.999987598322628
-0.7623793966449277,-2.577116179425023,-1.032352795645761,0.015619216158438965,0.04875571442523205,hinzu+füg+en ein,11.118345881410054
-6.002963766364256,0.040347739860104426,-0.3780166365486294,-0.020824612551487997,0.003941791772358847,"7,6 erschütter+t",5.2715165289322625
2.0118116955803433,-3.9525585918977915,-1.2296497247788485,-0.007745234713719164,0.05394782336230733,warnten,14.21132575908631
2.0118116955803433,-3.9525585918977915,-1.2296497247788485,-0.007745234713719164,0.05394782336230733,behörde+n warn+ten,14.21132575908631
-3.6859285090303455,-1.120426736395808,-0.7366604203529551,-0.015583892092092143,0.026991804165215308,warn+ten tsunami+s,7.857067079181015
9.899057873459615,-7.688222639405305,-0.29776678964570386,-0.006313574135860975,0.03577998159537681,Doch,22.951198085238357
-6.452892263927108,0.2661388917999936,-0.28569610556319247,-0.02207395421476221,-0.002377440398653563,schlimm,4.769624590876932
-6.452892263927108,0.2661388917999936,-0.28569610556319247,-0.02207395421476221,-0.002377440398653563,doch schlimm,4.769624590876932
-6.531192999655572,0.28830863915336513,-0.2655156464241339,0.2362543868119116,0.04098700428738002,befürchtet,4.689718936264922
-6.885187781659115,0.4829396697169137,-0.1864896719696549,-0.0233539975466472,-0.009339445672382422,schlimm befürcht+et,4.287624826643995
-7.1225706232684125,0.6018315831940129,-0.12677259209983788,-0.024088242413520495,-0.013616482964457603,befürcht+et komm+t,4.023097650501866
-3.039284841139126,-1.443377664630629,-0.8131709868436904,-0.014406982720892416,0.031577995712890494,wohl,8.578572695371793
-7.2618347756755925,0.6714933167964876,-0.08975112515880908,-0.024528060218853363,-0.01630098649468622,komm+t wohl,3.8679777477839408
-7.412612855220665,0.7468140986383198,-0.04784257438280344,-0.025010517321366266,-0.01937068927410776,Na…,3.700104835968763
-7.459767817348586,0.7703442862191683,-0.034320183373456145,-0.025162498717225867,-0.02036822641922726,+2211,3.6476212684398117
-7.459767817348586,0.7703442862191683,-0.034320183373456145,-0.025162498717225867,-0.02036822641922726,na… +2211,3.6476212684398117
-7.51045141157921,0.7956194231329026,-0.01955398460269193,-0.025326316274832176,-0.021461481564873618,+2211 chars,3.5912207934839118
-5.133597474643332,-0.3957604303993567,-0.5318302914926889,-0.018641827707751985,0.014126123254455822,erst+e entwarnung,6.241589191020571
-3.6859285090303455,-1.120426736395808,-0.7366604203529551,-0.015583892092092143,0.026991804165215308,Tsunami-Warnstufe,7.857067079181015
-3.6859285090303455,-1.120426736395808,-0.7366604203529551,-0.015583892092092143,0.026991804165215308,entwarnung tsunami-warnstuf+e,7.857067079181015
-6.66662371334122,0.37335939617868963,-0.23807181813572625,-0.022697215148062028,-0.005697351361388617,tsunami-warnstuf+e erdbeben,4.531283074563293
-7.1225706232684125,0.6018315831940129,-0.12677259209983788,-0.024088242413520495,-0.013616482964457603,gesenkt,4.023097650501866
-7.1225706232684125,0.6018315831940129,-0.12677259209983788,-0.024088242413520495,-0.013616482964457603,japan ge+senk+t,4.023097650501866
-7.248072034649396,0.6646126020009306,-0.09347965024639152,-0.024484328071216862,-0.016029471806265468,ge+senk+t vor,3.88330479147377
7.405276564572834,-6.4327897017357625,0.4175788543299006,0.0028995757146076952,0.0747333970331765,mehrere,20.170573202992554
-7.713316550231232,0.8965905621566514,0.04210761585256445,-0.02598488998574586,-0.026072000251224553,erdbeben mehrere,3.3655975993037393
-5.624738693474643,-0.14944195986778297,-0.4484774495020952,-0.019838907644882234,0.008660996854505672,mehrere mensch+en,5.693525461308608
4.9953853798555095,-5.26992993654679,0.2605348165792975,0.1079720568304782,0.03990425767931064,verletzt,17.49277668954592
-3.6964561326125,-1.1164152294672043,-0.7344830478472517,0.06752987547269292,0.041139302041163256,mensch+en verletz+t,7.845848069217383
-7.905728581774126,0.9919899321454877,0.104751564401853,-0.026608204727379185,-0.030832227429856224,warn+en zunächst,3.1518250932441934
-7.871704803722679,0.9751523036811673,0.09335589300077136,-0.026498479013290145,-0.029960466267899305,zunächst drei,3.1896073011661183
-6.025820190216001,0.05181837485718699,-0.3735621346780022,-0.02088604151434029,0.0036404180578509387,Jetzt,5.246016567987964
-7.762374916233517,0.920952964641454,0.05767395516527567,-0.026144278145698096,-0.027247604090460044,jetzt geb+t,3.3110698538647028
-7.727375805237785,0.9035748575800786,0.04654136327507438,-0.026030581358152546,-0.026406361942109734,geb+t erst+e,3.3499694228825634
-6.736771828164844,0.4085380423693008,-0.2218488894197427,-0.022905905366770694,-0.00683761482806336,tsunami meter,4.453072019736365
-6.232390304914574,0.1488791099757809,-0.33029487697003873,0.1488623376048668,0.031159401096967045,Zunächst,5.0184197707821685
-7.402566860067086,0.7417994505215084,-0.050697110518665364,-0.024978199017235723,-0.01916055405867885,zunächst japanisch+e,3.7112872057158883
-5.490001513324285,-0.21703379753905327,-0.47219968860295264,-0.019501450546320704,0.010229438430382692,sogar,5.84387326494274
-7.645353780282198,0.862802112534419,0.020976262387765395,-0.025763985191083326,-0.02448369822318243,meteorologie+-+behörde sogar,3.4411606369163312
-7.6986941451906645,0.8893244789126722,0.03751921373407044,-0.02593736200494387,-0.025726380766656426,bis…,3.381853007286597
-7.6986941451906645,0.8893244789126722,0.03751921373407044,-0.02593736200494387,-0.025726380766656426,sogar bis…,3.381853007286597
-7.727375805237785,0.9035748575800786,0.04654136327507438,-0.026030581358152546,-0.026406361942109734,+2022,3.3499694228825634
-7.727375805237785,0.9035748575800786,0.04654136327507438,-0.026030581358152546,-0.026406361942109734,bis… +2022,3.3499694228825634
-7.7539440946834794,0.9167679559268014,0.05497972979365144,-0.026116898075466587,-0.0270437894185191,+2022 chars,3.320439551072156
-7.005070769363071,0.543002389701345,-0.15684073189422124,-0.023722218482670886,-0.011454789769224843,"7,6 nach",4.154016889802433
-3.6859285090303455,-1.120426736395808,-0.7366604203529551,-0.015583892092092143,0.026991804165215308,heb+t tsunami-warnung,7.857067079181015
-2.2940905973988333,-1.8168715927882704,-0.8907951862603463,-0.04859260440493065,0.0974845646759332,tsunami-warnung ein,9.41069252455596
-3.6859285090303455,-1.120426736395808,-0.7366604203529551,-0.015583892092092143,0.026991804165215308,doch tsunami-gefahr,7.857067079181015
3.765294818452533,-4.819379066302009,-1.328025863016518,-0.006109038131405706,0.0583989746779132,scheint,16.165586292322104
-6.287610553691728,0.18320006983549542,-0.3207888914867812,-0.021605134441405785,4.272474619832975e-05,tsunami-gefahr schein+t,4.953974536580164
0.6513724555291649,-3.2787469955646507,-1.1405028913446291,-0.009205634197764868,0.04959236144059147,gebannt,12.694746643867973
-2.9134583590237435,-1.506165790850381,-0.8271957703557035,-0.014189489138997898,0.032404804785874715,schein+t ge+bann+t,8.718956203708942
-2.8591948967021397,-1.533238337359835,-0.8331634676148101,-0.014096784676721562,0.03275528306091187,warn+ten zunächst,8.779496425776669
-3.6859285090303455,-1.120426736395808,-0.7366604203529551,-0.015583892092092143,0.026991804165215308,zunächst tsunami+s,7.857067079181015
-4.141056756139627,-0.8929932006357792,-0.677394065745763,-0.025441146463106544,0.03881399679483498,Inzwischen,7.34925333182486
-2.903109710913247,-1.511329070023823,-0.8283375803840158,-0.014171759110320047,0.03247192447801281,Lage,8.73050194908981
-6.982930104582561,0.5319124615330808,-0.16239279031312526,-0.023653805343905272,-0.011057448646297097,inzwischen lage,4.178689966103032
-7.086048110862334,0.5835504439681944,-0.13622948959182749,-0.02397395020626149,-0.012934805594215955,entspannt,4.063787539331356
-7.086048110862334,0.5835504439681944,-0.13622948959182749,-0.02397395020626149,-0.012934805594215955,lage entspann+t,4.063787539331356
-7.371057462620519,0.7260671991919423,-0.05959150591558929,-0.02487698043374514,-0.018506782557416168,+1398,3.7463633935889686
-7.371057462620519,0.7260671991919423,-0.05959150591558929,-0.02487698043374514,-0.018506782557416168,der +1398,3.7463633935889686
-7.432068043166991,0.7565238258887022,-0.042288319874836236,-0.025073166966101342,-0.019780003923994448,+1398 char+s,3.6784500737357497
16.913681411010895,-11.140382258498637,-0.6284875117301568,-0.036764896613625364,0.11234102953756617,aufgehoben,30.763148961047982
5.681497113336771,-5.768188923793673,-1.4164403795135803,-0.04922977509538999,0.13982516118536778,tsunami-warnung auf+ge+heb+en,18.302057588227534
4.668850740383654,-5.29353270084343,-1.3667508993878752,0.3017220450853157,0.12132807023275613,Verletzte,17.18464468119998
-6.998901827984554,0.5398166705632479,-0.15784166835575653,-0.03551310377310629,0.008900373424238654,auf+ge+heb+en verletz+t+e,4.160914002550301
-7.214279917827861,0.6456193552145308,-0.10044804659686427,-0.06915637418554998,0.06163007101003092,Brand,3.9217818841490253
-7.298162534249604,0.6896473719908931,-0.07950191127107806,-0.03179799937150655,-0.004776126925901927,verletz+t+e brand,3.827514021768729
-7.400431675571005,0.740743519823599,-0.05102930752632215,-0.030875879686350246,-0.009011250797030565,brand nordosten,3.7136500795531973
-6.154911706449223,0.11660461979713999,-0.34795092802962657,-0.021237054715551134,0.0019007096446319906,japan+s ereign+et,5.102001080688203
-5.752494794106806,-0.0853421301406363,-0.42533793591137103,-0.02016543615826065,0.007121158706963983,heftiges,5.550973054097364
-5.752494794106806,-0.0853421301406363,-0.42533793591137103,-0.02016543615826065,0.007121158706963983,ereign+et heftig+es,5.550973054097364
-2.913297688200461,-1.44502993169663,-0.14930228681017468,-0.018118436979179874,0.021259263615571556,Stunden,8.702659861146095
-4.458768482901566,-0.7338423681067408,-0.6339421863225876,-0.017135920091102066,0.02064302030915863,stunde+n spät+er,6.994662695985792
-3.6859285090303455,-1.120426736395808,-0.7366604203529551,-0.015583892092092143,0.026991804165215308,spät+er schein+t,7.857067079181015
0.7113585639317108,-3.3084841394014393,-1.1447108099452614,-0.009137137654907713,0.04980411396734449,schein+t tsunami-gefahr,12.761624849646967
-4.54162398948556,-0.6923580313586428,-0.6220860448887258,-0.01731278148681409,0.019896654440216353,tsunami-gefahr ge+bann+t,6.902200973446109
2.822169674933674,-4.353767948591484,-1.276553637130567,-0.01945052916680833,0.07777905083148531,Experten,15.114688000011324
-3.8089939672526087,-1.0589122447685138,-0.7211868907672299,-0.01581983941253568,0.026049174325345918,doch experte+n,7.7197454403093495
-4.47683313509925,-0.6977520985663301,0.9259717570785969,-0.045197417426928586,0.045321166018402866,befürchten,6.986121136203675
-5.664751448758812,-0.12936708989746348,-0.44129946381714336,-0.019940482341077967,0.008184378084045561,experte+n befürcht+en,5.648877918000357
-2.8374928973895344,-1.477070086005742,0.806108965581228,-0.014219415240190563,0.0027988085495134346,weiteres,8.799247532186453
-6.039669801594628,0.05876892424468272,-0.37085144104362117,-0.02092336875815229,0.0034568478020025224,befürcht+en weit+er+es,5.230565293062887
-3.774841919098807,-1.0288782104962948,0.8614651157222241,-0.015229647606500368,-0.0012976262312170417,weit+er+es stark+es,7.761240181946465
0.06339752423026113,-2.869228011271477,0.5066855961119654,0.027609458797031555,0.02021450754361616,stark+es beb+en,12.011947264982197
-5.463801146959393,-0.23017595746701458,-0.4767343296876227,-0.019436641306454828,0.010528077509629804,kommenden,5.87310977291849
-5.463801146959393,-0.23017595746701458,-0.4767343296876227,-0.019436641306454828,0.010528077509629804,beb+en komm+end+en,5.87310977291849
-5.506987721656874,-0.20851321863768613,-0.46924637997175644,-0.01954360778739089,0.010034738021972054,komm+end+en tag+en,5.824918758524429
-4.783546255011162,-0.5711900315784133,-0.5864201231471832,-0.017841733425102896,0.01763495715506855,infolge,6.632228252907292
-7.722749695987057,0.9012769330444055,0.04508006720268341,-0.026015547765609486,-0.026296118826876144,der infolge,3.3551116456555645
-7.782600073091661,0.9309895524098555,0.06417009611368063,-0.026209934455284776,-0.027739617642868718,infolge schwer+en,3.2885942154944092
-1.4311799031469938,-2.154334080785121,0.7191905486457932,-0.05725675039461214,0.08449035063032087,Erdbebens,10.35853044083027
-7.805393280092175,0.9422951968152213,0.07154722134543727,-0.0262838704403164,-0.02829936850408525,schwer+en erdbeben+s,3.2632679605479016
-7.7539440946834794,0.9167679559268014,0.05497972979365144,-0.026116898075466587,-0.0270437894185191,erdbeben+s nordosten,3.320439551072156
-7.672964202109741,0.876534024737126,0.029501484650301592,-0.025853725065189258,-0.02512343535643942,ausgegebene,3.410459412358655
-7.672964202109741,0.876534024737126,0.029501484650301592,-0.025853725065189258,-0.02512343535643942,japan+s aus+ge+geb+en+e,3.410459412358655
-7.7539440946834794,0.9167679559268014,0.05497972979365144,-0.026116898075466587,-0.0270437894185191,aus+ge+geb+en+e nordosten,3.320439551072156
-7.727375805237785,0.9035748575800786,0.04654136327507438,-0.026030581358152546,-0.026406361942109734,infol…,3.3499694228825634
-7.727375805237785,0.9035748575800786,0.04654136327507438,-0.026030581358152546,-0.026406361942109734,der infol…,3.3499694228825634
-7.762374916233517,0.920952964641454,0.05767395516527567,-0.026144278145698096,-0.027247604090460044,+1087,3.3110698538647028
-7.762374916233517,0.920952964641454,0.05767395516527567,-0.026144278145698096,-0.027247604090460044,infol… +1087,3.3110698538647028
-7.786506551204658,0.9329276077228075,0.06543019815638544,-0.026222610854049443,-0.027835153525502733,+1087 char+s,3.284253361581154
4.695556339112253,-5.137048564228754,0.3443383800426797,0.24603775111878995,0.07057656539771892,Mindestens,17.166249649021193
-7.957358833020779,1.017511046130586,0.12232021288549025,-0.026774025308526215,-0.03218135652921794,mindestens verletz+t+e,3.0945086649589677
-5.674071466956645,-0.12958982289715903,-0.4379785480257426,0.12883146610878043,0.03349415248340836,verletz+t+e erdbeben,5.640586273578648
-6.533458217010039,0.3065516837023785,-0.26784462237846923,-0.02679967838503433,0.004100812568114013,Regierungschefin,4.679771546594717
-7.868694335457054,0.9736617780545409,0.0923544080231392,-0.02648875584274363,-0.02988397809420714,japan regierung+s+chef+in,3.192950734968878
-6.623385223897216,0.3516722284425713,-0.24777296633537266,-0.025780627220292635,0.000496249853703945,Takaichi,4.579490045651379
-6.623385223897216,0.3516722284425713,-0.24777296633537266,-0.025780627220292635,0.000496249853703945,regierung+s+chef+in takaichi,4.579490045651379
-5.338297043181836,-0.29935449985450147,-0.4960220194442789,0.14392939713585187,0.04731732031573943,ruft,6.015839950871286
-6.6503399744962195,0.36519409146439674,-0.2416670742967768,-0.02540340860682943,-0.0007160038342525904,takaichi ruf+t,4.5494343049988695
-5.59184075163829,-0.1659519514104253,-0.4542502131928522,-0.021533551033474325,0.012101212465274435,Vorsicht,5.730233915830405
-6.665698238936057,0.37289806019838,-0.2381732248096069,-0.025086075042573507,-0.0015840852964313958,ruf+t vorsicht,4.5323098501341725
16.692641599570948,-11.03603865759541,-0.679441720759515,0.019639576956703035,0.0647632363444017,Bei,30.51805455064167
-6.618855273585828,0.3494000965459554,-0.24894704500511944,-0.022556264559383053,-0.004935627197875169,vorsicht bei,4.584546418362889
-5.727202549969206,-0.0671542713486275,0.6255862298118056,-0.019736021897552105,-0.011184449859600834,bei erdbeben,5.581645305315625
-6.059967330931887,0.06895545989273,-0.36686288456590216,-0.020978217763955916,0.0031864981966199385,"7,5 norden",5.207920643534224
7.779584417161441,-6.667207436297662,-0.3634594041224832,0.11277189359511051,0.05990385960460149,mindestens,20.59785762858699
-5.724107119525818,-0.09958599890010289,-0.43053564570964425,-0.020092322415977408,0.007467895602606699,japan+s mindestens,5.5826479686930055
3.200567141062793,-4.544045698808107,-1.2964494146946302,0.11066363830554456,0.08440078132534995,mindestens mensch+en,15.537813136105738
-1.9284952943204132,-1.997073328992554,-0.928345660546598,0.01201803952749422,0.04402680221364747,verletz+t werd+en,9.817732152590686
4.853716174509989,-5.356626400869619,-1.381499714078836,-0.00520704587948251,0.060635454643478595,ein tsunami-warnung,17.37839866917674
-7.081022197905587,0.5809734999325038,-0.1370410804770742,-0.03433019383989018,0.004931213320976815,09.12.2025,4.069396959162757
-7.081022197905587,0.5809734999325038,-0.1370410804770742,-0.03433019383989018,0.004931213320976815,stand 09.12.2025,4.069396959162757
-7.258672670924813,0.6699013318002061,-0.09025325897118187,-0.032198341098745566,-0.0030873748645698224,08:41,3.871491646146098
-7.258672670924813,0.6699013318002061,-0.09025325897118187,-0.032198341098745566,-0.0030873748645698224,09.12.2025 08:41,3.871491646146098
-7.334729386466563,0.7079241150415259,-0.06942715981399518,-0.031449651947238685,-0.006312575640927319,08:41 uhr,3.786796730831935
-7.390099124844917,0.7355839817885652,-0.05394824349182531,-0.03096177684750755,-0.008591908077782352,uhr regierung+s+chef+in,3.725152209195054
-6.689830019060595,0.38466460013909254,-0.23187014286832663,-0.041263315038332526,0.025680511452756866,+1190,4.505523933363572
-6.689830019060595,0.38466460013909254,-0.23187014286832663,-0.041263315038332526,0.025680511452756866,tsunami-warnung +1190,4.505523933363572
-6.8769026622200835,0.47862076709681856,-0.187839404921286,-0.03752458473459272,0.01515054345050162,+1190 char+s,4.296909280271505
0.9533523510715298,-3.4284363887433815,-1.1613695622128408,-0.00972739746583977,0.052128668968260794,Monster,13.03141991958495
1.4930918608669579,-3.6957982259029865,-1.1971091602141875,-0.008990308937039474,0.05361965503855658,Hunter,13.633115927895611
1.4930918608669579,-3.6957982259029865,-1.1971091602141875,-0.008990308937039474,0.05361965503855658,monster hunter,13.633115927895611
2.3283291890063893,-4.109156176562552,-1.2486649503270848,-0.007431102950554099,0.05483920277460941,Showcase,14.56412253741655
-6.628673055537386,0.35432465069457875,-0.24672305432984476,-0.022585156747306094,-0.005091226441202135,hunter showcase,4.573599003644827
-0.6694241306638258,-2.6232755459845722,-1.0401091005870244,-0.005918524163354695,0.04892335263764187,aufgrund,11.221999498457466
-6.154911706449223,0.11660461979713999,-0.34795092802962657,-0.021237054715551134,0.0019007096446319906,showcase aufgrund,5.102001080688203
-3.6859285090303455,-1.120426736395808,-0.7366604203529551,-0.015583892092092143,0.026991804165215308,aufgrund tsunami,7.857067079181015
-0.5573748851400406,-2.6789506338457163,-1.0493756409909696,-0.010678863159227501,0.04487025129374439,verschoben,11.346964358738145
-5.694873862585679,-0.11425371903939263,-0.43585439138785553,-0.020017365505524326,0.007822196767071809,tsunami verschieb+en,5.615266712236061
-4.458768482901566,-0.7338423681067408,-0.6339421863225876,-0.017135920091102066,0.02064302030915863,Eigentlich,6.994662695985792
-6.500936667105192,0.2902446048101752,-0.2752186555744107,-0.02221239001511564,-0.003104317456967716,verschieb+en eigentlich,4.716042989165095
-5.462453325092475,-0.23085201443021441,-0.47696692957916964,-0.01943331440850103,0.010543385689116622,gestern,5.87461378710184
-5.462453325092475,-0.23085201443021441,-0.47696692957916964,-0.01943331440850103,0.010543385689116622,eigentlich gestern,5.87461378710184
-5.256854339641964,-0.3339624700084589,-0.5116968195904857,-0.018933817482801464,0.01281784994457609,gestern showcas+e,6.104042954310065
-3.4866678465160392,-1.2199918438399284,-0.7610699361326575,-0.015210233099483146,0.028468599896047598,showcas+e monster,8.079404825038676
-6.346654977880627,0.21283023588155725,-0.3084178340685909,-0.021771291637839016,-0.0008079095598067625,stattfinden,4.888115077857104
-6.346654977880627,0.21283023588155725,-0.3084178340685909,-0.021771291637839016,-0.0008079095598067625,hunter statt+find+en,4.888115077857104
-4.755405372944796,-0.5852876703115366,-0.5906517684237883,-0.01777922322325597,0.0179045830435014,Natur,6.663632119147434
-6.608899159861181,0.34440603940030234,-0.2511965192877743,-0.022527006178635154,-0.004778335897171564,statt+find+en natur,4.595648221797493
-6.66662371334122,0.37335939617868963,-0.23807181813572625,-0.022697215148062028,-0.005697351361388617,machte,4.531283074563293
-6.66662371334122,0.37335939617868963,-0.23807181813572625,-0.022697215148062028,-0.005697351361388617,natur mach+te,4.531283074563293
-3.961770214792124,-0.982577111987796,-0.7013177012980094,-0.020730515136140156,0.03278318254531919,Capcom,7.549283690045802
-6.728389980491175,0.40433500971306224,-0.22380342964390487,-0.022880863481690817,-0.006699983381523646,mach+te capcom,4.462416874596682
2.490223821227417,-4.047742914147362,0.42761305493495594,-0.04081091747457621,0.07087067560419792,gewaltigen,14.708219925200705
-6.829849693651472,0.4552033750114297,-0.19984260701934695,-0.023185896717516058,-0.008391994631312863,capcom gewaltig+en,4.349308397722342
-6.904743503366179,0.49273970799525957,-0.18172149540343221,-0.023413688497606017,-0.009678555518325666,Strich,4.265828149195675
-6.904743503366179,0.49273970799525957,-0.18172149540343221,-0.023413688497606017,-0.009678555518325666,gewaltig+en strich,4.265828149195675
-7.005070769363071,0.543002389701345,-0.15684073189422124,-0.023722218482670886,-0.011454789769224843,Rechnung,4.154016889802433
-7.005070769363071,0.543002389701345,-0.15684073189422124,-0.023722218482670886,-0.011454789769224843,strich rechnung,4.154016889802433
8.494891655235687,-7.15073590065586,-1.5277312372873253,0.035827535883165285,0.08034258397966274,ein stark+es,21.434792086386793
-5.424569517816419,-0.2498536909897533,-0.483477917586544,-0.019340085952404548,0.010971490800693486,nebst,5.916887930592879
-5.424569517816419,-0.2498536909897533,-0.483477917586544,-0.019340085952404548,0.010971490800693486,erdbeben nebst,5.916887930592879
-3.6859285090303455,-1.120426736395808,-0.7366604203529551,-0.015583892092092143,0.026991804165215308,nebst tsunami-warnung,7.857067079181015
-5.854846928904724,-0.0344871541269991,-0.4053463681099453,-0.04095933353852106,0.04114942767681387,dafür,5.436958354078989
-6.48071765659998,0.2794598403534967,-0.27848917589866756,-0.04652171241737714,0.03907712441954676,tsunami-warnung dafür,4.738831760091121
-6.724978600064746,0.40232882356194466,-0.22377116563758964,-0.040495892300420167,0.023605977415421413,all…,4.4663205482613755
-6.724978600064746,0.40232882356194466,-0.22377116563758964,-0.040495892300420167,0.023605977415421413,dafür all…,4.4663205482613755
-6.903348172468991,0.49189130114472657,-0.18142586280790798,-0.03706156149039173,0.013757456671047167,+1478,4.2674262807909145
-6.903348172468991,0.49189130114472657,-0.18142586280790798,-0.03706156149039173,0.013757456671047167,all… +1478,4.2674262807909145
-7.041434411201932,0.5611366855456594,-0.14713126792943745,-0.03488397941037853,0.006822150382732192,+1478 char+s,4.113512076412995
-1.4537215349594028,-2.2333945428203417,-0.9728365868213275,-0.011901488921643725,0.04071814003698987,bleiben,10.347314196283897
-5.806893183836208,-0.058045996809949596,-0.4152860313683788,-0.020306441437235305,0.00644920484624914,tsunami+s bleib+en,5.490276371447571
-6.66662371334122,0.37335939617868963,-0.23807181813572625,-0.022697215148062028,-0.005697351361388617,bleib+en japan,4.531283074563293
-6.959931993794573,0.5203916449279549,-0.16812277197800896,-0.023582936071614456,-0.010647965334237827,japan heftig+en,4.204319744289842
-7.412612855220665,0.7468140986383198,-0.04784257438280344,-0.025010517321366266,-0.01937068927410776,erschütter+t nach,3.700104835968763
-5.008629569949264,-0.4584021963247382,-0.5517456343628668,-0.018351327050052883,0.015412744629343712,"7,5 nordosten",6.381046308831634
-3.3692059336016618,-1.2786637679884225,-0.7751009366966901,-0.014994663999388409,0.029311758374951973,japan+s werd+e,8.21046691287979
-1.1192941299440324,-2.4093330257512213,-0.9991404769559529,0.1745995322050078,0.09706096189612545,Berichte,10.724447871832696
2.609604798992562,-4.248356982544266,-1.2646097820668745,0.012377724045866038,0.06818734375629587,sprechen,14.877649012430854
-4.285889172670808,-0.8206563954386303,-0.6570280670897276,0.029180010186367386,0.051987877358154355,bericht+e sprech+en,7.1876742384495795
-5.901700778667567,-0.010575163165414292,-0.3970272568988244,-0.03004902423970953,0.021559476882474525,Verletzten,5.384525368471101
-5.901700778667567,-0.010575163165414292,-0.3970272568988244,-0.03004902423970953,0.021559476882474525,sprech+en verletz+t+en,5.384525368471101
-6.203739213947975,0.14106111133762456,-0.3377270731725775,-0.028461803804070672,0.013392923366892288,Wohnhausbränden,5.047541379133212
-6.203739213947975,0.14106111133762456,-0.3377270731725775,-0.028461803804070672,0.013392923366892288,verletz+t+en wohnhausbränd+en,5.047541379133212
-1.5406260079585774,-2.1904672809457923,-0.9643624013403778,-0.02403560999763493,0.06101548541608953,experte+n warn+en,10.250499903698174
-4.130842584230098,-0.9130345167961926,1.2217870144315781,-0.01575366938283806,0.0015330784460075367,weiteren,7.395827180418946
-6.66502465448482,0.37255304476941387,-0.23824165607624204,-0.026932714863035688,0.0015961369452998433,warn+en weit+er+en,4.533061023307807
-1.3211599377807488,-2.299346224189184,-0.9846553077504601,-0.012721304237449549,0.04311168878016936,starken,10.495168716525761
-6.729323730339602,0.40480594680265436,-0.22345192357188287,-0.0257801559599138,-0.001752062081444298,weit+er+en stark+en,4.461369946053833
-7.6886138857939414,0.8843142738485195,0.03436961137077145,-0.025904595574446534,-0.025489376372064693,stark+en beb+en,3.3930597333748627
-7.773988012105152,0.9267386565599054,0.06151694636073231,-0.028742782550650124,-0.023153388760856153,Beben…,3.298150416419281
-7.773988012105152,0.9267386565599054,0.06151694636073231,-0.028742782550650124,-0.023153388760856153,stark+en beben…,3.298150416419281
-7.804797938234762,0.9420216867107558,0.07146318096700409,-0.028642411985514944,-0.024251295920606146,+83,3.263916160306189
-7.804797938234762,0.9420216867107558,0.07146318096700409,-0.028642411985514944,-0.024251295920606146,beben… +83,3.263916160306189
-7.819208806708408,0.9491664172098928,0.07615325304134019,-0.028598961280742626,-0.024762289906933937,+83 char+s,3.2479057900103996
-2.8379318941594294,-1.5438565126396142,-0.8354386732459174,-0.015125810133638359,0.03472645310525881,Wilds,8.803221711500662
-2.8379318941594294,-1.5438565126396142,-0.8354386732459174,-0.015125810133638359,0.03472645310525881,hunter wild+s,8.803221711500662
-5.276164779327021,-0.32427949742748385,-0.5084969395148989,-0.01898006363373045,0.012609225178824351,wild+s showcas+e,6.082494000909544
-3.6859285090303455,-1.120426736395808,-0.7366604203529551,-0.015583892092092143,0.026991804165215308,showcas+e tsunamiwarnung,7.857067079181015
-6.452892263927108,0.2661388917999936,-0.28569610556319247,-0.02207395421476221,-0.002377440398653563,tsunamiwarnung japan,4.769624590876932
-5.387444627658364,-0.26847366426779384,-0.4898087458068443,-0.019249251229391005,0.011386999648767122,japan verschieb+en,5.958315510686241
-7.005070769363071,0.543002389701345,-0.15684073189422124,-0.023722218482670886,-0.011454789769224843,Eigentliche,4.154016889802433
-7.005070769363071,0.543002389701345,-0.15684073189422124,-0.023722218482670886,-0.011454789769224843,verschieb+en eigentlich+e,4.154016889802433
-7.301003299036282,0.6910709361145071,-0.07905306928236257,-0.024652818445206642,-0.017081467301074793,eigentlich+e capcom,3.8243606612778316
-7.422444038322489,0.7517209445949913,-0.04504019752796459,-0.025042165741773932,-0.019577134466760605,capcom heute,3.6891619642675213
-6.223914832039437,0.15123452519600722,-0.33393547045087657,-0.02142753310139086,0.0009436609889512081,heute showcas+e,5.025025739791974
-6.500936667105192,0.2902446048101752,-0.2752186555744107,-0.02221239001511564,-0.003104317456967716,geplant,4.716042989165095
-6.500936667105192,0.2902446048101752,-0.2752186555744107,-0.02221239001511564,-0.003104317456967716,wild+s ge+plan+t,4.716042989165095
1.4147316026975467,-3.6570121557833546,-1.191998396673766,-0.010066153666882767,0.05508961477441118,Durch,13.545770291593646
-3.6859285090303455,-1.120426736395808,-0.7366604203529551,-0.015583892092092143,0.026991804165215308,durch tsunamiwarnung,7.857067079181015
-4.067211895550881,-0.9297867057696672,-0.6876754936322343,-0.01632829663122012,0.023990781932430573,tsunamiwarnung werd+e,7.4316070095027635
-5.995350415741968,0.03652695342993617,-0.37949517627986046,-0.020804198739512923,0.004041744498272916,werd+e allerdings,5.280010498888996
-7.086048110862334,0.5835504439681944,-0.13622948959182749,-0.02397395020626149,-0.012934805594215955,allerdings verschieb+en,4.063787539331356
-7.548555847178674,0.8146098786960903,-0.008289993810117226,-0.025449740095451073,-0.022298236928380254,japan+s nacht,3.548825928378039
-7.693688224536736,0.8868364983651682,0.03595372904749338,-0.025921090104380755,-0.025608555421178125,nacht dezember,3.387418265419172
-1.7839724626969549,-2.091999527007703,1.4224565456898859,-0.007932723482548686,0.006929965450766039,vergangenen,10.024610371537186
-7.805393280092175,0.9422951968152213,0.07154722134543727,-0.0262838704403164,-0.02829936850408525,dezember vergeh+en+en,3.2632679605479016
-7.846782499976747,0.9628095476172303,0.08509801108602535,-0.02641792282174414,-0.029330372633930568,Nachmittag,3.217288052631374
-7.846782499976747,0.9628095476172303,0.08509801108602535,-0.02641792282174414,-0.029330372633930568,vergeh+en+en nachmittag,3.217288052631374
-7.8947987159515005,0.9865826100811328,0.1010752671118044,-0.026572990835068755,-0.03055070760268333,nachmittag erde,3.163961374088591
-7.908400900512987,0.9933117662375837,0.10565266283229036,-0.026616809060605342,-0.030901272439695975,gebebt,3.148857948942233
-7.908400900512987,0.9933117662375837,0.10565266283229036,-0.026616809060605342,-0.030901272439695975,erde ge+beb+t,3.148857948942233
-7.985249173370551,1.0312816157356257,0.13195275194405012,-0.026863181123323896,-0.03292372124441202,erdbeben stufe,3.0635557559719837
-7.997241587598926,1.0371991717970062,0.13612588575730653,-0.026901412217209937,-0.03324592722495745,"stufe 7,5",3.050248526040908
-8.019756234326273,1.0483028260915452,0.1440121318972195,-0.026973001186717128,-0.033855797362250806,"7,5 küste",3.02526884981489
-8.037173903868013,1.0568872456520932,0.15015978890873002,-0.02702820374333385,-0.034332105105376556,nördlichen,3.0059473301661863
-8.037173903868013,1.0568872456520932,0.15015978890873002,-0.02702820374333385,-0.034332105105376556,küste nördlich+en,3.0059473301661863
-8.055083694677966,1.0657090141667076,0.1565242444363048,-0.027084788902773754,-0.034826033230312255,nördlich+en präfektur,2.986082828015731
-8.070346778484868,1.0732228273815554,0.16198307040893437,-0.027132860294853046,-0.03525034740929528,Aomori…,2.9691563023932357
-8.070346778484868,1.0732228273815554,0.16198307040893437,-0.027132860294853046,-0.03525034740929528,präfektur aomori…,2.9691563023932357
-8.083334195314855,1.0796131825457074,0.1666535833203281,-0.027173647782639122,-0.035613878351496264,+2069,2.95475523644331
-8.083334195314855,1.0796131825457074,0.1666535833203281,-0.027173647782639122,-0.035613878351496264,aomori… +2069,2.95475523644331
-8.091628993318807,1.083693012157379,0.16964895897304053,-0.027199639136213007,-0.03584726395762986,+2069 char+s,2.9455584411941382
-7.639585352785024,0.8599323689128231,0.019205288066989627,-0.02574523973062564,-0.02435098037153695,Title,3.4475753251904564
-7.639585352785024,0.8599323689128231,0.019205288066989627,-0.02574523973062564,-0.02435098037153695,showcas+e titel+e,3.4475753251904564
-5.62877509803308,-0.14742008513784333,-0.4476939830667798,-0.02118896577750834,0.010913278494801237,Update,5.689020685061778
-7.60306734607056,0.8417584588483638,0.008073918252565412,-0.02562661119708942,-0.023518178783387994,titel+e update,3.488188666880624
-6.374607568809195,0.22685712650628798,-0.30249785021273934,-0.021850465498122452,-0.0012159434230782223,nachgeholt,4.8569373324365515
-7.541205383914615,0.8109473749882958,-0.010473898282950658,-0.02542591584383465,-0.022135814033418487,update nach+ge+hol+t,3.557003504015426
-7.450723193976275,0.7658321093764375,-0.03692979350158561,-0.025133313307353418,-0.020175447717400243,Anfang,3.6576872437363703
-7.450723193976275,0.7658321093764375,-0.03692979350158561,-0.025133313307353418,-0.020175447717400243,nach+ge+hol+t anfang,3.6576872437363703
-7.33729796047837,0.7092054657629812,-0.0690233930476251,-0.024768798056650308,-0.017815128546494752,anfang woche,3.7839485242774136
-7.703633186866569,0.8917789880707079,0.0390664455103759,-0.025953416155211212,-0.025842879356842124,woche showcas+e,3.3763622430093796
-2.8566403778317264,-1.5345203247787542,-0.8334063106708216,-0.014876172875698621,0.0341216537691427,wegen,8.782348437445448
-6.079806513480736,0.07891200642093255,-0.36294604043748185,-0.021031993283599795,0.0029207295916223557,hunter wegen,5.185787607001388
-3.6859285090303455,-1.120426736395808,-0.7366604203529551,-0.015583892092092143,0.026991804165215308,wegen tsunami-warnung,7.857067079181015
-6.255229775060142,0.1657594303086043,-0.32595258207896655,-0.05371042968550832,0.055901091476899575,abgesagt,4.990561406142881
-6.255229775060142,0.1657594303086043,-0.32595258207896655,-0.05371042968550832,0.055901091476899575,tsunami-warnung ab+ge+sag+t,4.990561406142881
-7.099817262300563,0.5903889638928952,-0.1322088926427759,-0.03407772603537274,0.004047555874739053,ab+ge+sag+t capcom,4.048454139492102
-7.541205383914615,0.8109473749882958,-0.010473898282950658,-0.02542591584383465,-0.022135814033418487,capcom nach+ge+hol+t,3.557003504015426
-7.400431675571005,0.740743519823599,-0.05102930752632215,-0.030875879686350246,-0.009011250797030565,Titel-Update,3.7136500795531973
-7.554424031982563,0.8175540783694237,-0.006343279334234748,-0.029777099760865147,-0.015059558579216231,titel+-+update monster,3.542281694946924
-7.682566673971728,0.8813310678822044,0.03263440521578863,-0.02910307692320014,-0.019846261463926748,erscheint,3.399767830444487
-7.682566673971728,0.8813310678822044,0.03263440521578863,-0.02910307692320014,-0.019846261463926748,wild+s erschein+t,3.399767830444487
-7.167132198102615,0.6241399928568365,-0.11499332027021461,-0.02642273430320198,-0.010704366807746377,16.,3.9734485245978
-7.744572656428849,0.912137787885632,0.052122219240133466,-0.02884833186215918,-0.022097775890271835,erschein+t 16.,3.3308408289707736
-7.761682829748567,0.9206318626431738,0.05757496825907564,-0.02878576609273598,-0.022712713852231135,16. dezember,3.3118249697435744
-7.797353286123899,0.9383297924396425,0.06904979499427598,-0.028665725236923543,-0.02398669821481652,dezember 2025,3.272187663607964
-7.846269599386698,0.9625762596391747,0.08502655541528104,-0.028523256343990416,-0.025717784576524863,Plattformen,3.217845314386023
-7.846269599386698,0.9625762596391747,0.08502655541528104,-0.028523256343990416,-0.025717784576524863,2025 plattform+en,3.217845314386023
-5.0375542610593715,-0.44390751150322183,-0.5471444935473654,-0.019170547796362528,0.01641125819889639,bringt,6.348767917198412
-7.894369689162218,0.9863898598758307,0.101016438842765,-0.028407121829057483,-0.027404367295591196,plattform+en bring+t,3.1644263133782893
-7.926091938828752,1.0020786296015047,0.11171803904002528,-0.028342990190835235,-0.02850948005458105,Reihe,3.1292057505318622
-7.926091938828752,1.0020786296015047,0.11171803904002528,-0.028342990190835235,-0.02850948005458105,bring+t reihe,3.1292057505318622
-7.950170215778808,1.0139777431027168,0.11992576087047375,-0.02830069041772015,-0.029345033598871847,reihe neu+en,3.1024774377303355
-7.963714928561522,1.0206677110434388,0.12457552640008157,-0.02827925537766134,-0.02981395947848184,Features,3.087444081378665
-7.963714928561522,1.0206677110434388,0.12457552640008157,-0.02827925537766134,-0.02981395947848184,neu+en feature+s,3.087444081378665
-7.993010632594538,1.0351281256087321,0.13471420595405334,-0.028238563226072804,-0.030825833191239715,sowohl,3.054933882560593
-7.993010632594538,1.0351281256087321,0.13471420595405334,-0.028238563226072804,-0.030825833191239715,feature+s sowohl,3.054933882560593
-8.006575548907112,1.041819382101219,0.13944713234023454,-0.02822229177200006,-0.03129340587775288,Veteranen,3.0398830536266583
-8.006575548907112,1.041819382101219,0.13944713234023454,-0.02822229177200006,-0.03129340587775288,sowohl veteran+en,3.0398830536266583
-8.0402847768181,1.058434757588316,0.15131565711127656,-0.02818869170402399,-0.03245321225182374,motivierte,3.002488415273843
-8.0402847768181,1.058434757588316,0.15131565711127656,-0.02818869170402399,-0.03245321225182374,veteran+en motivier+t+e,3.002488415273843
-8.057989422397567,1.0671539748950034,0.15761129520725867,-0.028174845500705682,-0.03306139486485672,Neujäger,2.9828523288873297
-8.057989422397567,1.0671539748950034,0.15761129520725867,-0.028174845500705682,-0.03306139486485672,motivier+t+e neu+jäger,2.9828523288873297
-8.071615416484816,1.0738609098728809,0.16248616632419202,-0.028165922877809658,-0.03352913326969843,begeistern,2.967741873778344
-8.071615416484816,1.0738609098728809,0.16248616632419202,-0.028165922877809658,-0.03352913326969843,neu+jäger begeister+n,2.967741873778344
-8.087322462947832,1.0815881644875218,0.1681378320637361,-0.028157470094754448,-0.034068037828592405,solle…,2.950325890271787
-8.087322462947832,1.0815881644875218,0.1681378320637361,-0.028157470094754448,-0.034068037828592405,begeister+n solle…,2.950325890271787
-8.09814802144245,1.0869113635195118,0.17205336686154488,-0.02815276601018776,-0.03443934133994411,+1846,2.9383239278362634
-8.09814802144245,1.0869113635195118,0.17205336686154488,-0.02815276601018776,-0.03443934133994411,solle… +1846,2.9383239278362634
-8.105961725611948,1.0907522388098132,0.17488991791515435,-0.028149930390923332,-0.034707303578772254,+1846 char+s,2.9296618493139506
-7.979053220590151,1.028223422458178,0.1298040873555162,-0.026843403353400644,-0.03275796279344266,Zweites,3.070431502083683
-7.961831961703038,1.0197203756014979,0.12385830899423397,-0.02678834602324745,-0.03229976816984604,zweit+es erdbeben,3.08954391353553
-7.918860036942133,0.9984843497843698,0.10918802163079964,-0.026650464214187167,-0.031172321186857692,erdbeben woche,3.1372454324143413
-7.900312489594413,0.9893106300233974,0.1029279942976373,-0.02659075946825655,-0.030692549843841954,woche beben,3.157838888055305
-7.871704803722679,0.9751523036811673,0.09335589300077136,-0.026498479013290145,-0.029960466267899305,beben stärke,3.1896073011661183
-6.693913840793366,0.3870412477825973,-0.23159210852357093,-0.027193685691103486,0.0014300804631757584,"6,7 erschütter+t",4.500850139890626
-1.7528077571172265,-2.084563177007443,-0.9453041280795677,-0.012337968605813885,0.03918640594381754,erschütter+t japan,10.013718398524464
-7.770607171426377,0.9250386872863738,0.060312471853230284,-0.02617100725011934,-0.02744734317425815,Innerhalb,3.301921268567403
-7.770607171426377,0.9250386872863738,0.060312471853230284,-0.02617100725011934,-0.02744734317425815,japan innerhalb,3.301921268567403
-7.727375805237785,0.9035748575800786,0.04654136327507438,-0.026030581358152546,-0.026406361942109734,weniger,3.3499694228825634
-7.727375805237785,0.9035748575800786,0.04654136327507438,-0.026030581358152546,-0.026406361942109734,innerhalb wenig+er,3.3499694228825634
-4.976249514366383,-0.474630708115944,-0.556826792029397,-0.018276949667450547,0.015739812990746435,Tage,6.417180780197782
-7.6886138857939414,0.8843142738485195,0.03436961137077145,-0.025904595574446534,-0.025489376372064693,wenig+er tag+e,3.3930597333748627
-7.836914296973315,0.957920243966784,0.08184880455647968,-0.02638598941410438,-0.029082825175965096,tag+e erschütter+t,3.228249711720965
-7.5628785293008125,0.8217452686220821,-0.0040192341362744015,-0.02549618171565583,-0.022616129075445926,erschütter+t weit+er+es,3.5328923208912313
-7.233928567786253,0.6575406682422615,-0.09729501542473988,-0.024439444530827983,-0.015751901099863,japan+s norden,3.8990564667658174
-7.026406639948027,0.553687895918588,-0.15145695030085116,-0.02378831548535329,-0.011840626923706035,der meteorologie+behörde,4.130241745811801
-6.079806513480736,0.07891200642093255,-0.36294604043748185,-0.021031993283599795,0.0029207295916223557,erneut,5.185787607001388
-6.079806513480736,0.07891200642093255,-0.36294604043748185,-0.021031993283599795,0.0029207295916223557,meteorologie+behörde erneut,5.185787607001388
-3.6859285090303455,-1.120426736395808,-0.7366604203529551,-0.015583892092092143,0.026991804165215308,erneut tsunami-warnung,7.857067079181015
-5.776224279709352,-0.07356781514888677,-0.4204778998429633,-0.030662044501427153,0.02475709725392074,erschütter+t werd+en,5.524536801556596
-7.236316790798261,0.6559583658009063,-0.09422797772103894,-0.07549833639592313,0.07204205854345072,meteorologie+behörde geb,3.897525198589393
-7.106600758511824,0.5887345934491466,-0.12766869731571237,-0.09144296652963342,0.10291272432514229,Freitag,4.043006855745536
-7.106600758511824,0.5887345934491466,-0.12766869731571237,-0.09144296652963342,0.10291272432514229,geb freitag,4.043006855745536
-6.574958258377629,0.2905489891882356,-0.24944244676132682,-0.19356662358695928,0.29481637804257205,freitag warnung,4.649294215545804
-6.079806513480736,0.07891200642093255,-0.36294604043748185,-0.021031993283599795,0.0029207295916223557,warnung meter,5.185787607001388
35.573317008894186,-20.23671929940477,-0.7288947278106377,0.001602074890507984,0.028532017160924246,Tsunamiwellen,51.51806766162104
0.7113585639317108,-3.3084841394014393,-1.1447108099452614,-0.009137137654907713,0.04980411396734449,hoch+en tsunamiwelle+n,12.761624849646967
-6.223914832039437,0.15123452519600722,-0.33393547045087657,-0.02142753310139086,0.0009436609889512081,heraus,5.025025739791974
-6.223914832039437,0.15123452519600722,-0.33393547045087657,-0.02142753310139086,0.0009436609889512081,tsunamiwelle+n heraus,5.025025739791974
-6.800271826109178,0.4403759684540316,-0.20689639513284885,-0.02309654501507857,-0.007892804476811247,Regi…,4.3822802668057355
-6.800271826109178,0.4403759684540316,-0.20689639513284885,-0.02309654501507857,-0.007892804476811247,der regi…,4.3822802668057355
-6.982930104582561,0.5319124615330808,-0.16239279031312526,-0.023653805343905272,-0.011057448646297097,+264,4.178689966103032
-6.982930104582561,0.5319124615330808,-0.16239279031312526,-0.023653805343905272,-0.011057448646297097,regi… +264,4.178689966103032
-7.086048110862334,0.5835504439681944,-0.13622948959182749,-0.02397395020626149,-0.012934805594215955,+264 char+s,4.063787539331356
-8.215750585782931,1.1445851746190447,0.21566879222782057,-0.027582017212242578,-0.039456691666225695,Tiefseebohrungen,2.808026724794918
-8.199504327706812,1.136632917583407,0.2095138651405338,-0.027532765013165598,-0.03897133980115373,Starkbebenarchiv,2.8260183951057445
-8.199504327706812,1.136632917583407,0.2095138651405338,-0.027532765013165598,-0.03897133980115373,tief+see+bohrung+en starkbebenarchiv,2.8260183951057445
-8.184630788718168,1.129347606755616,0.2039144988372869,-0.027487441751374582,-0.038530501690776715,starkbebenarchiv der,2.8424925861887704
-7.450708089610851,0.7658245736874287,-0.03693414513388053,-0.025133264581341526,-0.020175126358816943,Japangraben,3.6577040540279646
-8.180975208783003,1.1275563277571914,0.20254345174819743,-0.027476269545622226,-0.03842266118327788,der japan+graben,2.8465419611470315
-6.86316391612529,0.41163499233372347,1.1754530273322337,-0.020345474269929536,-0.02173917350072671,tektonisch,4.359060553530266
-8.16471369067736,1.1195846349960918,0.19646888918763794,-0.027426420182911367,-0.037945344529475754,japan+graben tektonisch,2.8645570782614254
-8.153514231269392,1.1140913295521133,0.19230828913493253,-0.027391950131807608,-0.03761887235962371,hochsensibler,2.8769659758697754
-8.153514231269392,1.1140913295521133,0.19230828913493253,-0.027391950131807608,-0.03761887235962371,tektonisch hochsensibl+er,2.8769659758697754
-8.138403801780633,1.1066757566667231,0.18672419442080807,-0.027345272366555436,-0.03718127827859446,Tiefseegraben,2.8937103673293367
-8.138403801780633,1.1066757566667231,0.18672419442080807,-0.027345272366555436,-0.03718127827859446,hochsensibl+er tief+see+graben,2.8937103673293367
-8.118611664696143,1.0969559098715576,0.17946052921335595,-0.027283851474340967,-0.03661305066167301,tief+see+graben pazifik,2.915646416889148
-8.107416990101338,1.0914549728778118,0.17537721911889453,-0.02724897748365005,-0.03629410571860677,birgt,2.928055529009538
-8.107416990101338,1.0914549728778118,0.17537721911889453,-0.02724897748365005,-0.03629410571860677,pazifik berg+t,2.928055529009538
-8.094332714790987,1.0850225821605073,0.1706274165578043,-0.027208100916026226,-0.0359235414063894,seltenes,2.9425608587601877
-8.094332714790987,1.0850225821605073,0.1706274165578043,-0.027208100916026226,-0.0359235414063894,berg+t selten+es,2.9425608587601877
-8.081924181109999,1.0789195397369085,0.16614537108144678,-0.027169224947637263,-0.03557429942929283,Archiv,2.9563186470860394
-8.081924181109999,1.0789195397369085,0.16614537108144678,-0.027169224947637263,-0.03557429942929283,selten+es archiv,2.9563186470860394
-8.070346778484868,1.0732228273815554,0.16198307040893437,-0.027132860294853046,-0.03525034740929528,archiv der,2.9691563023932357
-8.064351292584124,1.07027180558317,0.15983493534502557,-0.027113994626883568,-0.03508329910634913,Sedimentablagerungen,2.975804937115526
-8.064351292584124,1.07027180558317,0.15983493534502557,-0.027113994626883568,-0.03508329910634913,der sediment+ablagerung+en,2.975804937115526
-8.025102705973444,1.0509383932207534,0.14589483147530155,-0.026989963320772664,-0.03400158217931461,"sediment+ablagerung+en 7,5",3.0193376838282915
-8.006850693669191,1.0419391103658375,0.13948341081441104,-0.026931996616989695,-0.03350541971556283,"7,5 kilo+meter+n",3.039586810547033
-7.985249173370551,1.0312816157356257,0.13195275194405012,-0.026863181123323896,-0.03292372124441202,Meerestiefe,3.0635557559719837
-7.985249173370551,1.0312816157356257,0.13195275194405012,-0.026863181123323896,-0.03292372124441202,kilo+meter+n meer+es+tiefe,3.0635557559719837
-7.959604117300103,1.0186200539095331,0.12309193666792415,-0.026781214575587853,-0.03224076231830166,zeugen,3.0920165901951187
-7.959604117300103,1.0186200539095331,0.12309193666792415,-0.026781214575587853,-0.03224076231830166,meer+es+tiefe zeug+en,3.0920165901951187
-7.9338938184151555,1.005916732608408,0.11429374591094858,-0.026698777301570813,-0.03156421290248496,historischen,3.12055530642505
-7.9338938184151555,1.005916732608408,0.11429374591094858,-0.026698777301570813,-0.03156421290248496,zeug+en historisch+en,3.12055530642505
-7.900312489594413,0.9893106300233974,0.1029279942976373,-0.02659075946825655,-0.030692549843841954,Starkbebenereignissen,3.157838888055305
-7.900312489594413,0.9893106300233974,0.1029279942976373,-0.02659075946825655,-0.030692549843841954,historisch+en starkbebenereignisse+n,3.157838888055305
-7.819774373888252,0.9494253619822868,0.07623273061261415,-0.02633048158218728,-0.02865544941107312,Herbst,3.2472904533925346
-7.079884307339558,0.5804647436277208,-0.13781551295844116,-0.02395470692817193,-0.012820642162857533,zog,4.0706550060280415
-7.7941879421735605,0.9367379608191493,0.06791307512721069,-0.026247531312712142,-0.02802348726357394,herbst zieh,3.275718138976477
-7.762374916233517,0.920952964641454,0.05767395516527567,-0.026144278145698096,-0.027247604090460044,Team,3.3110698538647028
-7.762374916233517,0.920952964641454,0.05767395516527567,-0.026144278145698096,-0.027247604090460044,zieh team,3.3110698538647028
-6.605803052889292,0.34285298681932375,-0.25189485372282283,-0.02251791594312138,-0.0047295244395933154,Tiroler,4.599100638702032
-7.722749695987057,0.9012769330444055,0.04508006720268341,-0.026015547765609486,-0.026296118826876144,team tiroler,3.3551116456555645
-7.683469539528415,0.8817570074879191,0.03276646914513547,-0.025887873381794872,-0.025368815872727678,Beteiligung,3.3987791832566994
-7.683469539528415,0.8817570074879191,0.03276646914513547,-0.025887873381794872,-0.025368815872727678,tiroler beteiligung,3.3987791832566994
-6.4276733358293505,0.2534849258397509,-0.29114486748350865,-0.02200167679975085,-0.002000212574851768,Diese,4.797751114344527
-7.569857944761686,0.8252217707274105,-0.0019307148113922833,-0.02551882120084374,-0.02277171453092739,beteiligung dieser+e,3.525128262251367
-5.626761526003989,-0.14842710365479128,-0.44811605892991496,-0.01984402765740499,0.008637023025947422,Bohrkerne,5.691268305566299
-6.346654977880627,0.21283023588155725,-0.3084178340685909,-0.021771291637839016,-0.0008079095598067625,dieser+e bohr+kern+e,4.888115077857104
-3.428718239376635,-1.1762128962625709,0.503436208103358,-0.01711147862500946,0.00541704194929819,geben,8.131521716014287
-6.190122703074472,0.13427568321865424,-0.34082812122584977,-0.021334003016478035,0.0014147699161319999,bohr+kern+e geb+en,5.062721535624955
-5.354388681337822,-0.2850519613530116,-0.4954048374999156,-0.019168807543443505,0.011753668563530472,erstmals,5.995202798949589
-5.997625771603064,0.03766884754774358,-0.37905356686748115,-0.02081029718913433,0.004011894816796743,geb+en erstmals,5.277471953985181
-5.601648355717301,-0.16102621898517633,-0.4525915173266787,-0.019780576737075364,0.008933746210250115,durchgehenden,5.719290658151755
-5.601648355717301,-0.16102621898517633,-0.4525915173266787,-0.019780576737075364,0.008933746210250115,erstmals durch+geh+end+en,5.719290658151755
-5.008629569949264,-0.4584021963247382,-0.5517456343628668,-0.018351327050052883,0.015412744629343712,durch+geh+end+en blick,6.381046308831634
0.22466314049024128,-3.0671367177411653,-1.1097530376814428,-0.009704912414908397,0.04802757608741372,Erdbeben-,12.218989909907785
-3.950330943845956,-0.9882438838687557,-0.703024084458171,-0.016095856323771984,0.024936399665005906,blick erdbeben+-,7.56203257902661
0.7113585639317108,-3.3084841394014393,-1.1447108099452614,-0.009137137654907713,0.04980411396734449,Tsunamigeschichte,12.761624849646967
0.7113585639317108,-3.3084841394014393,-1.1447108099452614,-0.009137137654907713,0.04980411396734449,erdbeben+- tsunamigeschicht+e,12.761624849646967
-4.693334972634601,-0.616379972148072,-0.5999070450159673,-0.017642267676674768,0.01849309780009678,Japan-Grabens,6.732899630608176
-4.693334972634601,-0.616379972148072,-0.5999070450159673,-0.017642267676674768,0.01849309780009678,tsunamigeschicht+e japan+-+graben+s,6.732899630608176
-5.723666120597411,-0.09980727241077636,-0.43061613547729627,-0.02009118913285893,0.007473261166828907,Geologe,5.583140037008401
-7.173165778933542,0.6271488427489682,-0.11350156745120282,-0.024247315794551104,-0.014575873934129006,japan+-+graben+s geologe,3.9667354118301743
-5.930326131916711,0.0038947989324924492,-0.39201804225817277,-0.020630818652906533,0.004886732486479185,Michael,5.352557384831582
-5.930326131916711,0.0038947989324924492,-0.39201804225817277,-0.020630818652906533,0.004886732486479185,geologe michael,5.352557384831582
-6.098983224596736,0.08853610663185352,-0.3591425944373847,-0.02108412852638769,0.0026623901569401975,Strasser,5.164393894663445
-6.098983224596736,0.08853610663185352,-0.3591425944373847,-0.02108412852638769,0.0026623901569401975,michael straße+r,5.164393894663445
-6.5675417777327985,0.32365969760129865,-0.2604782961638211,-0.022405909715487192,-0.004130287034064657,Expedition,4.641766237891163
-6.5675417777327985,0.32365969760129865,-0.2604782961638211,-0.022405909715487192,-0.004130287034064657,erst+e expedition,4.641766237891163
-7.740907488590203,0.9102952203976076,0.05082934387256929,-0.026074549456427572,-0.02673009770120119,Prof…,3.334928814642447
-7.740907488590203,0.9102952203976076,0.05082934387256929,-0.026074549456427572,-0.02673009770120119,expedition prof…,3.334928814642447
-7.770607171426377,0.9250386872863738,0.060312471853230284,-0.02617100725011934,-0.02744734317425815,+6881,3.301921268567403
-7.770607171426377,0.9250386872863738,0.060312471853230284,-0.02617100725011934,-0.02744734317425815,prof… +6881,3.301921268567403
-7.7941879421735605,0.9367379608191493,0.06791307512721069,-0.026247531312712142,-0.02802348726357394,+6881 chars,3.275718138976477
-7.061950623547084,0.5714861491583252,-0.14241384182717917,-0.023898794199763023,-0.012489911587751874,erdbeben auch,4.090636563628308
2.6318920760997084,-4.2592655099953305,-1.2663030591948008,-0.0016425357560404777,0.05660142167730452,Großraum,14.90245251145394
-7.036788002414891,0.5588866442312748,-0.14882535352363993,-0.02382053612788408,-0.01202941772943271,auch großraum,4.118673904586442
1.1871316303254051,-3.544219793260251,-1.1770755198317542,-0.0015892143115112133,0.05262105839163575,großraum tokio,13.292021775837933
-7.109154452218204,0.595116725285775,-0.13025832081438676,-0.02404620514332899,-0.01336503104346922,tokio erdbeben,4.038044251170912
-6.7849615477935625,0.4327002724059743,-0.21052521895062534,-0.02305043169270984,-0.007636347740823009,erschütter+t der,4.399347992927973
-5.781647008832903,-0.07071423990327474,-0.4199662010022675,-0.020240853732606905,0.006762295535597502,der erde,5.518445412020012
-5.720901507512995,-0.1011944291669078,-0.43112054645427095,-0.020084086365153228,0.007506883241425531,erde japan,5.586224804746437
-3.8552653872368845,-0.9883611264751622,0.8444732161339283,-0.01543877360298738,-0.0015655517341796633,japan komm+t,7.670953434857034
-3.6781652504253017,-1.0818388554918608,0.9200293941772841,-0.014757293914219387,-0.001153008329175479,Ruhe,7.872203633733386
-3.6781652504253017,-1.0818388554918608,0.9200293941772841,-0.014757293914219387,-0.001153008329175479,komm+t ruhe,7.872203633733386
5.39362069416358,-5.623884472702624,-1.4049881821714028,-0.021645880999980886,0.10128966132351075,Erneut,17.980328828825744
-5.131811911325919,-0.3966555686322555,-0.5321183210647257,-0.018637638010370817,0.014144784402194346,erneut komm+t,6.2435817699389276
-4.644682586817724,-0.6407481172309328,-0.6070872350995334,-0.01753579797596322,0.018948526343991565,komm+t erdbeben,6.787193211520843
-4.265545454139475,-0.8305568951127236,-0.6609182806175363,-0.01673168011089272,0.022330908881581776,diesmal,7.210285549100249
-4.265545454139475,-0.8305568951127236,-0.6609182806175363,-0.01673168011089272,0.022330908881581776,erdbeben diesmal,7.210285549100249
-2.724193668603357,-1.5177004266559835,0.2957921147894172,-0.015392899276256476,0.009303891466508483,trifft,8.911217088946188
-3.8670902087529297,-1.0298668710661496,-0.7137727247723675,-0.01593263490316501,0.025595752819884285,diesmal treff+t,7.654918315256202
-2.7752577689711524,-1.5751091880456616,-0.8423010554064252,-0.013954656602018292,0.03329036540860163,treff+t großraum,8.873141463531
12.759214722893638,-9.245621465580964,-1.6551243535220521,-0.0003725026439025163,0.06912912212411057,ein tsunami-gefahr,26.183384063787898
-1.9870586463838364,-1.9679356455283865,-0.922968625705291,-0.01269074199173638,0.03792968770015024,besteht,9.75242466103794
-1.9870586463838364,-1.9679356455283865,-0.922968625705291,-0.01269074199173638,0.03792968770015024,tsunami-gefahr besteh+t,9.75242466103794
-4.763045368231397,-0.5814603691164142,-0.5895051271149464,-0.017796168223939007,0.017831556943907097,besteh+t jedoch,6.655106254355908
-5.3445537866515265,-0.28998421428921395,-0.4970624447491626,-0.019144952501311062,0.011862167494384578,Glück,6.006177644656121
-5.3445537866515265,-0.28998421428921395,-0.4970624447491626,-0.019144952501311062,0.011862167494384578,jedoch glück,6.006177644656121
-7.066943678461728,0.5739860522322355,-0.14113600413527574,-0.02391434989311792,-0.012581779901752896,hinzu+füg+en der,4.0850732621487555
-6.66662371334122,0.37335939617868963,-0.23807181813572625,-0.022697215148062028,-0.005697351361388617,jedo…,4.531283074563293
-6.66662371334122,0.37335939617868963,-0.23807181813572625,-0.022697215148062028,-0.005697351361388617,besteh+t jedo…,4.531283074563293
-6.885187781659115,0.4829396697169137,-0.1864896719696549,-0.0233539975466472,-0.009339445672382422,+1176,4.287624826643995
-6.885187781659115,0.4829396697169137,-0.1864896719696549,-0.0233539975466472,-0.009339445672382422,jedo… +1176,4.287624826643995
-7.026406639948027,0.553687895918588,-0.15145695030085116,-0.02378831548535329,-0.011840626923706035,+1176 chars,4.130241745811801
-5.280735392733643,-0.32198757592302085,-0.5077377150348847,-0.018991029733752322,0.01255969753615531,erdbeben großraum,6.077393558858768
-5.293237929529545,-0.31571812406687005,-0.5056573032556292,-0.01902106587498451,0.012423927949311794,großraum japanisch+en,6.06344173583042
-0.21137794259905895,-2.760485523003117,0.7177279164407848,0.24658459956082013,0.04904747022479242,Hauptstadt,11.720375346677327
-5.2008145724067125,-0.3620610862507272,-0.5209124993499602,-0.01880038026691344,0.013417624857362411,japanisch+en haupt+stadt,6.166579280192618
-2.17083675589471,-1.8045498687092878,0.8592137913647246,-0.02061013029275243,-0.005021278578500328,haupt+stadt tokio,9.54267579075036
-4.897663101116744,-0.5140130762526631,-0.5690271545387263,-0.018097940384057782,0.016523139012083014,tokio erschütter+t,6.504879326986433
8.853641939224723,-7.326792268452209,-1.5406482846264216,-0.0024522107647546617,0.06631179691844798,gefahr tsunami,21.834193407863342
-5.694873862585679,-0.11425371903939263,-0.43585439138785553,-0.020017365505524326,0.007822196767071809,tsunami infolge,5.615266712236061
-4.259818255207693,-0.8334229240781417,-0.6617039087146547,-0.01671987010045062,0.022379849323224833,Erschütterung,7.216676627983112
-6.54606281974208,0.31288438061751744,-0.2652595192385234,-0.022343300050484013,-0.0037970712719703065,infolge erschütterung,4.665718540214932
-4.393299301969592,-0.766616423555508,-0.6431862784827553,-0.016997679297210095,0.021223040045530314,erschütterung stärke,7.0677219439696595
-7.189026307559526,0.6350832754908113,-0.1092998894960702,-0.024297354088197616,-0.014880300883474057,"4,9",3.9490685325272112
-7.189026307559526,0.6350832754908113,-0.1092998894960702,-0.024297354088197616,-0.014880300883474057,"stärke 4,9",3.9490685325272112
-3.697215984997638,-1.1147853734411641,-0.7352541108632766,-0.015605366005539937,0.02690633946966207,bestand,7.844472145499221
-7.248072034649396,0.6646126020009306,-0.09347965024639152,-0.024484328071216862,-0.016029471806265468,"4,9 besteh",3.88330479147377
-6.56416337659085,0.32196489060469435,-0.26123209585153556,-0.022396049125511675,-0.004077725400967791,besteh jedoch,4.645533628200397
2.999543998171962,-4.441231797143194,-1.2866287237002516,0.026328304024404003,0.06677883747857333,Angaben,15.312285305279005
-7.468632259326361,0.774766068843515,-0.03175514174270888,-0.02519111763136839,-0.02055783864076638,jedoch angabe+n,3.63775615571946
-7.5628785293008125,0.8217452686220821,-0.0040192341362744015,-0.02549618171565583,-0.022616129075445926,nationalen,3.5328923208912313
-7.5628785293008125,0.8217452686220821,-0.0040192341362744015,-0.02549618171565583,-0.022616129075445926,angabe+n national+en,3.5328923208912313
-7.63372995401339,0.8570190659643888,0.017411164960606178,-0.02572621320166548,-0.02421658971238954,Wetterbehörd…,3.4540869104097798
-7.63372995401339,0.8570190659643888,0.017411164960606178,-0.02572621320166548,-0.02421658971238954,national+en wetterbehörd…,3.4540869104097798
-7.713316550231232,0.8965905621566514,0.04210761585256445,-0.02598488998574586,-0.026072000251224553,+1050,3.3655975993037393
-7.713316550231232,0.8965905621566514,0.04210761585256445,-0.02598488998574586,-0.026072000251224553,wetterbehörd… +1050,3.3655975993037393
-7.740907488590203,0.9102952203976076,0.05082934387256929,-0.026074549456427572,-0.02673009770120119,+1050 char+s,3.334928814642447
-8.664443468279735,1.343379982307192,0.4053053403605343,0.24391159382135735,-0.009545623191314849,ein jahr,2.320427174408496
-8.649414389052644,1.332945453149901,0.3983899854381243,0.2646540216409271,-0.005361386303990183,Anschlag,2.3383873148769996
-8.649414389052644,1.332945453149901,0.3983899854381243,0.2646540216409271,-0.005361386303990183,jahr anschlag,2.3383873148769996
-8.45491365897728,1.180934881805497,0.3129988014074145,0.5032018256467764,0.044980844093382565,Magdeburg,2.578293000123755
-8.635834167187584,1.3233187137767628,0.3921785279492717,0.2830832472440679,-0.0016183572559434409,anschlag magdeburg,2.3547030972445437
-8.598653210370513,1.2960700762265018,0.3753577674804399,0.33206964373615827,0.008448228116280068,Trauer,2.3997658519628655
-8.598653210370513,1.2960700762265018,0.3753577674804399,0.33206964373615827,0.008448228116280068,magdeburg trauer,2.3997658519628655
-8.575022604696972,1.2781302535403052,0.36481163250674775,0.36212788524792144,0.014710284089397865,Angst,2.428679454292452
-8.575022604696972,1.2781302535403052,0.36481163250674775,0.36212788524792144,0.014710284089397865,trauer angst,2.428679454292452
-8.53163977081746,1.2440864004096377,0.34574914153005243,0.4152563786586613,0.025938761486764616,rechter,2.482249824374973
-8.53163977081746,1.2440864004096377,0.34574914153005243,0.4152563786586613,0.025938761486764616,angst recht+er,2.482249824374973
-8.473668044122352,1.1966750811795728,0.32088977976647787,0.4823755537949971,0.0404198345753539,Gewalt,2.554682416174614
-8.473668044122352,1.1966750811795728,0.32088977976647787,0.4823755537949971,0.0404198345753539,recht+er gewalt,2.554682416174614
-8.376761280980247,1.1136200847130857,0.28090965038155197,0.5857031466189095,0.0633666644958317,Sechs,2.677446721389859
-8.376761280980247,1.1136200847130857,0.28090965038155197,0.5857031466189095,0.0633666644958317,gewalt sechs,2.677446721389859
-8.148347808030227,0.9066233157142112,0.19419931228315312,0.7935253981670818,0.1119494786286693,sechs tot+e,2.971832165866667
-8.376761280980247,1.1136200847130857,0.28090965038155197,0.5857031466189095,0.0633666644958317,tot+e hundert+e,2.677446721389859
-8.49136883826636,1.211360194638639,0.32840533934888055,0.46233029014418353,0.03606023505359367,hundert+e verletz+t+e,2.5324738880204216
-8.567877271054986,1.2726180867249226,0.36164519711257836,0.3710582556967444,0.01658332993953512,unzählige,2.4374608278690637
-8.567877271054986,1.2726180867249226,0.36164519711257836,0.3710582556967444,0.01658332993953512,verletz+t+e un+zählig+e,2.4374608278690637
-8.598653210370513,1.2960700762265018,0.3753577674804399,0.33206964373615827,0.008448228116280068,un+zählig+e betreff+en+e,2.3997658519628655
-8.62430124384639,1.3150022899732314,0.3869316906578805,0.2985053761542618,0.0015324060738234127,betreff+en+e der,2.3686211526708894
-8.63113195097204,1.3199432334711017,0.39003613237975276,0.2893962977171913,-0.00033063292849631193,Amokfahrt,2.360371054078222
-8.63113195097204,1.3199432334711017,0.39003613237975276,0.2893962977171913,-0.00033063292849631193,der amokfahrt,2.360371054078222
-7.1996134189382985,0.6355969334976415,-0.10498423483356017,0.12809755541253673,0.010566269313564131,20.,3.9393311148694545
-8.65062320976386,1.3337933897754113,0.3989446112331955,0.2629992531561082,-0.005696302026819519,amokfahrt 20.,2.336938935638065
-8.65523062338249,1.3370115432233773,0.40106112679828304,0.25667042098660686,-0.006975443800551373,20. dezember,2.331424488646551
-8.664443468279735,1.343379982307192,0.4053053403605343,0.24391159382135735,-0.009545623191314849,2024,2.320427174408496
-8.664443468279735,1.343379982307192,0.4053053403605343,0.24391159382135735,-0.009545623191314849,dezember 2024,2.320427174408496
-8.668984143234255,1.3464854518237017,0.40740303912035936,0.2375717825447139,-0.010818495536803287,hinterlässt,2.315021626708211
-8.668984143234255,1.3464854518237017,0.40740303912035936,0.2375717825447139,-0.010818495536803287,2024 hinterlass+st,2.315021626708211
-8.681391468951574,1.354855579557986,0.4131545134589638,0.2200727020148523,-0.01431731516168138,hinterlass+st heute,2.3003017753398787
-6.198938524812269,0.13467016687252276,-0.3375719930782753,0.11752989525417123,0.02488369369976827,offene,5.054617398897939
-8.60823656313928,1.303212389539921,0.37966696130009353,0.3196449670504713,0.005878766861751282,heute offen+e,2.388098615939982
-8.689655150191934,1.360333802627112,0.41700084377751245,0.20827317597717315,-0.016664538667318395,Wunden,2.290540263310642
-8.689655150191934,1.360333802627112,0.41700084377751245,0.20827317597717315,-0.016664538667318395,offen+e wunde+n,2.290540263310642
-8.694125474589013,1.3632642105695991,0.41908670035919243,0.20184129021433192,-0.017939945874056527,Während,2.2852741960531056
-8.698209819448586,1.365920903198609,0.4209955836042867,0.19593453122369253,-0.019108708737548614,während betreff+en+e,2.2804718965388355
-4.2673463080827965,-0.8304581406085862,-0.6586919113927077,0.004422427885256874,0.0846563076889842,immer,7.208563996650925
-8.705423010991096,1.370563657152313,0.42437399746404464,0.1854317985122145,-0.02118094057808398,betreff+en+e immer,2.2720123062889335
-8.707851046869722,1.3721121314967055,0.42551326041149984,0.18187591518291182,-0.02188081466874947,traumatisiert,2.269171003811821
-8.707851046869722,1.3721121314967055,0.42551326041149984,0.18187591518291182,-0.02188081466874947,immer traumatisier+t,2.269171003811821
-8.715067814163525,1.376671219475709,0.42890548608728063,0.1712452489679252,-0.023967995853226585,traumatisier+t nutz+t,2.2607449294023043
-8.71825068023172,1.3786610243191653,0.4304044278233944,0.16652722327807004,-0.0248918406984448,AfD,2.257037890063895
-8.71825068023172,1.3786610243191653,0.4304044278233944,0.16652722327807004,-0.0248918406984448,nutz+t afd,2.257037890063895
-8.720625428443755,1.380137165573214,0.43152391627700953,0.1629952482717077,-0.025582450159671942,Tat,2.254275763804767
-8.720625428443755,1.380137165573214,0.43152391627700953,0.1629952482717077,-0.025582450159671942,afd tat,2.254275763804767
-8.724460495898652,1.3825056191032976,0.43333382953620386,0.15726987071712323,-0.02670013452434232,Wahlkampf,2.2498218669829306
-8.724460495898652,1.3825056191032976,0.43333382953620386,0.15726987071712323,-0.02670013452434232,tat wahl+kampf,2.2498218669829306
-8.726979898536053,1.3840510823469854,0.4345241729676371,0.15349416036664448,-0.027435994925286755,wahl+kampf magdeburg,2.2469005196771015
-8.63634665347566,1.3236853102636543,0.3924122847820064,0.28239309503604004,-0.001758961946142036,magdeburg ende,2.3540859242481105
-8.638204530399095,1.3250121588335109,0.3932601341591478,0.2798876594266854,-0.0022691108175271237,ende november,2.35184947780737
-8.733636458305835,1.3880938916677898,0.43767426662998976,0.1434626442655956,-0.029386378255113386,Lichter…,2.23919972356926
-8.733636458305835,1.3880938916677898,0.43767426662998976,0.1434626442655956,-0.029386378255113386,der lichter…,2.23919972356926
-8.73541106473511,1.3891616504709297,0.43851529550165663,0.1407745871931781,-0.029907849692374658,lichter… magdeburg,2.2371511273420976
-8.740732761752003,1.3923379491078165,0.4410404413040936,0.1326788085071244,-0.03147545287638962,Lichterfest,2.2310190529616487
-8.740732761752003,1.3923379491078165,0.4410404413040936,0.1326788085071244,-0.03147545287638962,der licht+er+fest,2.2310190529616487
-8.7434045991352,1.393917970912241,0.4423099463327604,0.1285944146585624,-0.032264649232297236,jährlich,2.2279467898166456
-8.7434045991352,1.393917970912241,0.4423099463327604,0.1285944146585624,-0.032264649232297236,licht+er+fest jährlich,2.2279467898166456
-8.744733214620515,1.3946999719519,0.4429416525670464,0.1265584353802539,-0.03265762758308232,wiederkehrendes,2.2264206734387795
-8.744733214620515,1.3946999719519,0.4429416525670464,0.1265584353802539,-0.03265762758308232,jährlich wiederkehrend+es,2.2264206734387795
-8.746963756798804,1.3960072826703191,0.44400281991202295,0.12313292675454969,-0.03331818110742259,überdimensionales,2.2238609891772243
-8.746963756798804,1.3960072826703191,0.44400281991202295,0.12313292675454969,-0.03331818110742259,wiederkehrend+es überdimensional+es,2.2238609891772243
-8.749292487140567,1.3973646732342693,0.4451115363390257,0.11954668840400315,-0.03400888642503658,Spektakel,2.221191900121089
-8.749292487140567,1.3973646732342693,0.4451115363390257,0.11954668840400315,-0.03400888642503658,überdimensional+es spektakel,2.221191900121089
-8.750631159786455,1.3981414958382743,0.44574926752873445,0.11748052722111707,-0.034406435923085656,leuchtet,2.2196590943317016
-8.750631159786455,1.3981414958382743,0.44574926752873445,0.11748052722111707,-0.034406435923085656,spektakel leucht+et,2.2196590943317016
-8.752138306324087,1.3990130307418491,0.44646759235237665,0.11515030011168828,-0.03485445189011664,Innenstadt,2.2179347198583006
-8.752138306324087,1.3990130307418491,0.44646759235237665,0.11515030011168828,-0.03485445189011664,leucht+et innenstadt,2.2179347198583006
-8.754313161987668,1.400264952546337,0.447504776490948,0.1117801611260482,-0.03550176284004009,Weihnachtsmarkt,2.215448907567395
-8.754313161987668,1.400264952546337,0.447504776490948,0.1117801611260482,-0.03550176284004009,der weihnacht+s+markt,2.215448907567395
-8.755036566238761,1.400679862318038,0.44784992827300285,0.11065719759988768,-0.03571728493254505,weihnacht+s+markt werd+e,2.2146227324267227
-8.755036566238761,1.400679862318038,0.44784992827300285,0.11065719759988768,-0.03571728493254505,eröffnet,2.2146227324267227
-8.755036566238761,1.400679862318038,0.44784992827300285,0.11065719759988768,-0.03571728493254505,werd+e eröffn+et,2.2146227324267227
-7.607082401763153,0.843169507324222,0.010010219224439058,0.05231512104565885,-0.010716587617220198,still,3.48396345709886
-8.755036566238761,1.400679862318038,0.44784992827300285,0.11065719759988768,-0.03571728493254505,eröffn+et still,2.2146227324267227
-8.755036566238761,1.400679862318038,0.44784992827300285,0.11065719759988768,-0.03571728493254505,Programm.…,2.2146227324267227
-8.755036566238761,1.400679862318038,0.44784992827300285,0.11065719759988768,-0.03571728493254505,still programm.…,2.2146227324267227
-8.755036566238761,1.400679862318038,0.44784992827300285,0.11065719759988768,-0.03571728493254505,+13176,2.2146227324267227
-8.755036566238761,1.400679862318038,0.44784992827300285,0.11065719759988768,-0.03571728493254505,programm.… +13176,2.2146227324267227
-8.755036566238761,1.400679862318038,0.44784992827300285,0.11065719759988768,-0.03571728493254505,+13176 char+s,2.2146227324267227
-8.1960974489792,1.1349645861456674,0.20822831285724255,-0.027522402646850797,-0.03887006899492065,erkunden,2.829791686245099
-8.1960974489792,1.1349645861456674,0.20822831285724255,-0.027522402646850797,-0.03887006899492065,tiroler erkund+en,2.829791686245099
-8.188225166996876,1.131108623164019,0.20526456790655176,-0.027498414459887086,-0.03863673134734295,Tiefsee-Erdbebenarchiv,2.8385111553441984
-8.188225166996876,1.131108623164019,0.20526456790655176,-0.027498414459887086,-0.03863673134734295,erkund+en tiefsee-erdbebenarchiv,2.8385111553441984
-8.202856792964806,1.1382743596333367,0.21078062254250385,-0.02754295050701272,-0.0390711646257258,tiefsee-erdbebenarchiv tiroler,2.822305502589975
-8.158674736026589,1.1166228564659235,0.19422309846048472,-0.027407846964855844,-0.03776907718429002,tiroler forscher,2.87124801204734
-8.135031503613591,1.1050201637032053,0.18548253445887533,-0.027334829148614053,-0.03708406593135815,forscher letzt+en,2.897447664092164
-8.125790640102911,1.1004823416854432,0.18208861205634935,-0.0273061656031326,-0.03681851403565287,letzt+en woche+n,2.907689326773512
-8.117393580270837,1.096357470236293,0.17901535210978017,-0.02728006142414731,-0.03657826112903859,Proben,2.9169965804653355
-8.117393580270837,1.096357470236293,0.17901535210978017,-0.02728006142414731,-0.03657826112903859,woche+n probe+n,2.9169965804653355
-8.0888950498824,1.0823484468342806,0.16866061718346206,-0.027191077635761035,-0.035770236286945416,acht,2.948589604796488
-8.0888950498824,1.0823484468342806,0.16866061718346206,-0.027191077635761035,-0.035770236286945416,probe+n acht,2.948589604796488
-3.2563242783710917,-1.3645299620154856,1.346413042020393,-0.019976173416881956,-0.010752799650980284,Kilometer,8.381438365798035
-8.081924181109999,1.0789195397369085,0.16614537108144678,-0.027169224947637263,-0.03557429942929283,acht kilo+meter,2.9563186470860394
-8.067366839539158,1.0717561572761205,0.16091475649298645,-0.0271234863157878,-0.035167258685646574,tiefen,2.972460832727447
-8.067366839539158,1.0717561572761205,0.16091475649298645,-0.0271234863157878,-0.035167258685646574,kilo+meter tief+en,2.972460832727447
-8.056651860901693,1.0664811848251798,0.15708360988294556,-0.027089734470011385,-0.034869484203149594,tief+en japan+graben,2.984343652892696
2.4809510190344266,-4.045272581136894,0.2684854984003481,-0.021572033840458187,0.039799124008166646,Pazifischen,14.69644635856067
-8.032068001767051,1.0543712760934716,0.14835337516977073,-0.027012038440121146,-0.0341920669552734,japan+graben pazifisch+en,3.011611048379568
-5.437884862709219,-0.243175130876772,-0.4811953240492517,-0.019372791758387263,0.010821496625998772,Ozean,5.90202943968005
-5.437884862709219,-0.243175130876772,-0.4811953240492517,-0.019372791758387263,0.010821496625998772,pazifisch+en ozean,5.90202943968005
-7.999190600216824,1.038160687899843,0.13680590043884538,-0.026907619229440547,-0.033298464717272214,gezogen,3.0480859472561894
-7.999190600216824,1.038160687899843,0.13680590043884538,-0.026907619229440547,-0.033298464717272214,ozean ge+zieh+en,3.0480859472561894
-7.972717370973873,1.0250955864225177,0.12761209965292705,-0.02682316175494289,-0.03258895945438696,der bohr+kern+e,3.077462832314894
-7.950516012123304,1.014130741454202,0.11997227641816831,-0.026752102882880557,-0.03200069152752072,enthalten,3.1021038712141933
-7.950516012123304,1.014130741454202,0.11997227641816831,-0.026752102882880557,-0.03200069152752072,bohr+kern+e enthalt+en,3.1021038712141933
-7.926471913543747,1.0022478871032783,0.11176958115028485,-0.026674935484508045,-0.03137040374211938,enthalt+en information+en,3.1287946949185805
-7.874686757445332,0.9766285994245116,0.09434897736375404,-0.026508107913940808,-0.030036332714312997,vergangene,3.1862956012099684
-7.874686757445332,0.9766285994245116,0.09434897736375404,-0.026508107913940808,-0.030036332714312997,information+en vergeh+en+e,3.1862956012099684
-7.8402371555662365,0.9595667184118759,0.0829415954703366,-0.026396744290736476,-0.029166058173216103,vergeh+en+e erdbeben,3.2245585839994124
-7.7941879421735605,0.9367379608191493,0.06791307512721069,-0.026247531312712142,-0.02802348726357394,lassen,3.275718138976477
-7.7941879421735605,0.9367379608191493,0.06791307512721069,-0.026247531312712142,-0.02802348726357394,erdbeben lass+en,3.275718138976477
-7.7665153702855925,0.9230079887450335,0.05900005096053847,-0.026157722480575758,-0.027347974069234934,hunderttausende,3.306468473236556
-7.7665153702855925,0.9230079887450335,0.05900005096053847,-0.026157722480575758,-0.027347974069234934,lass+en hundert+tausend+e,3.306468473236556
6.3193127157492555,-6.079375534292906,-1.4456439450457483,-0.01012700223578472,0.07356363759129206,Jahre,19.01130394098935
-7.693688224536736,0.8868364983651682,0.03595372904749338,-0.025921090104380755,-0.025608555421178125,hundert+tausend+e jahr+e,3.387418265419172
-7.662158406049912,0.8711606188118515,0.026155395553260494,-0.025818601552964626,-0.024872174706019698,zurückblicken,3.422474346321411
-7.662158406049912,0.8711606188118515,0.026155395553260494,-0.025818601552964626,-0.024872174706019698,jahr+e zurück+blick+en,3.422474346321411
-7.046985923499661,0.5639932134972439,-0.1462325402511208,-0.02385222528423855,-0.012215550433975292,japan+-+graben+s sag+t,4.107310726317056
-7.204425738329441,0.6427860781557795,-0.10520112632913331,-0.024346014110474615,-0.015177586357886533,sag+t geologe,3.9319159794174863
-7.749651678528721,0.9146369435800505,0.05361107883509601,-0.02610295576535506,-0.026940307497730694,Pr…,3.3252101512092787
-7.749651678528721,0.9146369435800505,0.05361107883509601,-0.02610295576535506,-0.026940307497730694,expedition pr…,3.3252101512092787
-7.770607171426377,0.9250386872863738,0.060312471853230284,-0.02617100725011934,-0.02744734317425815,+6432,3.301921268567403
-7.770607171426377,0.9250386872863738,0.060312471853230284,-0.02617100725011934,-0.02744734317425815,pr… +6432,3.301921268567403
-7.7941879421735605,0.9367379608191493,0.06791307512721069,-0.026247531312712142,-0.02802348726357394,+6432 char+s,3.275718138976477
-7.410121801888705,0.7455706973049279,-0.048551251918481156,-0.025002501457572684,-0.01931850599005539,Drogenschmuggel,3.7028776331399658
-6.720738080158557,0.4004979091569518,-0.22558390659096747,-0.02285802742576123,-0.006574669033190553,Weniger,4.470948017946714
-7.365594250863974,0.7233389234269008,-0.061124645916831435,-0.02485945452272621,-0.01839424144469065,droge+n+schmuggel wenig+er,3.752445411564035
-1.3355114077024233,-2.294259546557995,-0.9823415508097824,0.08514008572102037,0.058054442211811656,große,10.480039148040342
-6.689672933179915,0.38491916043929586,-0.2327748388974139,-0.022765563737167774,-0.006069137377081868,wenig+er groß+e,4.505583681081022
-6.665410120832173,0.3727507288288423,-0.23834981672453054,-0.022693622509978344,-0.0056778531231814755,Kokainfunde,4.532636227160392
-6.665410120832173,0.3727507288288423,-0.23834981672453054,-0.022693622509978344,-0.0056778531231814755,groß+e kokain+fund+e,4.532636227160392
-7.281801883970146,0.6814743855205398,-0.08431367377420472,-0.02459160468780177,-0.01669741103700128,Verlagerung,3.845742235370963
-7.281801883970146,0.6814743855205398,-0.08431367377420472,-0.02459160468780177,-0.01669741103700128,kokain+fund+e verlagerung,3.845742235370963
-4.553919349924587,-0.6862013267409308,-0.6203114312937017,-0.01733921068146918,0.019784702985645237,Südwesteuropa,6.8884800555013666
-7.223060261690927,0.652105772753524,-0.10021572039503342,-0.024404995438188536,-0.015539600438653156,verlagerung südwesteuropa,3.9111610010783515
-4.528986357513727,-0.6986859544398332,-0.6239059291880021,-0.017285666326459097,0.020011398011248606,Wird,6.916303836467955
-3.95610007747302,-0.9853588494248138,-0.7022735723604535,-0.016107239550932573,0.024890272646070126,Schmuggel,7.555594943224493
-4.587819779908746,-0.6692253947530196,-0.6153978572569385,-0.01741232886970635,0.019474410315731598,werd schmuggel,6.85064906915927
-1.609110058152666,-2.156080559328806,-0.9586662939878638,-0.012126356795014288,0.03993222427357297,Kokain,10.173998953234358
-4.636520660722892,-0.6448358748168754,-0.6082854690065247,-0.01751801169477872,0.019024431433225457,schmuggel kokain,6.796301495151431
4.117703381587063,-4.993391251241819,-1.34591496531212,-0.005808366227728344,0.05916272944612304,Deutschland,16.55828860878777
-3.4879337752134596,-1.21935943275352,-0.7609172987373923,-0.015212575076461515,0.028459404392914948,kokain deutschland,8.077992307954846
-4.384699555226777,-0.7709211347879776,-0.6443925328287725,-0.01697961840093111,0.021298602251657226,schwieriger,7.077318660407462
-4.384699555226777,-0.7709211347879776,-0.6443925328287725,-0.01697961840093111,0.021298602251657226,deutschland schwierig+er,7.077318660407462
8.162849772938593,-6.987435323489777,-1.516182960322221,0.04357930267527876,0.07410374774402709,Mehrere,21.064997463457985
-0.9906411187009763,-2.463670640242602,-1.0134385725701187,-0.011254595411832505,0.04294069446750556,Tonnen,10.863786629217453
-4.158151588519252,-0.8842933629526186,-0.6755204501213435,-0.016511834817100262,0.023238530841582398,mehrere tonne+n,7.330127548219199
-4.034690043398131,-0.9460538053815246,-0.6919767426329514,-0.01626323408576943,0.024256262304806153,tonne+n werd+en,7.467897818820483
-3.838602296116153,-1.0441099503611935,-0.7174172191779372,-0.015877210525858613,0.025818777676420678,Juni,7.686706834285327
-3.838602296116153,-1.0441099503611935,-0.7174172191779372,-0.015877210525858613,0.025818777676420678,werd+en juni,7.686706834285327
-3.258555428052847,-1.262330475014823,0.6254427161622095,-0.015479871510777355,0.0028373534647412185,weit,8.324023763821586
-3.7303608825696735,-1.0982190793484268,-0.7311096221589446,-0.015668616503170522,0.02665422905475583,juni weit,7.807487859373371
-2.8254560547753345,-1.5500693799448388,-0.8368499057699429,-0.0140394712976984,0.032971382857242486,Hamburger,8.817137582997312
-3.409194071036385,-1.25869150373387,-0.7703533586763422,-0.015067667726490661,0.029026936448088958,weit hamburger,8.16584910171136
-2.52017093283685,-1.7023101996557704,-0.8693958818025779,-0.013531948516335511,0.03486574744344055,Hafen,9.157721335469601
-2.52017093283685,-1.7023101996557704,-0.8693958818025779,-0.013531948516335511,0.03486574744344055,hamburger hafen,9.157721335469601
-2.2608174259858718,-1.8315699277307194,-0.8959532593773659,-0.013115824234028866,0.03639323026653161,abgefangen,9.44704627015786
-2.9065199203973373,-1.509627617552923,-0.8279615111842583,-0.014177599094918215,0.032449821019192436,hafen ab+ge+fang+en,8.726697260441298
-5.499031507283425,-0.2125042199878906,-0.4706310073814042,-0.01952384789326961,0.0101260412257052,südwesteuropa sprech+t,5.83379689996153
-4.951676280368595,-0.48694585439512217,-0.5606616301138533,-0.018220747025288947,0.015986333612413976,derweil,6.444603271655773
-4.951676280368595,-0.48694585439512217,-0.5606616301138533,-0.018220747025288947,0.015986333612413976,sprech+t derweil,6.444603271655773
7.339267419803505,-6.581577338709689,-1.486368358765552,-0.0034057814908108846,0.06456516912243512,weißen,20.147437033265465
-2.7480373931215123,-1.5886860875152728,-0.8452402768491293,-0.01390889299053624,0.033462077794235844,derweil weiß+en,8.903509733575088
12.759214722893638,-9.245621465580964,-1.6551243535220521,-0.0003725026439025163,0.06912912212411057,weiß+en tsunami,26.183384063787898
-7.422444038322489,0.7517209445949913,-0.04504019752796459,-0.025042165741773932,-0.019577134466760605,hin+zu+füg+en werd,3.6891619642675213
-7.991310343882115,1.0342727231613664,0.1340595542632907,-0.026882512037198623,-0.03308634199583839,Südwesteuro…,3.056829899290765
-8.017950039210163,1.047412350846198,0.14337697058782944,-0.02696726750131337,-0.03380663080976771,+4089,3.027272630292286
-8.017950039210163,1.047412350846198,0.14337697058782944,-0.02696726750131337,-0.03380663080976771,südwesteuro… +4089,3.027272630292286
-8.02860825706301,1.0526662207994781,0.14713136638867513,-0.027001076742016673,-0.03409737170530384,+4089 char+s,3.015448904013577
-6.452892263927108,0.2661388917999936,-0.28569610556319247,-0.02207395421476221,-0.002377440398653563,auch jahr,4.769624590876932
-4.506396711716758,-0.7099966296485021,-0.6271485779352476,-0.017237323468165658,0.020215686520938025,jahr 2025,6.941512541335804
-6.982930104582561,0.5319124615330808,-0.16239279031312526,-0.023653805343905272,-0.011057448646297097,südamerikanische,4.178689966103032
-6.982930104582561,0.5319124615330808,-0.16239279031312526,-0.023653805343905272,-0.011057448646297097,2025 südamerikanisch+e,4.178689966103032
-7.27523377213244,0.6781913508304298,-0.0861059921430302,-0.024570689379377435,-0.016566678809760843,Drogenbanden,3.8530563855137245
-7.27523377213244,0.6781913508304298,-0.0861059921430302,-0.024570689379377435,-0.016566678809760843,südamerikanisch+e droge+n+band+en,3.8530563855137245
-7.422444038322489,0.7517209445949913,-0.04504019752796459,-0.025042165741773932,-0.019577134466760605,tonnenweise,3.6891619642675213
-7.422444038322489,0.7517209445949913,-0.04504019752796459,-0.025042165741773932,-0.019577134466760605,droge+n+band+en tonnenweise,3.6891619642675213
-7.5261070672626555,0.8034231299212506,-0.014943161738299317,-0.025377001769517956,-0.021803707342994368,tonnenweise kokain,3.5738015539758075
-7.678253543840595,0.8791638750357476,0.031143898875501452,-0.02587091833246008,-0.025246845347028347,verschifft,3.4045784456938892
-7.678253543840595,0.8791638750357476,0.031143898875501452,-0.02587091833246008,-0.025246845347028347,deutschland verschiff+t,3.4045784456938892
-7.7539440946834794,0.9167679559268014,0.05497972979365144,-0.026116898075466587,-0.0270437894185191,womöglich,3.320439551072156
-7.7539440946834794,0.9167679559268014,0.05497972979365144,-0.026116898075466587,-0.0270437894185191,der womöglich,3.320439551072156
-7.7941879421735605,0.9367379608191493,0.06791307512721069,-0.026247531312712142,-0.02802348726357394,womöglich groß,3.275718138976477
-7.819774373888252,0.9494253619822868,0.07623273061261415,-0.02633048158218728,-0.02865544941107312,Ladung,3.2472904533925346
-7.819774373888252,0.9494253619822868,0.07623273061261415,-0.02633048158218728,-0.02865544941107312,groß ladung,3.2472904533925346
-7.8435263668204325,0.9611963912044619,0.08402461395629156,-0.026407388141891322,-0.029248570361426078,ladung werd+e,3.2209049090651956
-5.5027495381300975,-0.21063918447611218,-0.4699842448796111,-0.01953307890100271,0.010083397688649888,schon,5.829648039915921
-7.8947987159515005,0.9865826100811328,0.1010752671118044,-0.026572990835068755,-0.03055070760268333,allerdings schon,3.163961374088591
-7.931440464737995,1.0047040585143465,0.1134585979696412,-0.026690898341277573,-0.031500074696188624,Zielhafen,3.1232788355263215
-7.931440464737995,1.0047040585143465,0.1134585979696412,-0.026690898341277573,-0.031500074696188624,schon ziel+hafen,3.1232788355263215
-7.955095878153118,1.016393236869973,0.12154307257987156,-0.02676677745833592,-0.03212154604276269,ziel+hafen hamburg,3.0970203947446766
-7.972717370973873,1.0250955864225177,0.12761209965292705,-0.02682316175494289,-0.03258895945438696,hamburg ab+ge+fang+en,3.077462832314894
-7.997241587598926,1.0371991717970062,0.13612588575730653,-0.026901412217209937,-0.03324592722495745,Dank,3.050248526040908
-7.997241587598926,1.0371991717970062,0.13612588575730653,-0.026901412217209937,-0.03324592722495745,ab+ge+fang+en dank,3.050248526040908
-8.006850693669191,1.0419391103658375,0.13948341081441104,-0.026931996616989695,-0.03350541971556283,ein…,3.039586810547033
-8.006850693669191,1.0419391103658375,0.13948341081441104,-0.026931996616989695,-0.03350541971556283,dank ein…,3.039586810547033
-8.017950039210163,1.047412350846198,0.14337697058782944,-0.02696726750131337,-0.03380663080976771,+3934,3.027272630292286
-8.017950039210163,1.047412350846198,0.14337697058782944,-0.02696726750131337,-0.03380663080976771,ein… +3934,3.027272630292286
-8.02860825706301,1.0526662207994781,0.14713136638867513,-0.027001076742016673,-0.03409737170530384,+3934 chars,3.015448904013577
-8.061299417130176,1.0687694128298828,0.15874339148041486,-0.02710438282288514,-0.03499845268439972,kokain+fund+e hamburger,2.9791894173063542
-8.025102705973444,1.0509383932207534,0.14589483147530155,-0.026989963320772664,-0.03400158217931461,hafen schmuggel,3.0193376838282915
-8.006850693669191,1.0419391103658375,0.13948341081441104,-0.026931996616989695,-0.03350541971556283,verlagert,3.039586810547033
-8.006850693669191,1.0419391103658375,0.13948341081441104,-0.026931996616989695,-0.03350541971556283,schmuggel verlager+t,3.039586810547033
-7.976957075185336,1.0271886787083764,0.1290783126930032,-0.026836708554156347,-0.032701994333956604,verlager+t werd,3.0727577017890546
-6.00825804273736,0.043004696943648835,-0.37698693223438673,-0.020838822273191483,0.003872158003413371,Spanien,5.265609896260916
-3.5652710194765174,-1.180721246276529,-0.7515339848785981,-0.015356417095605345,0.027893164596831686,Frankreich,7.991699213563267
-5.7094858232562045,-0.10692225707640235,-0.4332001287725999,-0.020054789637655245,0.0076454511094731295,spanien frankreich,5.5989625080500485
-5.323386682900899,-0.30059936763561446,-0.500618667420476,-0.01909373267308262,0.012094768698183841,frankreich sprech+t,6.029798261089867
-2.7480373931215123,-1.5886860875152728,-0.8452402768491293,-0.01390889299053624,0.033462077794235844,sprech+t weiß+en,8.903509733575088
-3.6859285090303455,-1.120426736395808,-0.7366604203529551,-0.015583892092092143,0.026991804165215308,Tsunami.A…,7.857067079181015
-3.6859285090303455,-1.120426736395808,-0.7366604203529551,-0.015583892092092143,0.026991804165215308,weiß+en tsunami.a…,7.857067079181015
-6.079806513480736,0.07891200642093255,-0.36294604043748185,-0.021031993283599795,0.0029207295916223557,+4033,5.185787607001388
-6.079806513480736,0.07891200642093255,-0.36294604043748185,-0.021031993283599795,0.0029207295916223557,tsunami.a… +4033,5.185787607001388
-6.452892263927108,0.2661388917999936,-0.28569610556319247,-0.02207395421476221,-0.002377440398653563,+4033 chars,4.769624590876932
-6.982930104582561,0.5319124615330808,-0.16239279031312526,-0.023653805343905272,-0.011057448646297097,Vorbereitungen,4.178689966103032
-6.982930104582561,0.5319124615330808,-0.16239279031312526,-0.023653805343905272,-0.011057448646297097,der vorbereitung+en,4.178689966103032
-5.997625771603064,0.03766884754774358,-0.37905356686748115,-0.02081029718913433,0.004011894816796743,Inflations-Tsunami,5.277471953985181
-5.997625771603064,0.03766884754774358,-0.37905356686748115,-0.02081029718913433,0.004011894816796743,vorbereitung+en inflations-tsunami,5.277471953985181
-5.694873862585679,-0.11425371903939263,-0.43585439138785553,-0.020017365505524326,0.007822196767071809,inflations-tsunami lauf+en,5.615266712236061
-6.287610553691728,0.18320006983549542,-0.3207888914867812,-0.021605134441405785,4.272474619832975e-05,lauf+en schon,4.953974536580164
-6.588558507820697,0.33420267310027496,-0.2557740646076942,-0.022467358617718605,-0.004458539684185116,schon bei,4.618329986025826
-3.141317522615182,-1.3924502556243947,-0.8016018394727892,-0.014585996032148956,0.03089266437590087,"3,5",8.464733261390393
-4.891926881146785,-0.5168874562414536,-0.5699104877081116,-0.018084956836543455,0.01657974378055429,"bei 3,5",6.511280670810866
-3.382613094663096,-1.2719676941636755,-0.7735124876487433,-0.015019096787710734,0.02921651631581309,"3,5 prozent",8.195507556897745
-5.462453325092475,-0.23085201443021441,-0.47696692957916964,-0.01943331440850103,0.010543385689116622,Preissteigerung,5.87461378710184
-5.462453325092475,-0.23085201443021441,-0.47696692957916964,-0.01943331440850103,0.010543385689116622,prozent preis+steigerung,5.87461378710184
-6.039669801594628,0.05876892424468272,-0.37085144104362117,-0.02092336875815229,0.0034568478020025224,Justizministerin,5.230565293062887
-6.039669801594628,0.05876892424468272,-0.37085144104362117,-0.02092336875815229,0.0034568478020025224,preis+steigerung justiz+minister+in,5.230565293062887
-6.332298374144466,0.20562581013896963,-0.31144244609458416,-0.021730755511337543,-0.0005996824383745387,Hubig,4.904128442789079
-6.332298374144466,0.20562581013896963,-0.31144244609458416,-0.021730755511337543,-0.0005996824383745387,justiz+minister+in hubig,4.904128442789079
-6.414744795500872,0.2469976821706239,-0.29392477007156537,-0.021964727488257372,-0.0018079609236783326,Indexmieten,4.812170515211286
-6.414744795500872,0.2469976821706239,-0.29392477007156537,-0.021964727488257372,-0.0018079609236783326,hubig index+miete+n,4.812170515211286
-6.55692300545325,0.31833265095463537,-0.26284536585158885,-0.022374932616439174,-0.003965268291154483,begrenzen,4.6536077068092965
-6.55692300545325,0.31833265095463537,-0.26284536585158885,-0.022374932616439174,-0.003965268291154483,index+miete+n begrenz+en,4.6536077068092965
-4.198180191507659,-0.8644992300697689,-0.6696228728118322,0.034141617424193235,0.031523712588761264,Über,7.285550195065397
-6.711306772955427,0.3957683885772212,-0.2277733904186737,-0.022829913880157357,-0.006420646454903325,"über 3,5",4.481463162350044
-6.80779408617486,0.44414704061940036,-0.2051079004828804,-0.02311923588062325,-0.008019289126201992,macht,4.3738946902824924
-6.80779408617486,0.44414704061940036,-0.2051079004828804,-0.02311923588062325,-0.008019289126201992,prozent mach+t,4.3738946902824924
-3.3847169843869516,-1.270916909321775,-0.7732629211538784,-0.015022934852845322,0.029201547587219275,Euro,8.193160089138656
-6.878530344998498,0.47960320570465154,-0.1881069831458216,-0.023333710627542227,-0.009224517504297147,mach+t euro,4.295045337787348
-6.9360187970204645,0.5084109673532478,-0.1740411477158239,-0.023509458334985224,-0.010225648448121155,Brüsseler,4.230970562474075
-6.9360187970204645,0.5084109673532478,-0.1740411477158239,-0.023509458334985224,-0.010225648448121155,euro brüsseler,4.230970562474075
-6.9941042168194265,0.5375095771667087,-0.1595951418917803,-0.023688309906765258,-0.01125759591164039,Peso,4.166237636299046
-6.9941042168194265,0.5375095771667087,-0.1595951418917803,-0.023688309906765258,-0.01125759591164039,brüsseler peso,4.166237636299046
-7.095405687876623,0.5882347588754937,-0.13381618040736132,-0.024003189680906787,-0.013108606602499483,Busch,4.053361885315139
-7.095405687876623,0.5882347588754937,-0.13381618040736132,-0.024003189680906787,-0.013108606602499483,was busch,4.053361885315139
-6.119583133031786,0.09887447088554824,-0.355037663805567,-0.021140303466634067,0.0023832800411377093,Rund,5.141412739336397
-7.693688224536736,0.8868364983651682,0.03595372904749338,-0.025921090104380755,-0.025608555421178125,rund jahr+e,3.387418265419172
-7.63372995401339,0.8570190659643888,0.017411164960606178,-0.02572621320166548,-0.02421658971238954,jahr+e fukushima,3.4540869104097798
-7.5628785293008125,0.8217452686220821,-0.0040192341362744015,-0.02549618171565583,-0.022616129075445926,Weltgrößtes,3.5328923208912313
-7.5628785293008125,0.8217452686220821,-0.0040192341362744015,-0.02549618171565583,-0.022616129075445926,fukushima weltgrößt+es,3.5328923208912313
3.538579122155742,-4.707398332677949,-1.3162082217114803,-0.006307099937549355,0.057886259646787036,Atomkraftwerk,15.91293859615973
-7.468632259326361,0.774766068843515,-0.03175514174270888,-0.02519111763136839,-0.02055783864076638,weltgrößt+es atom+kraft+werk,3.63775615571946
-7.156820355355483,0.6189708148761885,-0.11781084954056065,-0.02419583270356509,-0.014263989947838937,hochgefahren,3.98494317572481
-7.156820355355483,0.6189708148761885,-0.11781084954056065,-0.02419583270356509,-0.014263989947838937,atom+kraft+werk hoch+ge+fahr+en,3.98494317572481
-6.66662371334122,0.37335939617868963,-0.23807181813572625,-0.022697215148062028,-0.005697351361388617,hoch+ge+fahr+en nach,4.531283074563293
-3.950330943845956,-0.9882438838687557,-0.703024084458171,-0.016095856323771984,0.024936399665005906,nach erdbeben+-,7.56203257902661
0.7113585639317108,-3.3084841394014393,-1.1447108099452614,-0.009137137654907713,0.04980411396734449,erdbeben+- tsunami-katastroph+e,12.761624849646967
3.3922574171807742,-4.63511213032969,-1.3084482964002346,-0.006436918199123797,0.05754614780077321,März,15.749876307474931
-2.97976717661828,-1.473079433592413,-0.819837784085705,-0.014303660900118736,0.03197157423368925,tsunami-katastroph+e märz,8.644976455828813
2.836684511291475,-4.360542197367227,-1.2779923682467134,-0.006944676037330334,0.05618581054299601,märz 2011,15.13071018064526
-6.022476595846372,0.050140366598984354,-0.3742152465015481,-0.02087704179626331,0.003684627431789475,Kernkraftwerke,5.249746856706977
-7.233928567786253,0.6575406682422615,-0.09729501542473988,-0.024439444530827983,-0.015751901099863,2011 kern+kraft+werk+e,3.8990564667658174
-7.441492126965127,0.7612263906197518,-0.03958535655375048,-0.025103542615240913,-0.019979406861936465,kern+kraft+werk+e japan,3.6679610677851526
-7.494202839416302,0.7875183758403066,-0.024314454772969212,-0.025273750990700766,-0.021108574152992145,japan still+ge+leg+t,3.6093009076325018
-6.596294904127712,0.338083492254742,-0.25403590321964403,-0.022490024759193723,-0.004579926463682264,Darunter,4.609703099618015
-7.645353780282198,0.862802112534419,0.020976262387765395,-0.025763985191083326,-0.02448369822318243,befindet,3.4411606369163312
-7.645353780282198,0.862802112534419,0.020976262387765395,-0.025763985191083326,-0.02448369822318243,darunter befind+et,3.4411606369163312
-7.758184827617599,0.9188731225503577,0.05633393386043846,-0.0261306710913032,-0.027146215331152544,weltgrößte,3.3157265046350455
-7.758184827617599,0.9188731225503577,0.05633393386043846,-0.0261306710913032,-0.027146215331152544,befind+et weltgrößt+e,3.3157265046350455
-7.80169935462948,0.9404633661493516,0.07034759046656285,-0.026271892891570454,-0.028208271208870622,weltgrößt+e atom+kraft+werk,3.2673721650045513
-7.89756799743295,0.9879528021480832,0.10200532577614732,-0.026581916179595554,-0.03062190296757932,Weg,3.1608863391705233
-7.89756799743295,0.9879528021480832,0.10200532577614732,-0.026581916179595554,-0.03062190296757932,jetzt weg,3.1608863391705233
-7.9289665931639615,1.0034811584130643,0.11261723658617753,-0.026682951388015852,-0.031435473601342016,weg wiederinbetriebnahme,3.126025190637847
-4.907581491320569,-0.5090429628259892,-0.5674975061315379,-0.01812041644235824,0.016425082686274014,frei,6.493810885127872
-7.976957075185336,1.0271886787083764,0.1290783126930032,-0.026836708554156347,-0.032701994333956604,wiederinbetriebnahme frei,3.0727577017890546
-7.987284294407042,1.0322859830844249,0.13265960064783533,-0.02686967359883673,-0.03297827164893068,gemacht,3.0612974220817875
-7.987284294407042,1.0322859830844249,0.13265960064783533,-0.02686967359883673,-0.03297827164893068,frei ge+mach+t,3.0612974220817875
-7.968413100155473,1.0229703467088265,0.1261259513743338,-0.026809400882507817,-0.032474432507825966,umstritten,3.082239772785978
-7.968413100155473,1.0229703467088265,0.1261259513743338,-0.026809400882507817,-0.032474432507825966,doch umstritten,3.082239772785978
-4.272744809219035,-0.765880524294356,0.3502620283327542,-0.017631485065703858,0.0017797798221659417,der akw,7.190853639806691
-5.350719756306495,-0.24535113662176444,0.18379287609324105,-0.019776712132316087,-0.002127287262580619,Kashiwazaki-Kariwa,5.991434729699936
-5.869287295051318,0.007944709209290579,0.2767028585645541,-0.020816085648640233,-0.007694338027806322,akw kashiwazaki-kariwa,5.415796048383129
-5.921058409874834,0.0331554197536561,0.2865688548139066,-0.020922181300880967,-0.00829159129445553,Tepco,5.358369874780737
-7.8402371555662365,0.9595667184118759,0.0829415954703366,-0.026396744290736476,-0.029166058173216103,kashiwazaki-kariwa tepco,3.2245585839994124
-7.819774373888252,0.9494253619822868,0.07623273061261415,-0.02633048158218728,-0.02865544941107312,betrieben,3.2472904533925346
-7.819774373888252,0.9494253619822868,0.07623273061261415,-0.02633048158218728,-0.02865544941107312,tepco betreib+en,3.2472904533925346
-7.762374916233517,0.920952964641454,0.05767395516527567,-0.026144278145698096,-0.027247604090460044,Konzern,3.3110698538647028
-7.762374916233517,0.920952964641454,0.05767395516527567,-0.026144278145698096,-0.027247604090460044,der konzern,3.3110698538647028
-7.727375805237785,0.9035748575800786,0.04654136327507438,-0.026030581358152546,-0.026406361942109734,betrieb,3.3499694228825634
-7.727375805237785,0.9035748575800786,0.04654136327507438,-0.026030581358152546,-0.026406361942109734,konzern betreib,3.3499694228825634
-7.639585352785024,0.8599323689128231,0.019205288066989627,-0.02574523973062564,-0.02435098037153695,havarierte,3.4475753251904564
-7.639585352785024,0.8599323689128231,0.019205288066989627,-0.02574523973062564,-0.02435098037153695,betreib havarier+t+e,3.4475753251904564
-7.569857944761686,0.8252217707274105,-0.0019307148113922833,-0.02551882120084374,-0.02277171453092739,havarier+t+e atom+kraft+werk,3.525128262251367
-1.610828499973577,-2.155225417686528,-0.9585079809820621,-0.012128866402001719,0.03992341461594624,atom+kraft+werk fukushima,10.17208222922836
-1.4657765204053117,-2.227397355443776,-0.9717474165218323,-0.01191878957203482,0.040657917014980824,Daiichi,10.333868657818812
-1.4657765204053117,-2.227397355443776,-0.9717474165218323,-0.01191878957203482,0.040657917014980824,fukushima daiichi,10.333868657818812
-7.139964472032472,0.6105363381586699,-0.12223274111592253,-0.02414283365253841,-0.013944312600162642,imago/Kyodo,4.003720355860528
-7.139964472032472,0.6105363381586699,-0.12223274111592253,-0.02414283365253841,-0.013944312600162642,foto imago/kyodo,4.003720355860528
-6.319275255833674,0.19909047998124585,-0.3141768531460839,-0.021694059628379343,-0.00041157613641621196,News,4.918654611381591
-6.885187781659115,0.4829396697169137,-0.1864896719696549,-0.0233539975466472,-0.009339445672382422,imago/kyodo news,4.287624826643995
-6.66662371334122,0.37335939617868963,-0.23807181813572625,-0.022697215148062028,-0.005697351361388617,news nach,4.531283074563293
-6.800271826109178,0.4403759684540316,-0.20689639513284885,-0.02309654501507857,-0.007892804476811247,+2203,4.3822802668057355
-6.800271826109178,0.4403759684540316,-0.20689639513284885,-0.02309654501507857,-0.007892804476811247,tsunami-katastroph+e +2203,4.3822802668057355
-6.959931993794573,0.5203916449279549,-0.16812277197800896,-0.023582936071614456,-0.010647965334237827,+2203 char+s,4.204319744289842
-6.932988012981928,0.5068924212883941,-0.17478839138771946,-0.023500161201769825,-0.010172372921753235,krank,4.234348403998428
-7.770607171426377,0.9250386872863738,0.060312471853230284,-0.02617100725011934,-0.02744734317425815,wie krank,3.301921268567403
-7.727375805237785,0.9035748575800786,0.04654136327507438,-0.026030581358152546,-0.026406361942109734,krank deutschland,3.3499694228825634
-6.217905388383647,0.1482186529549252,-0.3351653386407736,-0.021410865105487592,0.0010277846004096668,Gesundheitssystem,5.0317293254814945
-7.596640261383277,0.8385587593642949,0.006128991776625245,-0.02560574255611727,-0.023372913275305697,deutschland gesundheit+s+system,3.495337233218
-2.9085469502640686,-1.508616267648494,-0.827737885359567,-0.014181071606419888,0.03243667590785188,Jens,8.724435750814374
-7.450723193976275,0.7658321093764375,-0.03692979350158561,-0.025133313307353418,-0.020175447717400243,gesundheit+s+system jens,3.6576872437363703
-2.7340139901700713,-1.5956803345342694,-0.8467499569728856,-0.013885378588888555,0.03355019819000826,Baas,8.91915480627774
-2.7340139901700713,-1.5956803345342694,-0.8467499569728856,-0.013885378588888555,0.03355019819000826,jens baa+s,8.91915480627774
-5.663498497676494,-0.12999572425053252,-0.44152518011668435,-0.01993729211292597,0.00819938000876069,TK-Chef,5.650275993512887
-5.614953342503256,-0.15435124102520303,-0.4502234320831942,-0.019814162431375692,0.008776787692106592,tk-chef jens,5.704444357932717
-6.201417550341048,0.13994410939218893,-0.33853052702826386,-0.02136521169450684,0.00125782579397523,baa+s warn+t,5.05012180346891
-2.651392154550857,-1.6368842210580445,-0.855582400339951,-0.013747688698146127,0.03406470273950411,MUT-Talk,9.011330170973494
-6.858123580196611,0.46937548126126627,-0.19304581365230708,-0.023271633969088042,-0.008873852614566677,warn+t mut+-+talk,4.317791670734953
-3.185266583421206,-1.3705105535855369,-0.7965630855658565,-0.014663848203595328,0.030593257542849715,Beitrags-Tsunami,8.415697948732534
-5.806893183836208,-0.058045996809949596,-0.4152860313683788,-0.020306441437235305,0.00644920484624914,mut+-+talk beitrags-tsunami,5.490276371447571
-5.907161573858059,-0.007729970283304688,-0.3964344024483993,-0.020569471191187648,0.005184051495820723,2026,5.378402402003857
-5.907161573858059,-0.007729970283304688,-0.3964344024483993,-0.020569471191187648,0.005184051495820723,beitrags-tsunami 2026,5.378402402003857
-6.287610553691728,0.18320006983549542,-0.3207888914867812,-0.021605134441405785,4.272474619832975e-05,2026 droh+en,4.953974536580164
-6.628673055537386,0.35432465069457875,-0.24672305432984476,-0.022585156747306094,-0.005091226441202135,Zusatzbeiträge,4.573599003644827
-6.628673055537386,0.35432465069457875,-0.24672305432984476,-0.022585156747306094,-0.005091226441202135,droh+en zusatz+beitrag+e,4.573599003644827
-7.173165778933542,0.6271488427489682,-0.11350156745120282,-0.024247315794551104,-0.014575873934129006,zusatz+beitrag+e prozent,3.9667354118301743
-7.422444038322489,0.7517209445949913,-0.04504019752796459,-0.025042165741773932,-0.019577134466760605,radikale,3.6891619642675213
-7.422444038322489,0.7517209445949913,-0.04504019752796459,-0.025042165741773932,-0.019577134466760605,forder+t radikal+e,3.6891619642675213
-6.358681544986725,0.21886533334251723,-0.30587580991587965,-0.021805315726280316,-0.0009830407728200867,Reformen,4.874700795021054
-7.502403587473816,0.7916072467476316,-0.021914982444572465,-0.025300275740173118,-0.021286399982181667,radikal+e reform+en,3.600175622731439
-7.609392766050253,0.8449072191921423,0.009992194364017274,-0.025647152937034977,-0.023661525260618252,Ineffizienz,3.481153383112124
-7.609392766050253,0.8449072191921423,0.009992194364017274,-0.025647152937034977,-0.023661525260618252,reform+en ineffizienz,3.481153383112124
-7.6986941451906645,0.8893244789126722,0.03751921373407044,-0.02593736200494387,-0.025726380766656426,staatliche,3.381853007286597
-7.6986941451906645,0.8893244789126722,0.03751921373407044,-0.02593736200494387,-0.025726380766656426,ineffizienz staatlich+e,3.381853007286597
-7.749651678528721,0.9146369435800505,0.05361107883509601,-0.02610295576535506,-0.026940307497730694,Ungerechtigkeit,3.3252101512092787
-7.749651678528721,0.9146369435800505,0.05361107883509601,-0.02610295576535506,-0.026940307497730694,staatlich+e ungerechtigkeit,3.3252101512092787
-7.8232745092914175,0.951160375601896,0.0773767732053846,-0.026341820993971903,-0.028742458593346946,ungerechtigkeit system,3.2434019882565175
-6.6179207075960855,0.3489313165644101,-0.24915845009560939,-0.02255351636529548,-0.004920841105811754,aktuell+en mut+-+talk,4.585588522598669
-6.746982211721796,0.41365783274151324,-0.2194619766857666,-0.022936448876339922,-0.007005786184084747,Tijen,4.441688702806753
-6.746982211721796,0.41365783274151324,-0.2194619766857666,-0.022936448876339922,-0.007005786184084747,mut+-+talk tijen,4.441688702806753
-6.798429572383379,0.4394523906735761,-0.207333848376607,-0.023090991318064025,-0.007861876055368248,Onaran,4.384333968327237
-6.798429572383379,0.4394523906735761,-0.207333848376607,-0.023090991318064025,-0.007861876055368248,tijen onaran,4.384333968327237
-5.563257152938107,-0.1802860754609279,-0.45938675836162207,-0.019684052235457442,0.009383569476942896,findet,5.762129588649215
-6.853311136952784,0.46696339034953205,-0.19420644246181756,-0.0232570185101437,-0.008791510493369244,onaran find+et,4.323155963389999
-6.903471081835425,0.4921020807714529,-0.1820325389224097,-0.023409800111570782,-0.009656421663492107,find+et jens,4.267246357998878
-7.1026231911854065,0.5918475722058472,-0.1319502549355031,-0.024025762814973293,-0.013243059767087284,deutliche,4.0453207310099355
-7.991310343882115,1.0342727231613664,0.1340595542632907,-0.026882512037198623,-0.03308634199583839,baa+s deutlich+e,3.056829899290765
-7.147174774998469,0.6141444138904106,-0.12034394171697518,-0.024165493115169228,-0.014080817758905101,Worte,3.9956880976273963
-7.147174774998469,0.6141444138904106,-0.12034394171697518,-0.024165493115169228,-0.014080817758905101,deutlich+e wort+e,3.9956880976273963
-8.02860825706301,1.0526662207994781,0.14713136638867513,-0.027001076742016673,-0.03409737170530384,wort+e lage,3.015448904013577
-7.261057191162738,0.6711045843088463,-0.08996220325428493,-0.02452558790975601,-0.016285608678241678,deutschen,3.8688436978722605
-8.043830503446165,1.0601666890209227,0.15252015802613866,-0.02704925661696019,-0.03451518908296889,lage deutsch+en,2.99856386470325
-7.294059145120229,0.6876005662229798,-0.08095916241386084,-0.024630668802422494,-0.01694225116010578,Gesundheitssystems,3.832093121176256
-7.294059145120229,0.6876005662229798,-0.08095916241386084,-0.024630668802422494,-0.01694225116010578,deutsch+en gesundheit+s+system+s,3.832093121176256
-0.537002826883354,-2.6890691273889566,-1.051019565917259,-0.010652455807074945,0.04495764407484709,Als,11.36968223474496
-6.389819225079879,0.23449032473198717,-0.2992588605775042,-0.021893689885586935,-0.0014394574948687379,Chef,4.839970901124225
-7.365237384736011,0.7231607022353601,-0.06122470129409699,-0.02485830995177379,-0.01838689835227828,als chef,3.752842703027591
-7.114210976585632,0.5976476136963291,-0.1289461795511938,-0.024062041696331575,-0.013459659415919013,Techniker,4.032410854303285
-7.114210976585632,0.5976476136963291,-0.1289461795511938,-0.024062041696331575,-0.013459659415919013,chef techniker,4.032410854303285
-7.161736819723874,0.6214307531777432,-0.11651689497901596,-0.024211308908619625,-0.01435760374778293,Krankenkasse,3.979466465907403
-7.161736819723874,0.6214307531777432,-0.11651689497901596,-0.024211308908619625,-0.01435760374778293,techniker krank+en+kasse,3.979466465907403
-8.13951699306615,1.1072222173865323,0.18713443048345932,-0.0273487176242024,-0.03721340373486041,trägt,2.892476717217971
-8.13951699306615,1.1072222173865323,0.18713443048345932,-0.0273487176242024,-0.03721340373486041,krank+en+kasse trag+t,2.892476717217971
-8.153514231269392,1.1140913295521133,0.19230828913493253,-0.027391950131807608,-0.03761887235962371,Verantwortung,2.8769659758697754
-8.153514231269392,1.1140913295521133,0.19230828913493253,-0.027391950131807608,-0.03761887235962371,trag+t verantwortung,2.8769659758697754
-8.179123918170577,1.1266490663788038,0.2018498854615442,-0.027470606796914605,-0.03836812358705662,Mill…,2.8485927391068833
-8.179123918170577,1.1266490663788038,0.2018498854615442,-0.027470606796914605,-0.03836812358705662,verantwortung mill…,2.8485927391068833
-8.185535053385003,1.1297906643954585,0.2042539611576878,-0.02749020340608212,-0.038557208489929405,+3112,2.8414909338173113
-8.185535053385003,1.1297906643954585,0.2042539611576878,-0.02749020340608212,-0.038557208489929405,mill… +3112,2.8414909338173113
-8.19088181225899,1.1324100351708537,0.2062636814550802,-0.027506516489434044,-0.03871537126150342,+3112 chars,2.835568530963335
-7.9289665931639615,1.0034811584130643,0.11261723658617753,-0.026682951388015852,-0.031435473601342016,Wunder,3.126025190637847
-7.911049867782307,0.9946219560342746,0.10654676491391823,-0.026625336064787147,-0.030969797568022754,wunder geb+t,3.145916786774626
-7.865654891025189,0.9721567912998392,0.09134439813108355,-0.026478936891942615,-0.029806859199667066,geb+t tk-chef,3.196326416921099
-7.8402371555662365,0.9595667184118759,0.0829415954703366,-0.026396744290736476,-0.029166058173216103,tk-chef warn+t,3.2245585839994124
-7.805393280092175,0.9422951968152213,0.07154722134543727,-0.0262838704403164,-0.02829936850408525,Beitragsschock,3.2632679605479016
-7.805393280092175,0.9422951968152213,0.07154722134543727,-0.0262838704403164,-0.02829936850408525,warn+t beitrag+s+schock,3.2632679605479016
-7.727375805237785,0.9035748575800786,0.04654136327507438,-0.026030581358152546,-0.026406361942109734,attackiert,3.3499694228825634
-7.727375805237785,0.9035748575800786,0.04654136327507438,-0.026030581358152546,-0.026406361942109734,beitrag+s+schock attackier+t,3.3499694228825634
-1.6970478871649863,-2.045399314631735,0.9417826678310521,-0.0493040094132378,0.11732918900693434,Regierung,10.075108663376366
-7.672964202109741,0.876534024737126,0.029501484650301592,-0.025853725065189258,-0.02512343535643942,attackier+t regierung,3.410459412358655
-7.615619201514658,0.848006386657987,0.011884454449658305,-0.025667376108736612,-0.023802997241097072,regierung der,3.4742283929285422
-7.590108728493905,0.8353067225339326,0.004156758093268979,-0.025584538372601,-0.023225682653939553,der politik,3.5026021863658774
-7.53372378775939,0.8072191272820932,-0.012691315802700744,-0.02540167380660005,-0.021970992103840466,versprach,3.565327228517627
-7.53372378775939,0.8072191272820932,-0.012691315802700744,-0.02540167380660005,-0.021970992103840466,politik versprech,3.565327228517627
-7.450723193976275,0.7658321093764375,-0.03692979350158561,-0.025133313307353418,-0.020175447717400243,stabile,3.6576872437363703
-7.450723193976275,0.7658321093764375,-0.03692979350158561,-0.025133313307353418,-0.020175447717400243,versprech stabil+e,3.6576872437363703
-7.371057462620519,0.7260671991919423,-0.05959150591558929,-0.02487698043374514,-0.018506782557416168,Beiträge,3.7463633935889686
-7.371057462620519,0.7260671991919423,-0.05959150591558929,-0.02487698043374514,-0.018506782557416168,stabil+e beitrag+e,3.7463633935889686
-7.865654891025189,0.9721567912998392,0.09134439813108355,-0.026478936891942615,-0.029806859199667066,beitrag+e tk-chef,3.196326416921099
-5.806893183836208,-0.058045996809949596,-0.4152860313683788,-0.020306441437235305,0.00644920484624914,warn+t beitrags-tsunami,5.490276371447571
-6.628673055537386,0.35432465069457875,-0.24672305432984476,-0.022585156747306094,-0.005091226441202135,rechnet,4.573599003644827
-6.628673055537386,0.35432465069457875,-0.24672305432984476,-0.022585156747306094,-0.005091226441202135,mut+-+talk rechn+et,4.573599003644827
-7.1225706232684125,0.6018315831940129,-0.12677259209983788,-0.024088242413520495,-0.013616482964457603,rechn+et regierung,4.023097650501866
-7.736453481155262,0.9080833888695015,0.04941569498855557,-0.026060078306866408,-0.026623329551561714,baa+s chef,3.339879367823563
-7.874686757445332,0.9766285994245116,0.09434897736375404,-0.026508107913940808,-0.030036332714312997,krank+en+kasse deutlich+e,3.1862956012099684
-6.329285257556691,0.20406221425890125,-0.311722155386591,-0.02931519543894359,0.01247176215489085,dramatischen,4.907499418626658
-7.9289665931639615,1.0034811584130643,0.11261723658617753,-0.026682951388015852,-0.031435473601342016,wort+e dramatisch+en,3.126025190637847
-7.959604117300103,1.0186200539095331,0.12309193666792415,-0.026781214575587853,-0.03224076231830166,Finanzlage,3.0920165901951187
-7.959604117300103,1.0186200539095331,0.12309193666792415,-0.026781214575587853,-0.03224076231830166,dramatisch+en finanz+lage,3.0920165901951187
-7.991310343882115,1.0342727231613664,0.1340595542632907,-0.026882512037198623,-0.03308634199583839,finanz+lage deutsch+en,3.056829899290765
-8.065863561617892,1.0710162138572086,0.1603762976571052,-0.02711875533381377,-0.03512538874237595,chef groß,2.974127888585019
-8.07764539111189,1.0768144157265318,0.1646048750848424,-0.0271557954550523,-0.035454360479351375,deuts…,2.9610630496978025
-8.07764539111189,1.0768144157265318,0.1646048750848424,-0.0271557954550523,-0.035454360479351375,groß deuts…,2.9610630496978025
-8.0888950498824,1.0823484468342806,0.16866061718346206,-0.027191077635761035,-0.035770236286945416,+3269,2.948589604796488
-8.0888950498824,1.0823484468342806,0.16866061718346206,-0.027191077635761035,-0.035770236286945416,deuts… +3269,2.948589604796488
-8.097006771116806,1.0863374344467849,0.17159615903466618,-0.02721646483566745,-0.03599908122520709,+3269 chars,2.939596238007607
4.551674373503806,-5.049458338521228,0.3813021701010443,0.08578235329347085,0.04052999702432283,Indonesiens,16.999226075521978
-6.858123580196611,0.46937548126126627,-0.19304581365230708,-0.023271633969088042,-0.008873852614566677,indonesien+s provinz,4.317791670734953
-6.588558507820697,0.33420267310027496,-0.2557740646076942,-0.022467358617718605,-0.004458539684185116,Banda,4.618329986025826
-6.588558507820697,0.33420267310027496,-0.2557740646076942,-0.022467358617718605,-0.004458539684185116,provinz band+a,4.618329986025826
-6.287610553691728,0.18320006983549542,-0.3207888914867812,-0.021605134441405785,4.272474619832975e-05,band+a aceh,4.953974536580164
-5.806893183836208,-0.058045996809949596,-0.4152860313683788,-0.020306441437235305,0.00644920484624914,aceh nach,5.490276371447571
0.7113585639317108,-3.3084841394014393,-1.1447108099452614,-0.009137137654907713,0.04980411396734449,nach tsunami,12.761624849646967
-2.979767176618278,-1.4730794335924142,-0.819837784085705,-0.014303660900118486,0.03197157423368904,tsunami komm,8.644976455828814
-4.539180861610783,-0.6935813692245305,-0.6224381938608136,-0.017307535610486962,0.019918862448552496,Frieden,6.90492736303619
-6.346654977880627,0.21283023588155725,-0.3084178340685909,-0.021771291637839016,-0.0008079095598067625,komm frieden,4.888115077857104
-5.061755124267764,-0.4317741129773971,-0.5433391632515818,-0.018474149724515047,0.014870559079276724,brauchte,6.32176105555092
-6.800271826109178,0.4403759684540316,-0.20689639513284885,-0.02309654501507857,-0.007892804476811247,frieden brauch+te,4.3822802668057355
2.6855825340665547,-4.207087629105967,-0.5939377695266459,0.022846126782985168,0.04430987422916911,Katastrophe,14.938141518118908
-4.17556891831417,-0.8755791519390863,-0.673170682049324,-0.01654725993979689,0.02309276537036131,brauch+te katastrophe,7.310691453538228
0.7113585639317108,-3.3084841394014393,-1.1447108099452614,-0.009137137654907713,0.04980411396734449,katastrophe tsunami,12.761624849646967
-3.6859285090303455,-1.120426736395808,-0.7366604203529551,-0.015583892092092143,0.026991804165215308,Katalysator,7.857067079181015
-3.6859285090303455,-1.120426736395808,-0.7366604203529551,-0.015583892092092143,0.026991804165215308,tsunami katalysator,7.857067079181015
-5.063001622168687,-0.43114929977114747,-0.5431408669052573,-0.018477043438856627,0.014857753634052367,2005,6.320370033296823
-5.063001622168687,-0.43114929977114747,-0.5431408669052573,-0.018477043438856627,0.014857753634052367,katalysator 2005,6.320370033296823
-3.3031023704053313,-1.3116756503712805,-0.7828843608012428,-0.014874839866740729,0.029777659447089874,Krieg,8.284223001251995
-5.462453325092475,-0.23085201443021441,-0.47696692957916964,-0.01943331440850103,0.010543385689116622,2005 krieg,5.87461378710184
1.8360361266713578,-3.7288637910458564,0.4139314300775638,0.00513212506143618,0.024951861886389093,indonesischen,13.98039474036629
-5.858362953316223,-0.032218234461790285,-0.40566230122065405,-0.020440951212855153,0.005804152058792422,krieg indonesisch+en,5.432848612219664
-5.548896827190844,-0.18759800459845044,-0.46145981317098134,0.02886587277181207,0.017725492823090536,indonesisch+en provinz,5.778190397550745
-6.401595341760048,0.24039948566176417,-0.2967429181438421,-0.021927219059198533,-0.0016132064507222987,beenden,4.826836491253488
-6.401595341760048,0.24039948566176417,-0.2967429181438421,-0.021927219059198533,-0.0016132064507222987,aceh beend+en,4.826836491253488
-4.566177132624377,-0.6800632778967461,-0.6185382805834453,-0.017365606753853242,0.01967278253425146,hält,6.8748010626468785
-6.66662371334122,0.37335939617868963,-0.23807181813572625,-0.022697215148062028,-0.005697351361388617,jahr+en halt,4.531283074563293
-6.74505013866894,0.4126890467379074,-0.2199141486763274,-0.022930665990469633,-0.006973920213620269,halt frieden,4.443842712293161
-5.9663571088907865,0.021567623545549974,-0.3844892767944932,0.04345277633325203,0.015224783498848544,damals,5.3125226116566395
-6.871801377228867,0.47623079419220526,-0.1897386233024513,-0.023313223318501133,-0.009108619344691697,frieden damals,4.30254566874875
-7.83355720792208,0.9562566756277577,0.08074608671973935,-0.026375121613637115,-0.02899886023390072,Beteiligten,3.2319789419913034
-7.83355720792208,0.9562566756277577,0.08074608671973935,-0.026375121613637115,-0.02899886023390072,damals beteilig+t+en,3.2319789419913034
-7.173404344660453,0.627268195606578,-0.11343851609517824,-0.024248067845889808,-0.0145804398208388,sehen,3.966469670471665
-7.809047023907526,0.9441069503263098,0.07273536264870133,-0.02629571574877215,-0.028389621457825157,beteilig+t+en seh+en,3.259208490486957
-7.786506551204658,0.9329276077228075,0.06543019815638544,-0.026222610854049443,-0.027835153525502733,darin,3.284253361581154
-7.786506551204658,0.9329276077228075,0.06543019815638544,-0.026222610854049443,-0.027835153525502733,seh+en darin,3.284253361581154
-7.740907488590203,0.9102952203976076,0.05082934387256929,-0.026074549456427572,-0.02673009770120119,darin heute,3.334928814642447
-7.693688224536736,0.8868364983651682,0.03595372904749338,-0.025921090104380755,-0.025608555421178125,Modell,3.387418265419172
-7.693688224536736,0.8868364983651682,0.03595372904749338,-0.025921090104380755,-0.025608555421178125,heute modell,3.387418265419172
-7.583469855411273,0.832000895594712,0.0021565367991922754,-0.025562989681364435,-0.023076439217065432,Von,3.509986751620782
-7.555779004976399,0.8182085615733032,-0.006138721676267583,-0.025473158294212817,-0.022458322217424928,Christiane,3.5407902325442593
-7.555779004976399,0.8182085615733032,-0.006138721676267583,-0.025473158294212817,-0.022458322217424928,von christiane,3.5407902325442593
-7.468632259326361,0.774766068843515,-0.03175514174270888,-0.02519111763136839,-0.02055783864076638,Justus,3.63775615571946
-7.468632259326361,0.774766068843515,-0.03175514174270888,-0.02519111763136839,-0.02055783864076638,christiane justu+s,3.63775615571946
-7.31340287285211,0.6972670902033957,-0.0756393011865148,-0.024692401857021512,-0.017330969856738723,24.12.2025,3.8105538898019047
-7.31340287285211,0.6972670902033957,-0.0756393011865148,-0.024692401857021512,-0.017330969856738723,stand 24.12.2025,3.8105538898019047
-7.156820355355483,0.6189708148761885,-0.11781084954056065,-0.02419583270356509,-0.014263989947838937,05:06,3.98494317572481
-7.156820355355483,0.6189708148761885,-0.11781084954056065,-0.02419583270356509,-0.014263989947838937,24.12.2025 05:06,3.98494317572481
-7.046985923499661,0.5639932134972439,-0.1462325402511208,-0.02385222528423855,-0.012215550433975292,05:06 uhr,4.107310726317056
-6.858123580196611,0.46937548126126627,-0.19304581365230708,-0.023271633969088042,-0.008873852614566677,uhr brauch+te,4.317791670734953
-7.846782499976747,0.9628095476172303,0.08509801108602535,-0.02641792282174414,-0.029330372633930568,+4547,3.217288052631374
-7.846782499976747,0.9628095476172303,0.08509801108602535,-0.02641792282174414,-0.029330372633930568,damals +4547,3.217288052631374
-7.865654891025189,0.9721567912998392,0.09134439813108355,-0.026478936891942615,-0.029806859199667066,+4547 char+s,3.196326416921099
-6.268301221946764,0.20177986250986812,0.3558746338011314,-0.021642110744359667,-0.01251884907614214,Neustart,4.973450219358982
-4.285814452908822,-0.8204135077165358,-0.6581315460482984,-0.016773555104769005,0.022157211067604092,Atomkraft,7.187666998434994
-7.590108728493905,0.8353067225339326,0.004156758093268979,-0.025584538372601,-0.023225682653939553,neustart atom+kraft,3.5026021863658774
-7.51045141157921,0.7956194231329026,-0.01955398460269193,-0.025326316274832176,-0.021461481564873618,atom+kraft japan,3.5912207934839118
-7.459767817348586,0.7703442862191683,-0.034320183373456145,-0.025162498717225867,-0.02036822641922726,nimmt,3.6476212684398117
-7.459767817348586,0.7703442862191683,-0.034320183373456145,-0.025162498717225867,-0.02036822641922726,japan nehm+t,3.6476212684398117
-7.371057462620519,0.7260671991919423,-0.05959150591558929,-0.02487698043374514,-0.018506782557416168,nehm+t 20.,3.7463633935889686
-7.234055598135994,0.6558263464977463,-0.0952959232306067,-0.06604036436625836,0.05574971618787368,Januar,3.899623194314372
-7.325496930469761,0.703309840408129,-0.07229694396403745,-0.02473104966035301,-0.017575464409832472,20. januar,3.7970878226133986
-4.9264597167387025,-0.5038193773291115,-0.5629997898866159,0.1199760581644383,0.04087200608313493,ersten,6.4745638960078145
-7.233928567786253,0.6575406682422615,-0.09729501542473988,-0.024439444530827983,-0.015751901099863,januar erst+en,3.8990564667658174
-6.514486338574824,0.29704265968912,-0.2722404387886181,-0.022251607594897062,-0.003311293627085269,Reaktor,4.700932198015006
-7.1225706232684125,0.6018315831940129,-0.12677259209983788,-0.024088242413520495,-0.013616482964457603,erst+en reaktor,4.023097650501866
-6.959931993794573,0.5203916449279549,-0.16812277197800896,-0.023582936071614456,-0.010647965334237827,reaktor seit,4.204319744289842
-2.7373883068313365,-1.5318098257065356,-0.1687164872767316,-0.015305032030547576,0.017910290804859702,ans,8.89849345766125
-6.452892263927108,0.2661388917999936,-0.28569610556319247,-0.02207395421476221,-0.002377440398653563,fukushima an,4.769624590876932
-4.687184265890701,-0.5709194597582439,0.07838378570188367,-0.018518476248469373,0.004055888291876725,an netz,6.7288396841269025
-5.806893183836208,-0.058045996809949596,-0.4152860313683788,-0.020306441437235305,0.00644920484624914,netz nach,5.490276371447571
-6.346654977880627,0.21283023588155725,-0.3084178340685909,-0.021771291637839016,-0.0008079095598067625,tsunami katastrophe,4.888115077857104
-6.829849693651472,0.4552033750114297,-0.19984260701934695,-0.023185896717516058,-0.008391994631312863,katastrophe fukushima,4.349308397722342
-7.139964472032472,0.6105363381586699,-0.12223274111592253,-0.02414283365253841,-0.013944312600162642,fukushima 2011,4.003720355860528
-7.219386255282597,0.6502684048437422,-0.10120087892367977,-0.02439335813533008,-0.015468026814173419,schaltete,3.9152529947167336
-7.219386255282597,0.6502684048437422,-0.10120087892367977,-0.02439335813533008,-0.015468026814173419,2011 schalt+ete,3.9152529947167336
-7.51045141157921,0.7956194231329026,-0.01955398460269193,-0.025326316274832176,-0.021461481564873618,schalt+ete japan,3.5912207934839118
-7.468632259326361,0.774766068843515,-0.03175514174270888,-0.02519111763136839,-0.02055783864076638,japan kern+kraft+werk+e,3.63775615571946
-7.639585352785024,0.8599323689128231,0.019205288066989627,-0.02574523973062564,-0.02435098037153695,auch deutschland,3.4475753251904564
-7.703633186866569,0.8917789880707079,0.0390664455103759,-0.025953416155211212,-0.025842879356842124,deutschland steig,3.3763622430093796
-7.7665153702855925,0.9230079887450335,0.05900005096053847,-0.026157722480575758,-0.027347974069234934,Atomenergie,3.306468473236556
-7.7665153702855925,0.9230079887450335,0.05900005096053847,-0.026157722480575758,-0.027347974069234934,steig atom+energie,3.306468473236556
-7.865654891025189,0.9721567912998392,0.09134439813108355,-0.026478936891942615,-0.029806859199667066,jetzt japan,3.196326416921099
-7.8947987159515005,0.9865826100811328,0.1010752671118044,-0.026572990835068755,-0.03055070760268333,Anteil,3.163961374088591
-7.8947987159515005,0.9865826100811328,0.1010752671118044,-0.026572990835068755,-0.03055070760268333,japan anteil,3.163961374088591
-7.923956129923875,1.0010040964724047,0.11091554954686578,-0.026666849654633357,-0.03130485913486933,anteil atom+kraft,3.1315876779965404
-7.948198617538489,1.0129858134796657,0.11917848463640954,-0.026744674558362068,-0.031939637562582106,verdoppeln,3.1046761562488108
-7.948198617538489,1.0129858134796657,0.11917848463640954,-0.026744674558362068,-0.031939637562582106,atom+kraft verdoppel+n,3.1046761562488108
-8.004955744415803,1.0410044914125098,0.1388203232388274,-0.026925968807298185,-0.03345415342644074,Energiekonzern,3.0416892735904835
-8.004955744415803,1.0410044914125098,0.1388203232388274,-0.026925968807298185,-0.03345415342644074,japanisch+e energie+konzern,3.0416892735904835
-8.032068001767051,1.0543712760934716,0.14835337516977073,-0.027012038440121146,-0.0341920669552734,energie+konzern tepco,3.011611048379568
-8.050320870111685,1.063363527794558,0.15482742189494958,-0.02706975923588945,-0.034694265389204754,tepco erstmals,2.9913651827653887
-8.064351292584124,1.07027180558317,0.15983493534502557,-0.027113994626883568,-0.03508329910634913,erstmals seit,2.975804937115526
-4.655484426834245,-0.6353380972904707,-0.6054986633992873,-0.017559370173520758,0.018847851500322046,Atomkatastrophe,6.775138917191665
-8.07764539111189,1.0768144157265318,0.1646048750848424,-0.0271557954550523,-0.035454360479351375,seit atom+katastrophe,2.9610630496978025
-8.10485630550011,1.0901963550862994,0.17444572611985407,-0.027240987331595735,-0.03622139637092918,atom+katastrophe fukushima,2.930894186902169
-8.13275558294565,1.103902701194782,0.1846454940661549,-0.0273277759566714,-0.03701855051711254,fukushima reaktor,2.8999699862360364
-8.141727278296687,1.1083071652631067,0.18794950927359,-0.027355555301852,-0.0372772428448127,reaktor an,2.8900272957038218
-6.651770919868872,0.3659099655336435,-0.2414680115764805,-0.022653287756728677,-0.005459245193922033,nehmen,4.547844054723069
-8.15141633170771,1.113062036375151,0.19153099107434768,-0.027385481015205868,-0.03755792035601146,netz nehm+en,2.8792905828132254
-8.163718544588487,1.1190966206871045,0.19609843588398046,-0.027423361769911798,-0.03791626106270903,der erst+e,2.8656596346872645
-8.16962320142524,1.1219919382886252,0.19829867279569127,-0.027441495712427738,-0.03808903954520706,Block,2.859117825057094
-8.16962320142524,1.1219919382886252,0.19829867279569127,-0.027441495712427738,-0.03808903954520706,erst+e block,2.859117825057094
-8.179123918170577,1.1266490663788038,0.2018498854615442,-0.027470606796914605,-0.03836812358705662,weltgrößten,2.8485927391068833
-8.179123918170577,1.1266490663788038,0.2018498854615442,-0.027470606796914605,-0.03836812358705662,block weltgrößt+en,2.8485927391068833
-8.189999939359508,1.1319780482357547,0.20593190676628886,-0.02750382778275634,-0.03868925501527668,Atomkraftwerks,2.8365453255280855
-8.189999939359508,1.1319780482357547,0.20593190676628886,-0.02750382778275634,-0.03868925501527668,weltgrößt+en atom+kraft+werk+s,2.8365453255280855
-8.202856792964806,1.1382743596333367,0.21078062254250385,-0.02754295050701272,-0.0390711646257258,atom+kraft+werk+s kashiwazaki-kariwa,2.822305502589975
-8.218080748202153,1.1457252740176855,0.21655492695673917,-0.027589058791199036,-0.03952663551600603,solle,2.8054464804053927
-8.218080748202153,1.1457252740176855,0.21655492695673917,-0.027589058791199036,-0.03952663551600603,kashiwazaki-kariwa soll+e,2.8054464804053927
-8.22491524387856,1.1490685530925129,0.2191588849680148,-0.02760967861230603,-0.039732267282656296,+1156,2.7978788590639465
-8.22491524387856,1.1490685530925129,0.2191588849680148,-0.02760967861230603,-0.039732267282656296,soll+e +1156,2.7978788590639465
-8.22934637317232,1.151235601561062,0.22085105417460552,-0.027623020322244802,-0.03986597432715553,+1156 chars,2.7929727132696502
-2.1940469957913393,-2.4598556113314953,2.331134590126212,0.008823986547359716,0.21029307950445306,"6,2",9.829459990150237
-3.045612293629942,-1.833938372365051,2.088532634400389,-0.0009193952588115328,0.19123942259974308,"stärke 6,2",8.78666360859177
-7.063539624432789,0.20041036455566763,1.9071275502309024,-0.005840604380739116,-0.010821158814553151,"6,2 erschütter+t",4.281896050454995
-7.83016529097472,0.9545757139637288,0.07963328393988586,-0.026364138945435787,-0.028914151961700697,Westen,3.235746940536592
-7.83016529097472,0.9545757139637288,0.07963328393988586,-0.026364138945435787,-0.028914151961700697,erschütter+t westen,3.235746940536592
-7.79036889669397,0.9348436046762627,0.0666777861268894,-0.026235142244127256,-0.027929771594846622,westen japan,3.279961645398794
0.23332505555110394,-2.953970259559363,0.6322089155512366,-0.01329539179303929,0.015012369419954156,der beb+en,12.203700325323199
0.696159681913862,-3.1899359299926195,0.8545160121730806,0.011844850637654765,0.014649252704614014,ereignete,12.726391958441237
-5.786265933163656,-0.06839653728238915,-0.4191119026285374,-0.02025283423775282,0.006705175016974291,beb+en ereign+ete,5.5132917127062155
-6.489211345634407,0.28436172803399673,-0.2777875505374342,-0.02217851498878664,-0.0029259162662255422,ereign+ete präfektur,4.7291194200074225
-6.360755497440313,0.21990606454754547,-0.3054366758776453,-0.021811189261038942,-0.001013306440571831,Shimane,4.872387549068533
-6.360755497440313,0.21990606454754547,-0.3054366758776453,-0.021811189261038942,-0.001013306440571831,präfektur shimane,4.872387549068533
-6.154911706449223,0.11660461979713999,-0.34795092802962657,-0.021237054715551134,0.0019007096446319906,gleichnamige,5.102001080688203
-6.154911706449223,0.11660461979713999,-0.34795092802962657,-0.021237054715551134,0.0019007096446319906,shimane gleichnamig+e,5.102001080688203
-5.8830813274067335,-0.019814088923035378,-0.40100075311630934,-0.020505930564231355,0.005491096322521153,gleichnamig+e atom+kraft+werk,5.405269365819135
-4.619660529603078,-0.6532797535091359,-0.6107549679141593,-0.01748133843364734,0.019180780220036785,atom+kraft+werk betreff+en,6.815116511872083
-1.3521759715119046,-2.2839067335897316,-0.9819446970036205,-0.011756705356053299,0.04122053538310802,bestehe,10.460571827111352
-4.067211895550881,-0.9297867057696672,-0.6876754936322343,-0.01632829663122012,0.023990781932430573,tsunami-gefahr besteh+e,7.4316070095027635
-2.206532889918032,-1.8586298958074576,-0.9013350778060287,-0.01421690015525233,0.03874893670322206,heißt,9.507606106507232
-5.164751563753,-0.38014180537720543,-0.5267882996440431,-0.018715112298925446,0.013799205837807698,besteh+e heiß+t,6.2068231929423066
-7.5261070672626555,0.8034231299212506,-0.014943161738299317,-0.025377001769517956,-0.021803707342994368,Dien…,3.5738015539758075
-7.5261070672626555,0.8034231299212506,-0.014943161738299317,-0.025377001769517956,-0.021803707342994368,"6,2 dien…",3.5738015539758075
-7.5767206361294175,0.8286397684517919,0.00012762281258453523,-0.025541087177751096,-0.022925133567069426,+339,3.517494281492623
-7.5767206361294175,0.8286397684517919,0.00012762281258453523,-0.025541087177751096,-0.022925133567069426,dien… +339,3.517494281492623
-7.609392766050253,0.8449072191921423,0.009992194364017274,-0.025647152937034977,-0.023661525260618252,+339 char+s,3.481153383112124
-7.6886138857939414,0.8843142738485195,0.03436961137077145,-0.025904595574446534,-0.025489376372064693,GASTKOMMENTAR,3.3930597333748627
-5.877287067149781,-0.022721776918586123,-0.4020958082520936,-0.020490676433211806,0.005564672415528542,Spionage,5.4117342187322945
-7.596640261383277,0.8385587593642949,0.006128991776625245,-0.02560574255611727,-0.023372913275305697,gast+kommentar spionage,3.495337233218
-7.468632259326361,0.774766068843515,-0.03175514174270888,-0.02519111763136839,-0.02055783864076638,zweitälteste,3.63775615571946
-7.468632259326361,0.774766068843515,-0.03175514174270888,-0.02519111763136839,-0.02055783864076638,spionage zweitalt+est+e,3.63775615571946
-7.33729796047837,0.7092054657629812,-0.0690233930476251,-0.024768798056650308,-0.017815128546494752,Gewerbe,3.7839485242774136
-7.33729796047837,0.7092054657629812,-0.0690233930476251,-0.024768798056650308,-0.017815128546494752,zweitalt+est+e gewerbe,3.7839485242774136
-7.173165778933542,0.6271488427489682,-0.11350156745120282,-0.024247315794551104,-0.014575873934129006,Menschheit,3.9667354118301743
-7.173165778933542,0.6271488427489682,-0.11350156745120282,-0.024247315794551104,-0.014575873934129006,gewerbe menschheit,3.9667354118301743
-6.154911706449223,0.11660461979713999,-0.34795092802962657,-0.021237054715551134,0.0019007096446319906,Informations-Tsunami,5.102001080688203
-6.154911706449223,0.11660461979713999,-0.34795092802962657,-0.021237054715551134,0.0019007096446319906,menschheit informations-tsunami,5.102001080688203
-5.694873862585679,-0.11425371903939263,-0.43585439138785553,-0.020017365505524326,0.007822196767071809,überleben,5.615266712236061
-5.694873862585679,-0.11425371903939263,-0.43585439138785553,-0.020017365505524326,0.007822196767071809,informations-tsunami überleb+en,5.615266712236061
-7.596640261383277,0.8385587593642949,0.006128991776625245,-0.02560574255611727,-0.023372913275305697,überleb+en spionage,3.495337233218
-6.1994137673049465,0.13893849316580953,-0.33893859141242066,-0.02135967116033204,0.001285706818748445,lebt,5.052357074456082
-6.1994137673049465,0.13893849316580953,-0.33893859141242066,-0.02135967116033204,0.001285706818748445,spionage leb+t,5.052357074456082
-6.426779958351919,0.253036652963996,-0.2913372533825266,-0.021999121293597684,-0.0019869031243188,Mythos,4.798747506123737
-6.426779958351919,0.253036652963996,-0.2913372533825266,-0.021999121293597684,-0.0019869031243188,leb+t mythos,4.798747506123737
-6.623237657911291,0.3515982945830829,-0.24795502725059626,-0.02256915628206607,-0.005005021672093421,Geheimen,4.579659780337526
-6.623237657911291,0.3515982945830829,-0.24795502725059626,-0.02256915628206607,-0.005005021672093421,mythos geheim+en,4.579659780337526
-6.791240513423412,0.4358482373854511,-0.2090388224631327,-0.023069332046552773,-0.007741365669411769,Verruchten,4.392348222018176
-6.791240513423412,0.4358482373854511,-0.2090388224631327,-0.023069332046552773,-0.007741365669411769,geheim+en verrucht+en,4.392348222018176
-6.346654977880627,0.21283023588155725,-0.3084178340685909,-0.021771291637839016,-0.0008079095598067625,bietet,4.888115077857104
-6.346654977880627,0.21283023588155725,-0.3084178340685909,-0.021771291637839016,-0.0008079095598067625,sie biet+et,4.888115077857104
-6.489211345634407,0.28436172803399673,-0.2777875505374342,-0.02217851498878664,-0.0029259162662255422,unerschöpfliches,4.7291194200074225
-6.489211345634407,0.28436172803399673,-0.2777875505374342,-0.02217851498878664,-0.0029259162662255422,biet+et un+erschöpflich+es,4.7291194200074225
-6.66662371334122,0.37335939617868963,-0.23807181813572625,-0.022697215148062028,-0.005697351361388617,Reservoir,4.531283074563293
-6.66662371334122,0.37335939617868963,-0.23807181813572625,-0.022697215148062028,-0.005697351361388617,un+erschöpflich+es reservoir,4.531283074563293
-5.76753832699268,-0.07779369150890103,-0.42257027048202644,-0.020204311744244995,0.006936328153914394,Film,5.534187641332435
-6.7849615477935625,0.4327002724059743,-0.21052521895062534,-0.02305043169270984,-0.007636347740823009,reservoir film,4.399347992927973
-5.715909282357101,-0.10369929010399392,-0.4320306155461955,-0.020071268167381986,0.007567533170573723,Literatur,5.59179515960349
-6.85117203071742,0.46589121288647606,-0.19472183901147874,-0.023250524942261652,-0.008754952957007595,film literatur,4.325540378220319
-7.3205563604824775,0.7008413919938368,-0.0736638587641215,-0.024715256878534153,-0.017475448862091555,Effizienz,3.8025888131793577
-7.3205563604824775,0.7008413919938368,-0.0736638587641215,-0.024715256878534153,-0.017475448862091555,über effizienz,3.8025888131793577
-7.380195634236335,0.7306303483396719,-0.057021142138016345,-0.02490631150863271,-0.018695560922747295,Wirksamkeit,3.7361904117624682
-7.380195634236335,0.7306303483396719,-0.057021142138016345,-0.02490631150863271,-0.018695560922747295,effizienz wirksamkeit,3.7361904117624682
-7.426753167803229,0.753871494391283,-0.04380909924981112,-0.025056044096016142,-0.019667873795294298,Geheimdiensten,3.6843656898508432
-7.426753167803229,0.753871494391283,-0.04380909924981112,-0.025056044096016142,-0.019667873795294298,wirksamkeit geheimdienst+en,3.6843656898508432
-7.465959361087335,0.7734328203450371,-0.03252935533463949,-0.025182486632325803,-0.020500594301459812,geheimdienst+en geh+en,3.6407307514553824
-7.490075860929704,0.7854605035016216,-0.025519545843886268,-0.025260406736077046,-0.02101930574991516,Meinungen,3.613893266219954
-7.490075860929704,0.7854605035016216,-0.025519545843886268,-0.025260406736077046,-0.02101930574991516,geh+en meinung+en,3.613893266219954
-8.025102705973444,1.0509383932207534,0.14589483147530155,-0.026989963320772664,-0.03400158217931461,auseinander,3.0193376838282915
-8.025102705973444,1.0509383932207534,0.14589483147530155,-0.026989963320772664,-0.03400158217931461,meinung+en auseinander,3.0193376838282915
-8.05350587454806,1.0649320479189361,0.15596177788395554,-0.027079811398473888,-0.034782347913127606,sie folg+en,2.987832733387449
-8.0732918099838,1.0746721654019773,0.16304008696986164,-0.027142118903100414,-0.03533258085458896,Logik,2.9658905665561965
-8.0732918099838,1.0746721654019773,0.16304008696986164,-0.027142118903100414,-0.03533258085458896,folg+en logik,2.9658905665561965
-8.094332714790987,1.0850225821605073,0.1706274165578043,-0.027208100916026226,-0.0359235414063894,Informationsraum…,2.9425608587601877
-8.094332714790987,1.0850225821605073,0.1706274165578043,-0.027208100916026226,-0.0359235414063894,logik informationsraum…,2.9425608587601877
-8.117393580270837,1.096357470236293,0.17901535210978017,-0.02728006142414731,-0.03657826112903859,informationsraum… spionage,2.9169965804653355
-8.282115124652062,1.1770071933506643,0.24124211495418244,-0.027780148666400575,-0.04148205004637608,+7958,2.73456612897218
-8.282115124652062,1.1770071933506643,0.24124211495418244,-0.027780148666400575,-0.04148205004637608,meinung+en +7958,2.73456612897218
-8.285412881067742,1.1786155566232261,0.24253134929210118,-0.027789854030362333,-0.041584531117970815,+7958 chars,2.7309172369319645
-2.7480373931215123,-1.5886860875152728,-0.8452402768491293,-0.01390889299053624,0.033462077794235844,Grippe-Tsunami,8.903509733575088
-3.185266583421206,-1.3705105535855369,-0.7965630855658565,-0.014663848203595328,0.030593257542849715,überrollt,8.415697948732534
-3.185266583421206,-1.3705105535855369,-0.7965630855658565,-0.014663848203595328,0.030593257542849715,grippe-tsunami überroll+t,8.415697948732534
-1.1991011070387732,-2.3600335671397903,-0.995454101887526,-0.01154160394377558,0.0419616659725552,Italien,10.631297664734767
-6.500936667105192,0.2902446048101752,-0.2752186555744107,-0.02221239001511564,-0.003104317456967716,überroll+t italien,4.716042989165095
-7.046985923499661,0.5639932134972439,-0.1462325402511208,-0.02385222528423855,-0.012215550433975292,italien deutschland,4.107310726317056
-7.248072034649396,0.6646126020009306,-0.09347965024639152,-0.024484328071216862,-0.016029471806265468,deutschland nehm+en,3.88330479147377
-3.7361202134163793,-1.0953403586720962,-0.7303871799951765,-0.015679636646625486,0.02661024603616926,Fälle,7.801061368416734
-7.33729796047837,0.7092054657629812,-0.0690233930476251,-0.024768798056650308,-0.017815128546494752,nehm+en fall+e,3.7839485242774136
-7.432068043166991,0.7565238258887022,-0.042288319874836236,-0.025073166966101342,-0.019780003923994448,fall+e der,3.6784500737357497
-7.468632259326361,0.774766068843515,-0.03175514174270888,-0.02519111763136839,-0.02055783864076638,Grippe-Saison,3.63775615571946
-7.468632259326361,0.774766068843515,-0.03175514174270888,-0.02519111763136839,-0.02055783864076638,der grippe+-+saison,3.63775615571946
-7.5767206361294175,0.8286397684517919,0.00012762281258453523,-0.025541087177751096,-0.022925133567069426,startete,3.517494281492623
-7.5767206361294175,0.8286397684517919,0.00012762281258453523,-0.025541087177751096,-0.022925133567069426,grippe+-+saison start+ete,3.517494281492623
-4.393031052767071,-0.7811748151920908,-0.6400331773211745,0.21724355428328557,0.06250512331796648,Winter,7.074273584543241
-7.6886138857939414,0.8843142738485195,0.03436961137077145,-0.025904595574446534,-0.025489376372064693,start+ete winter,3.3930597333748627
-5.137205646859551,-0.39395157342135434,-0.5312479442647929,-0.01865029750544938,0.014088388808479442,ungewöhnlich,6.237562693518488
-7.722749695987057,0.9012769330444055,0.04508006720268341,-0.026015547765609486,-0.026296118826876144,winter un+gewöhnlich,3.3551116456555645
-7.778648607035695,0.9290290097823202,0.06289725945772767,-0.02619711028930729,-0.027643148151704974,un+gewöhnlich früh,3.2929851604302245
-7.80169935462948,0.9404633661493516,0.07034759046656285,-0.026271892891570454,-0.028208271208870622,Besonders,3.2673721650045513
-7.853197742088148,0.9659874188184265,0.0872165290335778,-0.026438671871183147,-0.029491889833931112,besonders stark,3.210162332675736
-7.871704803722679,0.9751523036811673,0.09335589300077136,-0.026498479013290145,-0.029960466267899305,mutierte,3.1896073011661183
-7.871704803722679,0.9751523036811673,0.09335589300077136,-0.026498479013290145,-0.029960466267899305,stark mutier+t+e,3.1896073011661183
-7.89756799743295,0.9879528021480832,0.10200532577614732,-0.026581916179595554,-0.03062190296757932,H3N2-Variante,3.1608863391705233
-7.89756799743295,0.9879528021480832,0.10200532577614732,-0.026581916179595554,-0.03062190296757932,mutier+t+e h3n2-variant+e,3.1608863391705233
-7.936326938686526,1.0071193230585398,0.11512275955130252,-0.026706589207793497,-0.031627893990757154,Subklade,3.1178542864814025
-7.936326938686526,1.0071193230585398,0.11512275955130252,-0.026706589207793497,-0.031627893990757154,h3n2-variant+e subklade,3.1178542864814025
-3.6694637698868746,-1.128621430350544,-0.7386358288041129,-0.011985100885508783,0.029108937759655937,geht,7.875421920097148
-7.9640425927277345,1.0208121244885333,0.12461939381948994,-0.02679542040146724,-0.03235837876367043,subklade geh+t,3.087090382758389
-7.974845191851276,1.026146099964918,0.1283476690671348,-0.02682996157533888,-0.03264566127632999,umher,3.075101404444799
-7.974845191851276,1.026146099964918,0.1283476690671348,-0.02682996157533888,-0.03264566127632999,geh+t umher,3.075101404444799
-8.004955744415803,1.0410044914125098,0.1388203232388274,-0.026925968807298185,-0.03345415342644074,italien meld+et,3.0416892735904835
-8.017950039210163,1.047412350846198,0.14337697058782944,-0.02696726750131337,-0.03380663080976771,800.000,3.027272630292286
-8.017950039210163,1.047412350846198,0.14337697058782944,-0.02696726750131337,-0.03380663080976771,meld+et 800.000,3.027272630292286
-8.032068001767051,1.0543712760934716,0.14835337516977073,-0.027012038440121146,-0.0341920669552734,800.000 fall+e,3.011611048379568
-8.062829941748435,1.0695228872055702,0.15929064244445815,-0.027109203892252326,-0.035040987766281534,fall+e woche,2.9774920792372135
-8.084736213949018,1.0803028570873043,0.1671591912751265,-0.027178044217254657,-0.03565325980432797,woche deutschland,2.953200710724023
-8.100963416387147,1.0882827068592287,0.17303141677526285,-0.02722883118000895,-0.036111034705241025,steigen,2.9352097939947424
-8.100963416387147,1.0882827068592287,0.17303141677526285,-0.02722883118000895,-0.036111034705241025,deutschland steig+en,2.9352097939947424
-8.116169184728887,1.095755901952526,0.17856808427195017,-0.027276250602220588,-0.03654331240570241,Fallzahlen,2.918353755032977
-8.116169184728887,1.095755901952526,0.17856808427195017,-0.027276250602220588,-0.03654331240570241,steig+en fall+zahl+en,2.918353755032977
-2.749991872908682,-1.5054438891891877,0.5185679613442232,-0.015083068283967558,0.005997650451886875,Italiens,8.886018119473958
-7.31793890447118,0.6995335871974824,-0.07438718199754761,-0.02470689266232749,-0.017422538303671103,italien+s gesundheit+s+system,3.8055032082428872
-7.371848949659481,0.7264624467265104,-0.05936917176314363,-0.024879520108774953,-0.01852310680595807,gesundheit+s+system steh+t,3.74548226579045
-5.6769204931160795,-0.12326155467586997,-0.43910403330834186,-0.019971498985596123,0.008038413240258235,gerade,5.6352994097620295
-8.168650018887288,1.1215147921771018,0.19793567904211454,-0.02743850911177966,-0.038060527569537046,steh+t gerade,2.8601959937887473
-8.17537319626625,1.1248107334245743,0.20044630353692716,-0.02745912420710359,-0.03825778627837791,mächtig,2.852747742639266
-8.17537319626625,1.1248107334245743,0.20044630353692716,-0.02745912420710359,-0.03825778627837791,gerade mächtig,2.852747742639266
-5.8515808730812795,-0.035621571719665734,-0.4069367723310286,-0.02042316587195785,0.0058896730893915825,Druck,5.440415694321832
-8.188225166996876,1.131108623164019,0.20526456790655176,-0.027498414459887086,-0.03863673134734295,mächtig druck,2.8385111553441984
-8.194373138616255,1.1341201054214858,0.20757833822333052,-0.027517153584296385,-0.038818879979232994,Daran,2.8317014991960674
-8.199504327706812,1.136632917583407,0.2095138651405338,-0.027532765013165598,-0.03897133980115373,schuld,2.8260183951057445
-8.199504327706812,1.136632917583407,0.2095138651405338,-0.027532765013165598,-0.03897133980115373,daran schuld,2.8260183951057445
-8.21260186912359,1.143044383561904,0.2144727092053596,-0.02757249291049553,-0.039362309921703205,schuld un+gewöhnlich,2.8115134774533264
-6.230204669216888,0.15439110715537963,-0.3326463026554639,-0.021444995043260456,0.000855451979348533,frühe,5.018009405270284
-6.230204669216888,0.15439110715537963,-0.3326463026554639,-0.021444995043260456,0.000855451979348533,un+gewöhnlich früh+e,5.018009405270284
-7.54347161262856,0.812076607425227,-0.009801143307853945,-0.025433260385376737,-0.022185838909163785,heftige,3.5544822403193668
-7.54347161262856,0.812076607425227,-0.009801143307853945,-0.025433260385376737,-0.022185838909163785,früh+e heftig+e,3.5544822403193668
-2.2027561744745476,-1.8604978485686252,-0.9017680191323768,-0.013024480249885083,0.03672543133509605,Grippewelle,9.51181511836506
-7.558353226426851,0.8194909823843906,-0.005370793444637475,-0.02548150569408989,-0.022515488507624908,heftig+e grippe+welle,3.537926495308769
-8.26222860707997,1.167302616352523,0.2335051022463067,-0.02772132770795261,-0.040867797299665894,oberste,2.7565731421758146
-8.26222860707997,1.167302616352523,0.2335051022463067,-0.02772132770795261,-0.040867797299665894,woche ober+st+e,2.7565731421758146
-8.267101639043027,1.1696815304565733,0.23539507574846105,-0.027735787190110286,-0.04101772475777448,Gesundheitsbehörde,2.751180022339031
-8.267101639043027,1.1696815304565733,0.23539507574846105,-0.027735787190110286,-0.04101772475777448,ober+st+e gesundheit+s+behörde,2.751180022339031
-8.279883156438668,1.1759184779494283,0.24037055074688507,-0.02777357191326351,-0.041412790082202965,Rom,2.7370358327532576
-8.279883156438668,1.1759184779494283,0.24037055074688507,-0.02777357191326351,-0.041412790082202965,gesundheit+s+behörde rom,2.7370358327532576
-7.654852653935247,0.8675270922965168,0.023900130019372027,-0.0257948561832982,-0.02470294770545397,Istituto,3.430597956478241
-8.282668898404165,1.177277295570395,0.24145848467900016,-0.027781779424624564,-0.04149924671280369,rom istituto,2.7339533808718097
-8.289718973642628,1.1807152934667633,0.24421746593145413,-0.027802505445571123,-0.041718615133119245,+5085,2.726152862641064
-8.289718973642628,1.1807152934667633,0.24421746593145413,-0.027802505445571123,-0.041718615133119245,istituto +5085,2.726152862641064
-8.292882579704296,1.1822576358863242,0.24545816434836537,-0.027811784517666433,-0.04181731814552115,+5085 chars,2.722652724194843
-5.417235471050201,-0.2535321623502158,-0.4847324562822046,-0.019322100326845792,0.011053888298063043,Krankenhäuser,5.925071953556172
-6.500936667105192,0.2902446048101752,-0.2752186555744107,-0.02221239001511564,-0.003104317456967716,überroll+t krank+en+haus+er,4.716042989165095
-7.026406639948027,0.553687895918588,-0.15145695030085116,-0.02378831548535329,-0.011840626923706035,krank+en+haus+er italien,4.130241745811801
-7.173165778933542,0.6271488427489682,-0.11350156745120282,-0.024247315794551104,-0.014575873934129006,italien ein,3.9667354118301743
-6.583607194237854,0.33171890461428566,-0.2568846511803086,-0.022452865324288068,-0.004381008971630202,ein un+gewöhnlich,4.6238512587237945
-7.459767817348586,0.7703442862191683,-0.034320183373456145,-0.025162498717225867,-0.02036822641922726,früh+e grippe+welle,3.6476212684398117
-6.915049382327966,0.4979039809677184,-0.17919812310655558,-0.023445205201940694,-0.009858183846430744,setzt,4.254341601113958
-7.555779004976399,0.8182085615733032,-0.006138721676267583,-0.025473158294212817,-0.022458322217424928,grippe+welle setz+t,3.5407902325442593
-2.1220259595895126,-1.9007450760258506,-0.9096649526711443,-0.015241374502984165,0.041220431779953166,Europa,9.601879985902725
-7.596640261383277,0.8385587593642949,0.006128991776625245,-0.02560574255611727,-0.023372913275305697,setz+t europa,3.495337233218
-7.672964202109741,0.876534024737126,0.029501484650301592,-0.025853725065189258,-0.02512343535643942,europa druck,3.410459412358655
-7.026406639948027,0.553687895918588,-0.15145695030085116,-0.02378831548535329,-0.011840626923706035,druck italien,4.130241745811801
-7.762374916233517,0.920952964641454,0.05767395516527567,-0.026144278145698096,-0.027247604090460044,spitzt,3.3110698538647028
-7.762374916233517,0.920952964641454,0.05767395516527567,-0.026144278145698096,-0.027247604090460044,italien spitz+t,3.3110698538647028
-7.8232745092914175,0.951160375601896,0.0773767732053846,-0.026341820993971903,-0.028742458593346946,spitz+t lage,3.2434019882565175
-7.853197742088148,0.9659874188184265,0.0872165290335778,-0.026438671871183147,-0.029491889833931112,Hunderttausende,3.210162332675736
-7.853197742088148,0.9659874188184265,0.0872165290335778,-0.026438671871183147,-0.029491889833931112,lage hundert+tausend+e,3.210162332675736
-7.913675824663753,0.9959206722870926,0.10743396439263544,-0.026633786862244595,-0.03103780963071035,hundert+tausend+e krank,3.143001226813038
-8.021550320328068,1.0491872798663058,0.14464346950920542,-0.026978694751548397,-0.0339046761679916,steh+t winter,3.023278532277153
-8.043830503446165,1.0601666890209227,0.15252015802613866,-0.02704925661696019,-0.03451518908296889,enormem,2.99856386470325
-8.043830503446165,1.0601666890209227,0.15252015802613866,-0.02704925661696019,-0.03451518908296889,winter enorm+em,2.99856386470325
-8.056651860901693,1.0664811848251798,0.15708360988294556,-0.027089734470011385,-0.034869484203149594,enorm+em druck,2.984343652892696
-8.13951699306615,1.1072222173865323,0.18713443048345932,-0.0273487176242024,-0.03721340373486041,grippe+welle land,2.892476717217971
-8.14500310804575,1.1099149743864578,0.18915884555913676,-0.02736568188016114,-0.03737198710491101,erfasst,2.8863971426194945
-8.14500310804575,1.1099149743864578,0.18915884555913676,-0.02736568188016114,-0.03737198710491101,land erfass+t,2.8863971426194945
-7.292585281464836,0.6868725040115784,-0.08130083679735282,-0.02597604854905944,-0.014602785637891406,nach angabe+n,3.833728411716162
-8.17155671263026,1.1229398708659433,0.19902028739904457,-0.027447426908696664,-0.038145728340341405,angabe+n istituto,2.8569757596917222
-8.18005154530157,1.1271036772093115,0.20219734632344277,-0.02747344463659791,-0.03839544439513185,Superiore,2.847565149865
-8.18005154530157,1.1271036772093115,0.20219734632344277,-0.02747344463659791,-0.03839544439513185,istituto superior+e,2.847565149865
-8.191760043595949,1.1328402219147133,0.20659420389345742,-0.027509193339472722,-0.038741391272967905,Sanità,2.8345957788796086
-8.191760043595949,1.1328402219147133,0.20659420389345742,-0.027509193339472722,-0.038741391272967905,superior+e sanità,2.8345957788796086
-8.198657766838416,1.1362183841943396,0.20919425767952088,-0.02753019119508341,-0.038946159065770126,ISS,2.8269559915531492
-8.198657766838416,1.1362183841943396,0.20919425767952088,-0.02753019119508341,-0.038946159065770126,sanità iss,2.8269559915531492
-8.21020827614015,1.141872958553995,0.21356449765714736,-0.027565245773537927,-0.03929066435381042,+3276,2.8141641182010995
-8.21020827614015,1.141872958553995,0.21356449765714736,-0.027565245773537927,-0.03929066435381042,iss +3276,2.8141641182010995
-8.214967927126352,1.1442022093101345,0.2153713450575627,-0.027579650785421593,-0.0394332175292284,+3276 chars,2.8088933960355877
-7.301003299036282,0.6910709361145071,-0.07905306928236257,-0.024652818445206642,-0.017081467301074793,H3N2-Virus,3.8243606612778316
-7.1225706232684125,0.6018315831940129,-0.12677259209983788,-0.024088242413520495,-0.013616482964457603,h3n2-viru+s grippe+welle,4.023097650501866
-6.769284978765696,0.4248405053664419,-0.21422518717211164,-0.023003312840896475,-0.007375109006643822,grippe+welle italien,4.416824485431718
-4.55152956603216,-0.6873979853583165,-0.6206566645466748,-0.017334070035228723,0.019806486825839346,Kommt,6.891146918193087
-6.401595341760048,0.24039948566176417,-0.2967429181438421,-0.021927219059198533,-0.0016132064507222987,italien komm+t,4.826836491253488
-5.424569517816419,-0.2498536909897533,-0.483477917586544,-0.019340085952404548,0.010971490800693486,Virus-Tsunami,5.916887930592879
-5.424569517816419,-0.2498536909897533,-0.483477917586544,-0.019340085952404548,0.010971490800693486,komm+t virus-tsunami,5.916887930592879
-6.91112725884391,0.4959386353430484,-0.18015930795807203,-0.023433206017348558,-0.009789747430214518,Notaufnahmen,4.258713027574234
-6.91112725884391,0.4959386353430484,-0.18015930795807203,-0.023433206017348558,-0.009789747430214518,italien+s not+aufnahme+n,4.258713027574234
-7.173165778933542,0.6271488427489682,-0.11350156745120282,-0.024247315794551104,-0.014575873934129006,kollabieren,3.9667354118301743
-7.173165778933542,0.6271488427489682,-0.11350156745120282,-0.024247315794551104,-0.014575873934129006,not+aufnahme+n kollabier+en,3.9667354118301743
-7.459767817348586,0.7703442862191683,-0.034320183373456145,-0.025162498717225867,-0.02036822641922726,kollabier+en grippe+welle,3.6476212684398117
-7.672964202109741,0.876534024737126,0.029501484650301592,-0.025853725065189258,-0.02512343535643942,Nord,3.410459412358655
-7.672964202109741,0.876534024737126,0.029501484650301592,-0.025853725065189258,-0.02512343535643942,krank+en+haus+er norden,3.410459412358655
-7.718063716360222,0.8989490547378374,0.04360226100689196,-0.026000318705742702,-0.026184672722773035,Süd,3.3603205487166017
-7.718063716360222,0.8989490547378374,0.04360226100689196,-0.026000318705742702,-0.026184672722773035,norden süd,3.3603205487166017
-7.758184827617599,0.9188731225503577,0.05633393386043846,-0.0261306710913032,-0.027146215331152544,überlastet,3.3157265046350455
-7.758184827617599,0.9188731225503577,0.05633393386043846,-0.0261306710913032,-0.027146215331152544,süd überlastet,3.3157265046350455
-7.805393280092175,0.9422951968152213,0.07154722134543727,-0.0262838704403164,-0.02829936850408525,Dr.,3.2632679605479016
-7.819774373888252,0.9494253619822868,0.07623273061261415,-0.02633048158218728,-0.02865544941107312,Christoph,3.2472904533925346
-7.819774373888252,0.9494253619822868,0.07623273061261415,-0.02633048158218728,-0.02865544941107312,dr. christoph,3.2472904533925346
-7.853197742088148,0.9659874188184265,0.0872165290335778,-0.026438671871183147,-0.029491889833931112,Specht,3.210162332675736
-7.853197742088148,0.9659874188184265,0.0872165290335778,-0.026438671871183147,-0.029491889833931112,christoph specht,3.210162332675736
-7.874686757445332,0.9766285994245116,0.09434897736375404,-0.026508107913940808,-0.030036332714312997,ordnet,3.1862956012099684
-7.874686757445332,0.9766285994245116,0.09434897736375404,-0.026508107913940808,-0.030036332714312997,specht ordn+et,3.1862956012099684
-7.905728581774126,0.9919899321454877,0.104751564401853,-0.026608204727379185,-0.030832227429856224,ordn+et lage,3.1518250932441934
-6.588558507820697,0.33420267310027496,-0.2557740646076942,-0.022467358617718605,-0.004458539684185116,morgenstern,4.618329986025826
-5.694873862585679,-0.11425371903939263,-0.43585439138785553,-0.020017365505524326,0.007822196767071809,Grippe-,5.615266712236061
-5.694873862585679,-0.11425371903939263,-0.43585439138785553,-0.020017365505524326,0.007822196767071809,morgen+stern grippe+-,5.615266712236061
-3.6859285090303455,-1.120426736395808,-0.7366604203529551,-0.015583892092092143,0.026991804165215308,grippe+- tsunami,7.857067079181015
-5.806893183836208,-0.058045996809949596,-0.4152860313683788,-0.020306441437235305,0.00644920484624914,tsunami bring+t,5.490276371447571
-6.346654977880627,0.21283023588155725,-0.3084178340685909,-0.021771291637839016,-0.0008079095598067625,bring+t italien+s,4.888115077857104
-6.736771828164844,0.4085380423693008,-0.2218488894197427,-0.022905905366770694,-0.00683761482806336,italien+s klinik+en,4.453072019736365
-6.982930104582561,0.5319124615330808,-0.16239279031312526,-0.023653805343905272,-0.011057448646297097,klinik+en an,4.178689966103032
-7.06685285521663,0.5739405799148198,-0.141159264520281,-0.023914066857579557,-0.012580107361561357,Limit,4.085174457566788
-7.06685285521663,0.5739405799148198,-0.141159264520281,-0.023914066857579557,-0.012580107361561357,an limit,4.085174457566788
-7.468632259326361,0.774766068843515,-0.03175514174270888,-0.02519111763136839,-0.02055783864076638,lage der,3.63775615571946
-6.897737215405048,0.4892287183790147,-0.18343280682967014,-0.02339228579062179,-0.009556800437616565,der grippe+welle,4.273637221544074
-1.5424173716882663,-2.1892664460334905,-0.9647831402689576,-0.012029346402100466,0.040272115225967825,rollt,10.248386449550978
-6.9926729677872,0.5367926833290877,-0.15995398206727496,-0.023683887763420806,-0.011231916031340175,grippe+welle roll+t,4.167832591266904
-7.072030928980544,0.5765330350580407,-0.1398321429176222,-0.02393020811412554,-0.012675550064878374,roll+t europa,4.07940507224485
-5.260563161631339,-0.33210275320887783,-0.5110832142206798,-0.01894268905099641,0.012777859066446273,aktuelle,6.0999041923224055
-7.045462036371642,0.5632301530864523,-0.14662047507122186,-0.02384748756213187,-0.01218769354810844,europa aktuell+e,4.10900872290526
-7.168810951183412,0.6249701125057792,-0.1146517280542155,-0.02423359092890947,-0.014492597545860644,Zahlen,3.9715863381649648
-7.168810951183412,0.6249701125057792,-0.1146517280542155,-0.02423359092890947,-0.014492597545860644,aktuell+e zahl+en,3.9715863381649648
-7.219938118594762,0.6505443949185594,-0.10105297081781836,-0.02439510588163223,-0.015478771467337678,zahl+en deutschland,3.91463834392566
-6.9298902362036285,0.5053402858490812,-0.17555149133862424,-0.023490662187236454,-0.010117977419086571,Außerdem,4.23780092995114
-6.988543518834515,0.5347242649260844,-0.16098848562704818,-0.02367113322204343,-0.01115789646112892,Schranken,4.172434392107864
-6.988543518834515,0.5347242649260844,-0.16098848562704818,-0.02367113322204343,-0.01115789646112892,außerdem schrank+en,4.172434392107864
-7.061950623547084,0.5714861491583252,-0.14241384182717917,-0.023898794199763023,-0.012489911587751874,Musks,4.090636563628308
-7.061950623547084,0.5714861491583252,-0.14241384182717917,-0.023898794199763023,-0.012489911587751874,schrank+en musk+s,4.090636563628308
-7.09074643286354,0.5859024161849324,-0.13501862612162835,-0.023988627177516264,-0.013021995816623846,Porno-Bot,4.058552920637098
-7.09074643286354,0.5859024161849324,-0.13501862612162835,-0.023988627177516264,-0.013021995816623846,musk+s porno-bot,4.058552920637098
-7.4226773700118915,0.7518373958886833,-0.04497357925102416,-0.02504291713007636,-0.019582043900240285,Interessiert,3.6889022526352306
-7.4226773700118915,0.7518373958886833,-0.04497357925102416,-0.02504291713007636,-0.019582043900240285,und interessier+t,3.6889022526352306
-7.480848430393439,0.7808589353845725,-0.02820812684462776,-0.025230580984882692,-0.020820245863259236,jemand,3.6241615005743446
-7.480848430393439,0.7808589353845725,-0.02820812684462776,-0.025230580984882692,-0.020820245863259236,interessier+t jemand,3.6241615005743446
-8.030343792195987,1.0535215635115316,0.14774416807979712,-0.027006576346518384,-0.03414485475152145,Innenpolitik,3.013523680817217
-8.030343792195987,1.0535215635115316,0.14774416807979712,-0.027006576346518384,-0.03414485475152145,jemand innenpolitik,3.013523680817217
-8.059759625433685,1.0680113359035563,0.15819315460886793,-0.02709953110737872,-0.034955691795985705,der lage,2.980897055143764
-4.998409790832178,-0.46352434101920537,-0.5533528052493564,-0.018327812745662975,0.015516249182743583,Morgen,6.392451049599327
-8.07182361463894,1.0739496414381868,0.16251297795530553,-0.027137503876663287,-0.035291570083784314,lage morgen,2.9675186330396897
-8.267101639043027,1.1696815304565733,0.23539507574846105,-0.027735787190110286,-0.04101772475777448,+4899,2.751180022339031
-8.267101639043027,1.1696815304565733,0.23539507574846105,-0.027735787190110286,-0.04101772475777448,jemand +4899,2.751180022339031
-8.270675364783457,1.171425787072285,0.2367835571236721,-0.02774637260270431,-0.04112791945199574,+4899 char+s,2.7472250766282635
-5.003055460470296,-0.46532771600863043,-0.5510939685535512,0.11862461784060974,0.03893540148119452,Eisige,6.3890422847323105
-5.117284287645781,-0.40393844608105844,-0.534457981496305,-0.018603592272763023,0.014296311001281647,Sturzflut,6.259793716071398
-5.117284287645781,-0.40393844608105844,-0.534457981496305,-0.018603592272763023,0.014296311001281647,eisig+e sturz+flut,6.259793716071398
-3.031738722474625,-1.4471437000834033,-0.8140195570590041,-0.014393838239805567,0.031628146525503206,China,8.58699192918655
-6.079806513480736,0.07891200642093255,-0.36294604043748185,-0.021031993283599795,0.0029207295916223557,sturz+flut china,5.185787607001388
-5.063001622168687,-0.43114929977114747,-0.5431408669052573,-0.018477043438856627,0.014857753634052367,Eis-Tsunami,6.320370033296823
-5.063001622168687,-0.43114929977114747,-0.5431408669052573,-0.018477043438856627,0.014857753634052367,china eis-tsunami,6.320370033296823
-5.694873862585679,-0.11425371903939263,-0.43585439138785553,-0.020017365505524326,0.007822196767071809,eis-tsunami roll+t,5.615266712236061
-1.083351255658009,-2.417584024073189,-1.0054978764812168,-0.01138141029182087,0.04250950462728745,Touristen,10.760391081322181
-6.452892263927108,0.2661388917999936,-0.28569610556319247,-0.02207395421476221,-0.002377440398653563,roll+t tourist+en,4.769624590876932
-6.079806513480736,0.07891200642093255,-0.36294604043748185,-0.021031993283599795,0.0029207295916223557,tourist+en china,5.185787607001388
-6.335904617923848,0.20743550233944452,-0.3106837024099646,-0.0217409296362972,-0.0006519020827940696,Frostiger,4.900106017107976
-6.335904617923848,0.20743550233944452,-0.3106837024099646,-0.0217409296362972,-0.0006519020827940696,china frostig+er,4.900106017107976
-6.512839440017111,0.29621639659396237,-0.2726029799976925,-0.022246836768802063,-0.003286089667605567,Schreckmoment,4.702768831170789
-6.512839440017111,0.29621639659396237,-0.2726029799976925,-0.022246836768802063,-0.003286089667605567,frostig+er schreck+moment,4.702768831170789
-6.739211672616951,0.4097614683264119,-0.221279117908702,-0.022913200102711664,-0.006877749041280995,schreck+moment zahlreich+e,4.4503518785866785
-5.804252908759268,-0.059370869738638365,-0.4157767224306062,-0.020299570208637267,0.006482049447833243,zahlreich+e tourist+en,5.493222310059876
-6.588558507820697,0.33420267310027496,-0.2557740646076942,-0.022467358617718605,-0.004458539684185116,Winterwanderung,4.618329986025826
-6.588558507820697,0.33420267310027496,-0.2557740646076942,-0.022467358617718605,-0.004458539684185116,bei winter+wanderung,4.618329986025826
-6.761304661945314,0.4208392473959346,-0.21610264193434064,-0.022979364613495323,-0.007242644985262378,Fluss,4.42572123579497
-6.761304661945314,0.4208392473959346,-0.21610264193434064,-0.022979364613495323,-0.007242644985262378,winter+wanderung fluss,4.42572123579497
-6.80779408617486,0.44414704061940036,-0.2051079004828804,-0.02311923588062325,-0.008019289126201992,rast,4.3738946902824924
-6.80779408617486,0.44414704061940036,-0.2051079004828804,-0.02311923588062325,-0.008019289126201992,fluss ras+t,4.3738946902824924
-5.9648489633072135,0.021219809527136313,-0.38539267735283395,-0.020722653885788277,0.004440035698814373,plötzlich,5.314040334013938
-6.8441435073509265,0.46236826192229286,-0.19641314402397936,-0.023229201547348366,-0.008635021112555034,ras+t plötzlich,4.3333749810629
-6.942086242391731,0.5114509359725112,-0.17254328561151622,-0.02352808114672313,-0.010332470790777544,eisige,4.2242083884427215
-6.942086242391731,0.5114509359725112,-0.17254328561151622,-0.02352808114672313,-0.010332470790777544,plötzlich eisig+e,4.2242083884427215
-4.687591831015436,-0.6192566240979751,-0.6007580012503434,-0.01762965947964883,0.018547124672146646,heran,6.7393086883247735
-7.036788002414891,0.5588866442312748,-0.14882535352363993,-0.02382053612788408,-0.01202941772943271,sturz+flut heran,4.118673904586442
-2.7694807130725554,-1.578020744986341,-0.8428069697062215,-0.016457869308293294,0.03765651449912524,Video,8.879595589520399
-4.70249114513518,-0.611816530774687,-0.5984081972361563,-0.020660490008426634,0.023561551081427448,mehr video,6.722686838384783
-4.7270377018881256,-0.5995165589251243,-0.5947728676837017,-0.020327730682473184,0.022663889498806718,anzeigen,6.695292828298133
-4.7270377018881256,-0.5995165589251243,-0.5947728676837017,-0.020327730682473184,0.022663889498806718,video anzeige+n,6.695292828298133
-7.976957075185336,1.0271886787083764,0.1290783126930032,-0.026836708554156347,-0.032701994333956604,anzeige+n china,3.0727577017890546
-3.4913478569127054,-1.2176862050269905,-0.7603654078968982,-0.01819009677589498,0.033550352365187816,Quelle,8.07419211589661
-8.176316967173873,1.1252733291557022,0.20079927842229991,-0.027462014734136043,-0.03828553012121711,Newsflare16.01.2026,2.8517022298199137
-8.176316967173873,1.1252733291557022,0.20079927842229991,-0.027462014734136043,-0.03828553012121711,quelle newsflare16.01.2026,2.8517022298199137
-8.1960974489792,1.1349645861456674,0.20822831285724255,-0.027522402646850797,-0.03887006899492065,14:26,2.829791686245099
-8.1960974489792,1.1349645861456674,0.20822831285724255,-0.027522402646850797,-0.03887006899492065,newsflare16.01.2026 14:26,2.829791686245099
-8.201187270590454,1.1374569543624968,0.21014956365771942,-0.027537879564612188,-0.039021430727394106,14:26 uhr,2.824154500640805
-6.4894625862085356,0.2844877826586747,-0.277732587071435,-0.022179240229414726,-0.00292973205006292,Chinas,4.7288392272243
-6.416849179744693,0.24805362072329817,-0.2934729003406361,-0.021970736945556655,-0.001839201713310007,Geburtenrate,4.809823450428069
-6.416849179744693,0.24805362072329817,-0.2934729003406361,-0.021970736945556655,-0.001839201713310007,china+s geburt+en+rate,4.809823450428069
-6.982930104582561,0.5319124615330808,-0.16239279031312526,-0.023653805343905272,-0.011057448646297097,sinkt,4.178689966103032
-6.982930104582561,0.5319124615330808,-0.16239279031312526,-0.023653805343905272,-0.011057448646297097,geburt+en+rate sink+t,4.178689966103032
-6.829849693651472,0.4552033750114297,-0.19984260701934695,-0.023185896717516058,-0.008391994631312863,drastisch,4.349308397722342
-6.829849693651472,0.4552033750114297,-0.19984260701934695,-0.023185896717516058,-0.008391994631312863,sink+t drastisch,4.349308397722342
-6.346654977880627,0.21283023588155725,-0.3084178340685909,-0.021771291637839016,-0.0008079095598067625,Demographischer,4.888115077857104
-6.346654977880627,0.21283023588155725,-0.3084178340685909,-0.021771291637839016,-0.0008079095598067625,drastisch demographisch+er,4.888115077857104
-3.6859285090303455,-1.120426736395808,-0.7366604203529551,-0.015583892092092143,0.026991804165215308,demographisch+er tsunami,7.857067079181015
-5.694873862585679,-0.11425371903939263,-0.43585439138785553,-0.020017365505524326,0.007822196767071809,tsunami roll+t,5.615266712236061
-6.223914832039437,0.15123452519600722,-0.33393547045087657,-0.02142753310139086,0.0009436609889512081,roll+t heran,5.025025739791974
-6.54606281974208,0.31288438061751744,-0.2652595192385234,-0.022343300050484013,-0.0037970712719703065,heran der,4.665718540214932
-6.702600792635051,0.39140247924379823,-0.22978957738485917,-0.02280399475125825,-0.00627889144583179,Volksrepublik,4.491169753044911
-6.702600792635051,0.39140247924379823,-0.22978957738485917,-0.02280399475125825,-0.00627889144583179,der volksrepublik,4.491169753044911
-7.06685285521663,0.5739405799148198,-0.141159264520281,-0.023914066857579557,-0.012580107361561357,volksrepublik zähl+t,4.085174457566788
-7.27523377213244,0.6781913508304298,-0.0861059921430302,-0.024570689379377435,-0.016566678809760843,bevölkerungsreichsten,3.8530563855137245
-7.27523377213244,0.6781913508304298,-0.0861059921430302,-0.024570689379377435,-0.016566678809760843,zähl+t bevölkerungsreich+st+en,3.8530563855137245
-7.502403587473816,0.7916072467476316,-0.021914982444572465,-0.025300275740173118,-0.021286399982181667,bevölkerungsreich+st+en land+ern,3.600175622731439
-7.590108728493905,0.8353067225339326,0.004156758093268979,-0.025584538372601,-0.023225682653939553,land+ern welt,3.5026021863658774
-7.678253543840595,0.8791638750357476,0.031143898875501452,-0.02587091833246008,-0.025246845347028347,Trend,3.4045784456938892
-7.678253543840595,0.8791638750357476,0.031143898875501452,-0.02587091833246008,-0.025246845347028347,doch trend,3.4045784456938892
-7.70850684038872,0.8942007741480817,0.04059579341333196,-0.025969257286024176,-0.025958077371685408,weist,3.3709443104826553
-7.70850684038872,0.8942007741480817,0.04059579341333196,-0.025969257286024176,-0.025958077371685408,trend weis+t,3.3709443104826553
-7.758184827617599,0.9188731225503577,0.05633393386043846,-0.0261306710913032,-0.027146215331152544,unten,3.3157265046350455
-7.758184827617599,0.9188731225503577,0.05633393386043846,-0.0261306710913032,-0.027146215331152544,weis+t unten,3.3157265046350455
-7.786506551204658,0.9329276077228075,0.06543019815638544,-0.026222610854049443,-0.027835153525502733,Hinzu,3.284253361581154
-7.809047023907526,0.9441069503263098,0.07273536264870133,-0.02629571574877215,-0.028389621457825157,hinzu komm+t,3.259208490486957
-7.8435263668204325,0.9611963912044619,0.08402461395629156,-0.026407388141891322,-0.029248570361426078,komm+t weit+er+es,3.2209049090651956
-7.871704803722679,0.9751523036811673,0.09335589300077136,-0.026498479013290145,-0.029960466267899305,Phänomen,3.1896073011661183
-7.871704803722679,0.9751523036811673,0.09335589300077136,-0.026498479013290145,-0.029960466267899305,weit+er+es phänomen,3.1896073011661183
-7.9662362327572565,1.0218954117896237,0.12537525401141084,-0.02680243844676214,-0.03241659870133153,geburt+en+rate vergeh+en+en,3.084655750227621
-7.991310343882115,1.0342727231613664,0.1340595542632907,-0.026882512037198623,-0.03308634199583839,vergeh+en+en jahr,3.056829899290765
-8.016131597025886,1.046515785220006,0.14273794538195825,-0.02696149323607839,-0.033757173546790795,Rekordtief,3.0292900272737855
-8.016131597025886,1.046515785220006,0.14273794538195825,-0.02696149323607839,-0.033757173546790795,jahr rekord+tief,3.0292900272737855
-8.035482936800944,1.0560540568426386,0.14956115009299506,-0.02702285173594692,-0.034285689510374286,gesunken,3.0078230075120462
-8.035482936800944,1.0560540568426386,0.14956115009299506,-0.02702285173594692,-0.034285689510374286,rekord+tief ge+sink+en,3.0078230075120462
-8.056651860901693,1.0664811848251798,0.15708360988294556,-0.027089734470011385,-0.034869484203149594,1.000,2.984343652892696
-8.065863561617892,1.0710162138572086,0.1603762976571052,-0.02711875533381377,-0.03512538874237595,Einwohner,2.974127888585019
-8.065863561617892,1.0710162138572086,0.1603762976571052,-0.02711875533381377,-0.03512538874237595,1.000 einwohner,2.974127888585019
-8.080506094461843,1.078221890324588,0.16563453134950498,-0.027164775455465823,-0.035534521311884976,kamen,2.9578910281837443
-8.080506094461843,1.078221890324588,0.16563453134950498,-0.027164775455465823,-0.035534521311884976,einwohner komm+en,2.9578910281837443
-8.100963416387147,1.0882827068592287,0.17303141677526285,-0.02722883118000895,-0.036111034705241025,"5,63",2.9352097939947424
-8.100963416387147,1.0882827068592287,0.17303141677526285,-0.02722883118000895,-0.036111034705241025,"komm+en 5,63",2.9352097939947424
-5.2593083928457,-0.33273193396851,-0.511290860902724,-0.018939687057790724,0.012791392935474728,Kinder,6.1013044182023135
-8.107416990101338,1.0914549728778118,0.17537721911889453,-0.02724897748365005,-0.03629410571860677,"5,63 kind+er",2.928055529009538
-8.121029117236102,1.0981435113203308,0.18034467808759408,-0.027291369984900844,-0.036682157151894025,kind+er welt,2.912966881294767
-8.137285186205608,1.10612660896401,0.18631214233445037,-0.02734180930085843,-0.037149014187343156,Statistikamt,2.894950042079315
-8.137285186205608,1.10612660896401,0.18631214233445037,-0.02734180930085843,-0.037149014187343156,welt statistik+amt,2.894950042079315
-8.154555885277347,1.1146023640955167,0.19269447726073663,-0.027395160786545147,-0.03764916014832335,Peking,2.875811774498391
-8.154555885277347,1.1146023640955167,0.19269447726073663,-0.027395160786545147,-0.03764916014832335,statistik+amt peking,2.875811774498391
-7.268653280985201,0.6749019273882859,-0.08789805862624485,-0.024549746971039444,-0.016436024842967863,mitteilte,3.8603844644930376
-8.161714740320827,1.1181139050375615,0.19535294781530974,-0.027417200741592058,-0.03785774328059601,peking mit+teil+te,2.8678797514680183
-8.172517104405145,1.1234106887160031,0.1993789282909206,-0.027450371714945083,-0.03817390666868,Damit,2.855911792895128
-8.178192298765435,1.1261924810349397,0.2015010600235219,-0.02746775593108485,-0.038340698070124725,erreichte,2.8496247606945655
-8.178192298765435,1.1261924810349397,0.2015010600235219,-0.02746775593108485,-0.038340698070124725,damit erreich+te,2.8496247606945655
-8.19088181225899,1.1324100351708537,0.2062636814550802,-0.027506516489434044,-0.03871537126150342,Geburten…,2.835568530963335
-8.19088181225899,1.1324100351708537,0.2062636814550802,-0.027506516489434044,-0.03871537126150342,erreich+te geburten…,2.835568530963335
-8.200347488005733,1.137045770521512,0.20983229800479666,-0.027535327777632807,-0.03899643016889654,+1509,2.825084573269299
-8.200347488005733,1.137045770521512,0.20983229800479666,-0.027535327777632807,-0.03899643016889654,geburten… +1509,2.825084573269299
-8.20533630281369,1.1394882270571884,0.21171863767173132,-0.02755047645155884,-0.03914510558424759,+1509 char+s,2.819559503112526
-6.7180618089666835,0.3819483400644188,-0.22319477096864007,0.23685562474786684,0.03932698210388642,Russischer,4.481387603293669
-6.63812828162725,0.3360520509434801,-0.2410166389572313,0.2729008506968213,0.04627782189242746,russisch+er winter,4.573040756637803
-6.407325105451363,0.21814996683843013,-0.29165794044462595,0.2847840634963262,0.051602283016472045,Schnee-Apokalypse,4.831351061588293
-7.280692731046735,0.6593562420702905,-0.08156996340836113,0.26470804774662815,0.03293979405681848,winter schnee+-+apokalypse,3.8563257859634463
-5.984481284677195,-0.03794943395075201,-0.37370975444521687,0.46597715190266675,0.09137829349847534,Russland,5.322178283827947
-5.984481284677195,-0.03794943395075201,-0.37370975444521687,0.46597715190266675,0.09137829349847534,schnee+-+apokalypse russland,5.322178283827947
-5.095147543528344,-0.6266294138806772,-0.5171497765176614,0.804166101525351,0.17024426114008853,russland tot+e,6.376775543382903
-5.842939034199098,-0.11522809539933565,-0.39999310177139796,0.48606970824789936,0.09709544122507285,tot+e kamtschatka,5.482826340654398
-7.902659536252495,0.9770117908058733,0.1058022705765149,0.21123092321447984,0.00928500663200785,kamtschatka hier,3.161052750157045
-8.067911504528857,1.0677815843890397,0.1624102056059361,0.12218784612991045,-0.01046300905812067,thema russisch+er,2.973676252897932
-7.843429606179621,0.9561442984182849,0.08541990865861822,0.13160926618297558,-0.0029225153879704063,sie schnee+-+apokalypse,3.223162324062025
-6.674768692146481,0.3713227456616248,-0.23445637712211437,0.14371922948235877,0.022422727836309442,Temperaturen,4.524838806430495
-6.674768692146481,0.3713227456616248,-0.23445637712211437,0.14371922948235877,0.022422727836309442,eisig+e temperatur+en,4.524838806430495
-5.785586604327342,-0.0750688885582309,-0.41737247403484384,0.14576204534084225,0.0351243515260311,Schneemassen,5.516779569117993
-6.6455487861264455,0.3613889465340443,-0.24196014227606216,0.07250703752910276,0.010626155236345977,temperatur+en schnee+masse+n,4.555373096665448
-6.564119637283103,0.32200468377476277,-0.26086105309014634,0.019162877246076772,0.002857276505707315,teils,4.645546673703926
-6.564119637283103,0.32200468377476277,-0.26086105309014634,0.019162877246076772,0.002857276505707315,schnee+masse+n teils,4.645546673703926
-6.524009859160917,0.3019813132398226,-0.269918421518358,0.0025265366687005886,0.0006733049665998553,tödlichen,4.690236174202476
-6.524009859160917,0.3019813132398226,-0.269918421518358,0.0025265366687005886,0.0006733049665998553,teils tödlich+en,4.690236174202476
-0.5086904392280527,-2.7040886449818937,-1.0525559450442628,0.05948782177401175,0.05718072713611346,Folgen,11.401657633751052
-6.437668618051312,0.2585267848895043,-0.2889719576601182,-0.020016972559452263,-0.0018149365752525952,tödlich+en folge+n,4.786591338676778
-6.346654977880627,0.21283023588155725,-0.3084178340685909,-0.021771291637839016,-0.0008079095598067625,prägen,4.888115077857104
-6.346654977880627,0.21283023588155725,-0.3084178340685909,-0.021771291637839016,-0.0008079095598067625,folge+n präg+en,4.888115077857104
-3.832869140511299,-1.0469762423355906,-0.7181485929747323,-0.015866083072115626,0.02586350109568299,derzeit,7.693104216705168
-6.240308593961941,0.1594617886004963,-0.3305712829732926,-0.021473080492611717,0.0007134095290189622,präg+en derzeit,5.006738513631531
-5.0208351793291985,-0.45228462434613004,-0.5498219688848368,-0.018379458176154686,0.015288793128962553,weite,6.367425492215415
-6.09920460470543,0.08864720941991289,-0.35909858623816765,-0.021084731279905372,0.0026593994825899053,derzeit weit+e,5.164146922510981
-3.6600281671805925,-1.133370921896728,-0.739877633358759,-0.015534743982634049,0.027187166038403442,Teile,7.885967439888374
-4.913056088289094,-0.5062995961251158,-0.5666519470094449,-0.018132836799967834,0.016370860011742323,weit+e teil+e,6.4877015016455255
-5.832977271510611,-0.044957014898145964,-0.4104227532520957,-0.020374475268451875,0.006123442705109401,Russlands,5.46117271072665
-5.832977271510611,-0.044957014898145964,-0.4104227532520957,-0.020374475268451875,0.006123442705109401,teil+e russland+s,5.46117271072665
-5.1149847265964095,-0.4050912268195148,-0.5348277056875472,-0.01859821010942811,0.014320246551896886,der oft,6.26235988836111
-4.619660529603078,-0.6532797535091359,-0.6107549679141593,-0.01748133843364734,0.019180780220036785,oft stark+en,6.815116511872083
-3.823722512779683,-1.0515490243560461,-0.719313986470666,-0.015848348842403093,0.025934741942615816,stark+en erdbeben,7.703310535092339
0.7113585639317108,-3.3084841394014393,-1.1447108099452614,-0.009137137654907713,0.04980411396734449,erdbeben tsunami-gefahr,12.761624849646967
-4.067211895550881,-0.9297867057696672,-0.6876754936322343,-0.01632829663122012,0.023990781932430573,tsunami-gefahr erschütter+te,7.4316070095027635
-4.395180964729795,-0.7656358471725437,-0.6426250694259618,0.015363498824222534,0.02668575542750559,fernöstliche,7.065598120592387
-5.063001622168687,-0.43114929977114747,-0.5431408669052573,-0.018477043438856627,0.014857753634052367,erschütter+te fernöstlich+e,6.320370033296823
-4.892439213954305,-0.5166805116578725,-0.5694381251506508,0.024091491001542304,0.023705749976264713,fernöstlich+e halbinsel,6.510721474798822
-5.8830813274067335,-0.019814088923035378,-0.40100075311630934,-0.020505930564231355,0.005491096322521153,Kamatsch…,5.405269365819135
-5.8830813274067335,-0.019814088923035378,-0.40100075311630934,-0.020505930564231355,0.005491096322521153,halbinsel kamatsch…,5.405269365819135
-7.402566860067086,0.7417994505215084,-0.050697110518665364,-0.024978199017235723,-0.01916055405867885,+5940,3.7112872057158883
-7.402566860067086,0.7417994505215084,-0.050697110518665364,-0.024978199017235723,-0.01916055405867885,kamatsch… +5940,3.7112872057158883
-7.459767817348586,0.7703442862191683,-0.034320183373456145,-0.025162498717225867,-0.02036822641922726,+5940 char+s,3.6476212684398117
-7.957799369636968,1.0023043581645388,0.12463341815668508,0.22568463480936898,0.010349076595577692,kamtschatka der,3.1006925766752818
-6.4470613460435775,0.25955831281074593,-0.2855733529365224,0.1123341606372804,0.020468470884721646,harte,4.77769501760676
-7.975184748385473,1.013851443791403,0.13044284692224134,0.2036368641992284,0.006041055960301744,der hart+e,3.0801106331439394
-7.994525734648445,1.0265671625329653,0.13693644564405205,0.17687297161783588,0.000890670858429591,hart+e russisch+e,3.0572715257704504
-8.078422363998486,1.0701274681684207,0.16645906864795612,0.15539620713882205,-0.004489131159608847,russisch+e winter,2.963245533791933
-8.034430581893616,1.0528672410789337,0.15030328246101624,0.09874196205063301,-0.013492080674985467,Ruf,3.0101283076168497
-8.034430581893616,1.0528672410789337,0.15030328246101624,0.09874196205063301,-0.013492080674985467,winter ruf,3.0101283076168497
-8.036274342523768,1.0541973800586053,0.15089455107796862,0.09143685876542192,-0.014769656974993418,gerecht,3.007900819263118
-8.036274342523768,1.0541973800586053,0.15089455107796862,0.09143685876542192,-0.014769656974993418,ruf ge+rech+t,3.007900819263118
-8.038825619149335,1.0564672150514067,0.15162288005702262,0.07075560320178995,-0.018299130465054346,der haupt+stadt,3.0046335875275116
-8.03770839363358,1.056477430253209,0.15109974895527353,0.055983445376834355,-0.020727016549184588,Moskau,3.005631408361862
-8.03770839363358,1.056477430253209,0.15109974895527353,0.055983445376834355,-0.020727016549184588,haupt+stadt moskau,3.005631408361862
-7.449291594428584,0.7649139564522986,-0.03676308877917192,0.037630878116809784,-0.009760889435940043,besonders,3.659356639083805
-8.025293712635074,1.0504470961931673,0.14668918431029498,0.05325693101311886,-0.020842355369903517,moskau besonders,3.0193650505471306
-7.994499736856501,1.034831151542149,0.1360026047344424,0.06530493014215577,-0.018010083925795277,besonders fernöstlich+e,3.0537150786560705
-7.885907157547369,0.9781565749584058,0.09940340944363674,0.1189391080542785,-0.006152801633254101,kämpfen,3.1755609863209937
-7.885907157547369,0.9781565749584058,0.09940340944363674,0.1189391080542785,-0.006152801633254101,kamtschatka kämpf+en,3.1755609863209937
-7.8262831398856285,0.9455306643647137,0.08000402037814819,0.1555162708636016,0.0015966610870398745,kämpf+en schnee+masse+n,3.24312767546728
-0.8066954588819844,-2.6813695554721177,-1.011306918186772,0.6266360174516111,0.1634864985966901,geb+t tot+e,11.12401784051394
-5.787955145223345,-0.0706518988810525,-0.41749177708339047,0.1037083125466413,0.027767771854947523,schwere,5.512735642298602
-7.675614243455246,0.8662243941796111,0.032402026063585464,0.19654384976092512,0.012339390927085683,tot+e schwer+e,3.412538240503235
-7.705322905690521,0.8864906667685759,0.041173267172270225,0.14463885558405906,0.0026664078914343282,schwer+e folge+n,3.377121455407094
-7.402566860067086,0.7417994505215084,-0.050697110518665364,-0.024978199017235723,-0.01916055405867885,+5887,3.7112872057158883
-7.402566860067086,0.7417994505215084,-0.050697110518665364,-0.024978199017235723,-0.01916055405867885,kamatsch… +5887,3.7112872057158883
-7.459767817348586,0.7703442862191683,-0.034320183373456145,-0.025162498717225867,-0.02036822641922726,+5887 char+s,3.6476212684398117
-7.583525803173999,0.8271160722583861,0.6832604706429012,-0.02428589458959951,-0.03319504970182504,Überwachungssystems,3.52233611870503
-7.583525803173999,0.8271160722583861,0.6832604706429012,-0.02428589458959951,-0.03319504970182504,alarm überwachung+s+system+s,3.52233611870503
-7.460502770891831,0.7700717361692773,0.6470601413075531,-0.024068255353777983,-0.030853117818922818,überwachung+s+system+s japan,3.657352803206428
-7.419129867313838,0.7507917902485517,0.6351995954820758,-0.023992266838211228,-0.030088807678092612,unterbricht,3.7028058025326867
-7.419129867313838,0.7507917902485517,0.6351995954820758,-0.023992266838211228,-0.030088807678092612,japan unter+brech+t,3.7028058025326867
-7.321965261598198,0.7053402085149068,0.6079360212134718,-0.02380919236518849,-0.028337493637649744,unter+brech+t neustart,3.809636838428239
-7.1861873334557025,0.6414581572094262,0.5711585605514092,-0.023544444366963416,-0.02598737952298133,neustart groß,3.959103392601826
-7.078965047564162,0.5907419635354041,0.54313924280195,-0.023329713430804543,-0.024206444027768656,groß akw,4.077268564705161
-6.840252770751906,0.4771053333128814,0.4837427513192711,-0.02283972156409716,-0.020458534824495403,welt ein,4.340705536091459
-4.683687947995952,-0.5666750585380216,0.4094027313709427,-0.018251997024442645,-0.0013615732534134374,ein meter,6.735125489846609
-3.794055693755367,-0.9987058786501062,0.28650144630601787,-0.01693118944103371,0.005124969369261635,Mauer,7.722129227693599
-3.794055693755367,-0.9987058786501062,0.28650144630601787,-0.01693118944103371,0.005124969369261635,hoch+e mauer,7.722129227693599
0.9987608145641023,-3.347603752600356,-0.1591968975142208,-0.01131585421945158,0.026753954447110442,mauer tsunami+s,13.052147067837804
-2.908144504447038,-1.4311339951352693,0.18076989019671338,-0.015705425699810302,0.010562588232760425,schützen,8.70622016692337
-2.908144504447038,-1.4311339951352693,0.18076989019671338,-0.015705425699810302,0.010562588232760425,tsunami+s schütz+en,8.70622016692337
-4.1877237592260865,-0.807178282707965,0.3385544442442697,-0.01750525218402883,0.0023973907277860633,schütz+en der,7.285184914176627
-7.17396318736874,0.6356875230945287,0.5679197274299014,-0.023520186272841904,-0.025781094532198054,kashiwazaki-kariwa erst+e,3.972569459790332
-7.243105881084634,0.6682867693277028,0.5863942994076093,-0.02365653323283546,-0.02695923750170469,Kraftwerk,3.8964223521579786
-7.243105881084634,0.6682867693277028,0.5863942994076093,-0.02365653323283546,-0.02695923750170469,erst+e kraft+werk,3.8964223521579786
-7.37324942586018,0.7293590867496649,0.6222242877516935,-0.02390657799260635,-0.029254349459385216,Fukushima-Betreibers,3.7532363634723396
-7.37324942586018,0.7293590867496649,0.6222242877516935,-0.02390657799260635,-0.029254349459385216,kraft+werk fukushima-betreiber+s,3.7532363634723396
-7.51560142164727,0.7956749282178175,0.6630974866123435,-0.02416737045305025,-0.031888933525008926,fukushima-betreiber+s tepco,3.596856013730773
-7.573838526778774,0.822640560297585,0.6803577754029062,-0.024269257385864162,-0.033006755540243175,tepco seit,3.5329598804710836
-7.615550514408785,0.8418903793758956,0.6929217245811159,-0.024340220741296936,-0.03382240261790125,seit katastrophe,3.4872257211977056
-7.690226793008672,0.8762102332649409,0.715849087615497,-0.024462559054611088,-0.03531513520018438,katastrophe an,3.405417558244945
-7.7205930258531525,0.890110619096464,0.7253363050372058,-0.02451040757288123,-0.035934448544711096,netz geh+en,3.3721779026641636
-7.771185642791617,0.9131943399585463,0.7413600979959468,-0.024587434206587325,-0.03698263468367235,wenigen,3.316834177572007
-7.771185642791617,0.9131943399585463,0.7413600979959468,-0.024587434206587325,-0.03698263468367235,nach wenig+en,3.316834177572007
-7.792435084468126,0.922860498957524,0.7481729428676728,-0.024618715336524922,-0.03742912225509525,wenig+en stunde+n,3.2936032479849677
-7.81229536940728,0.931878535474193,0.7545854533112369,-0.024647344777210208,-0.037849827020920386,stunde+n komm+t,3.2718987743738537
-7.833159091971437,0.9413349255281938,0.7613694305529818,-0.024676764207882868,-0.038295382366981164,komm+t offenbar,3.2491059527468162
-7.814687761875158,0.93296378342355,0.7553608750615621,-0.024650752854977868,-0.037900729870730836,Zwischenfall,3.2692847432392482
-7.814687761875158,0.93296378342355,0.7553608750615621,-0.024650752854977868,-0.037900729870730836,offenbar zwischenfall,3.2692847432392482
-5.670416057906014,-0.08950750802589935,0.24047599905590966,0.04549260927041558,0.005637337371610235,Laut,5.6366579810859765
-7.7483752251223486,0.9027986452271073,0.7341015205217345,-0.024553137842508805,-0.03650748065502608,Umfrage,3.3417809725825407
-7.7483752251223486,0.9027986452271073,0.7341015205217345,-0.024553137842508805,-0.03650748065502608,laut umfrage,3.3417809725825407
-7.723800511010016,0.8915769233229704,0.7263440678269228,-0.02451539298744662,-0.03600029016569141,lehnen,3.368667843780588
-7.723800511010016,0.8915769233229704,0.7263440678269228,-0.02451539298744662,-0.03600029016569141,umfrage lehn+en,3.368667843780588
-7.700660728657061,0.8809901791502692,0.719098047063297,-0.024479130622743542,-0.03552711553050922,lehn+en rund,3.3939945119797312
-7.672085007741959,0.8678900797110052,0.7102268856673428,-0.024433429856635058,-0.03494857559320175,rund prozent,3.42528353053633
-7.624203183149737,0.8458765498669492,0.695549466145637,-0.02435471542557437,-0.033993205160151425,prozent mensch+en,3.477742074623473
-7.5688986800523885,0.8203572356534625,0.6788811038977516,-0.02426073820268956,-0.032910999781697786,Niigata,3.538377812997807
-7.5688986800523885,0.8203572356534625,0.6788811038977516,-0.02426073820268956,-0.032910999781697786,mensch+en niigata,3.538377812997807
-7.503999710190473,0.7902910028872452,0.6596972783265331,-0.0241467099869557,-0.031669096248002904,niigata wiederinbetriebnahme,3.609590895178884
-6.998753145647685,0.5526626490360782,0.5227361552046155,-0.023166587761378313,-0.022914803329377627,Kyodo,4.1657359258489555
-6.998753145647685,0.5526626490360782,0.5227361552046155,-0.023166587761378313,-0.022914803329377627,alliance kyodo,4.1657359258489555
-6.840252770751906,0.4771053333128814,0.4837427513192711,-0.02283972156409716,-0.020458534824495403,kyodo ein,4.340705536091459
-6.656033412880986,0.3888342704739718,0.44048144984916826,-0.02245513971095346,-0.017752410620903866,Kashiwaza…,4.544295836794164
-6.656033412880986,0.3888342704739718,0.44048144984916826,-0.02245513971095346,-0.017752410620903866,akw kashiwaza…,4.544295836794164
-6.944319545822539,0.5267587028542062,0.5091510240459884,-0.023054918562276976,-0.022057219570146093,+2686,4.225803109319783
-6.944319545822539,0.5267587028542062,0.5091510240459884,-0.023054918562276976,-0.022057219570146093,kashiwaza… +2686,4.225803109319783
-7.04829898965623,0.5761971484778476,0.5352838340019004,-0.023267569698654268,-0.02370862872669109,+2686 char+s,4.111084102515639
-8.710713247187568,1.3724245090423235,0.4297201329280581,-0.13228720171045721,0.12167441523759595,Moretti,2.266354150847903
-8.705660708950553,1.3691480983785538,0.42745019340735046,-0.13595069407416868,0.1282869192827846,Showeinlagen,2.272285714079705
-8.705660708950553,1.3691480983785538,0.42745019340735046,-0.13595069407416868,0.1282869192827846,moretti show+einlage+n,2.272285714079705
-8.698518187126016,1.3644624708383897,0.42424782415701934,-0.1410871474346749,0.137569959828488,Unglücksbar,2.2806945754632437
-8.698518187126016,1.3644624708383897,0.42424782415701934,-0.1410871474346749,0.137569959828488,show+einlage+n unglück+s+bar,2.2806945754632437
-8.48338106228984,1.2002825400517996,0.33191270962655595,-0.2753233046567792,0.3853912772192551,Crans-Montana,2.544130804996071
-8.690633744082097,1.3592184076973386,0.42072185745957696,-0.14670006666788657,0.1477300698137087,unglück+s+bar crans-montana,2.2900084313974878
-8.677638819074685,1.350416155131889,0.4149316581157088,-0.1558224945800783,0.1642787036461146,angeordnet,2.305429262639007
-8.677638819074685,1.350416155131889,0.4149316581157088,-0.1558224945800783,0.1642787036461146,crans-montana an+ge+ordn+et,2.305429262639007
-8.660353343569684,1.3384137508151956,0.4072718032092567,-0.16771414202348617,0.18591828425745816,an+ge+ordn+et mensch+en,2.3260709259809174
-8.632572219009214,1.3184661642746331,0.3950655506838566,-0.18626500434255702,0.21983070767973983,Feuer,2.3595355517118204
-8.632572219009214,1.3184661642746331,0.3950655506838566,-0.18626500434255702,0.21983070767973983,mensch+en feuer,2.3595355517118204
-8.60345024024541,1.2967585484934667,0.3824143377986301,-0.20500007920579044,0.2542753078680002,Bar,2.394966722455219
-8.60345024024541,1.2967585484934667,0.3824143377986301,-0.20500007920579044,0.2542753078680002,feuer bar,2.394966722455219
-8.690633744082097,1.3592184076973386,0.42072185745957696,-0.14670006666788657,0.1477300698137087,bar crans-montana,2.2900084313974878
-8.525866821895352,1.23553875765532,0.3494691369382405,-0.25163275441618765,0.34089089623738167,crans-montana um,2.490854765577973
-8.148829802097456,0.8986324963702781,0.20576320553317431,-0.4268178443180979,0.6784699410235444,Evakuierungspläne,2.97438921917349
-8.51340197269451,1.2253075758374217,0.34428218089961343,-0.25871138382594167,0.35415162306255255,fehlten,2.5064354315659325
-8.51340197269451,1.2253075758374217,0.34428218089961343,-0.25871138382594167,0.35415162306255255,evakuierung+s+plan+e fehl+ten,2.5064354315659325
-8.574898447245882,1.274761399864016,0.3701594450051507,-0.22269687212359318,0.2869953157227839,Feuerlöscher,2.4300194789171212
-8.574898447245882,1.274761399864016,0.3701594450051507,-0.22269687212359318,0.2869953157227839,fehl+ten feuer+löscher,2.4300194789171212
-8.629324886247412,1.3160845219843922,0.3936474191925437,-0.18838950798008572,0.22372667270197938,markiert,2.363469244697999
-8.629324886247412,1.3160845219843922,0.3936474191925437,-0.18838950798008572,0.22372667270197938,feuer+löscher markier+t,2.363469244697999
-8.644157411041483,1.326879335783015,0.4001397690983566,-0.17861146308084558,0.20581635098190906,Trotzdem,2.34553853172571
-8.655056992139702,1.3346717094604459,0.40493464581497646,-0.17130346884756414,0.19246503288918332,wiesen,2.332423998593849
-8.655056992139702,1.3346717094604459,0.40493464581497646,-0.17130346884756414,0.19246503288918332,trotzdem weis+en,2.332423998593849
-8.666127715764617,1.3424595431494812,0.4098252088701256,-0.16377201762651802,0.17873616973257653,Barbetreiber,2.3191594209430395
-8.666127715764617,1.3424595431494812,0.4098252088701256,-0.16377201762651802,0.17873616973257653,weis+en bar+betreiber,2.3191594209430395
-8.680517624490829,1.3523828775689783,0.4162120703688405,-0.15381523947845405,0.16063359143239003,bar+betreiber immer,2.3020056781675855
-8.577800439061498,1.2770273589062864,0.37139817890195465,-0.22092754035410947,0.2837157943714267,Schuld,2.4264434044952186
-8.687687722939833,1.3572400377079137,0.4194068537829252,-0.14878211923388296,0.15150311546453132,immer schuld,2.2934968755591427
-8.69994664694079,1.3654045600289977,0.4248876599678356,-0.14006384186294732,0.13571944378308406,Wichtige,2.279010660627888
-8.69994664694079,1.3654045600289977,0.4248876599678356,-0.14006384186294732,0.13571944378308406,all+es wichtig+e,2.279010660627888
-8.705246406432408,1.3688780234978026,0.4272642296667482,-0.13624998852363537,0.1288274487465792,Newsticker,2.272772716675304
-8.705246406432408,1.3688780234978026,0.4272642296667482,-0.13624998852363537,0.1288274487465792,wichtig+e newsticker,2.272772716675304
-8.70997382545924,1.3719470174476431,0.4293876984345292,-0.1328249054379377,0.12264451559270195,Morettis,2.2672213358802393
-8.713203002347509,1.374027217963831,0.43084008692791065,-0.1304727045111683,0.11840189806351376,weisen,2.263436429944024
-8.713203002347509,1.374027217963831,0.43084008692791065,-0.1304727045111683,0.11840189806351376,moretti+s weis+en,2.263436429944024
-8.71555110787175,1.3755315157054087,0.4318971554411607,-0.12875582684506104,0.11530702306388085,weis+en schuld,2.260687883440257
-8.720740659247138,1.378830998041321,0.43423622046239224,-0.12494191701226162,0.10843748428740257,Kellner,2.2546243760669418
-8.720740659247138,1.378830998041321,0.43423622046239224,-0.12494191701226162,0.10843748428740257,schuld kellner,2.2546243760669418
-8.724808193975655,1.3813925708407455,0.4360722611455051,-0.12193376998644664,0.10302458544372065,Idee,2.249882621907543
-8.724808193975655,1.3813925708407455,0.4360722611455051,-0.12193376998644664,0.10302458544372065,kellner idee,2.249882621907543
-8.727053839099899,1.3827974328156478,0.4370869240372653,-0.12026586655841756,0.10002535110352359,tödliche,2.247268857422073
-8.727053839099899,1.3827974328156478,0.4370869240372653,-0.12026586655841756,0.10002535110352359,idee tödlich+e,2.247268857422073
-8.729170598975436,1.3841155141024064,0.43804399936370586,-0.11868902028603762,0.09719117308512545,Champagner-Pyro,2.244807807675211
-8.729170598975436,1.3841155141024064,0.43804399936370586,-0.11868902028603762,0.09719117308512545,tödlich+e champagner-pyro,2.244807807675211
-8.73285843357938,1.3863975003974258,0.43971291020869724,-0.11593095403197475,0.09223697315309407,Donnerstag,2.2405264668729465
-8.73285843357938,1.3863975003974258,0.43971291020869724,-0.11593095403197475,0.09223697315309407,champagner-pyro donnerstag,2.2405264668729465
-8.735246775922171,1.3878655379490807,0.4407947410942143,-0.11413735047404104,0.08901728730887909,22.,2.237758074962529
-8.735246775922171,1.3878655379490807,0.4407947410942143,-0.11413735047404104,0.08901728730887909,donnerstag 22.,2.237758074962529
-8.736007455365623,1.3883314670889826,0.44113946430748785,-0.11356486661411735,0.08798997127478694,22. januar,2.23687706947765
-8.737479524852365,1.3892308785182041,0.4418067969768854,-0.11245530624351202,0.08599935321920402,12.09,2.2351731354358018
-8.737479524852365,1.3892308785182041,0.4418067969768854,-0.11245530624351202,0.08599935321920402,januar 12.09,2.2351731354358018
-8.738542746042308,1.3898786330053903,0.442288968862181,-0.11165252536425686,0.08455950706341367,12.09 uhr,2.2339432625507367
-8.73940350498965,1.3904018947555832,0.44267943541738064,-0.11100175932762682,0.08339255129734961,uhr jahr+e,2.2329480891247226
-1.570338581031633,-2.17568512630628,-0.9616411990705889,-0.02414561422997496,0.06097972970409352,verheerenden,10.217360116024004
-8.741699953589594,1.3917928867746099,0.4437216602545418,-0.10926181299667033,0.08027353071053366,jahr+e verheerend+en,2.230295242817383
-8.74369516775722,1.3929954359377428,0.44462774202194566,-0.10774566699385843,0.07755694568434966,verheerend+en brand,2.227993007079392
-8.745571796018083,1.3941214025841453,0.4454804503214934,-0.10631585700406394,0.07499612095491923,Silvesternacht,2.22582984812306
-8.745571796018083,1.3941214025841453,0.4454804503214934,-0.10631585700406394,0.07499612095491923,brand silvester+nacht,2.22582984812306
-8.747995359622282,1.3955681501818118,0.44658235917252975,-0.10446389985587189,0.07168075513933615,silvester+nacht crans-montana,2.223039484417038
-8.749754709098022,1.3966131516014375,0.4473827512369655,-0.1031156489329283,0.0692682093918222,crans-montana werd+en,2.2210161636592467
-8.750596822300796,1.3971117726657503,0.4477660004692196,-0.1024691588228369,0.06811171133575275,be…,2.2200483893526837
-8.750596822300796,1.3971117726657503,0.4477660004692196,-0.1024691588228369,0.06811171133575275,werd+en be…,2.2200483893526837
-8.751183894056798,1.3974587788814852,0.44803323315844606,-0.10201802301541736,0.06730480457618268,+122702,2.2193739787809497
-8.751183894056798,1.3974587788814852,0.44803323315844606,-0.10201802301541736,0.06730480457618268,be… +122702,2.2193739787809497
-8.752099281261199,1.3979988547417102,0.4484500017503591,-0.1013138691899597,0.06604555109923974,+122702 chars,2.218322844168072
-6.937093991379365,0.5089496780134262,-0.17377590330501028,-0.023512757407419923,-0.010244561778507445,Spitzenamt,4.229772251490036
-6.937093991379365,0.5089496780134262,-0.17377590330501028,-0.023512757407419923,-0.010244561778507445,neu+es spitze+n+amt,4.229772251490036
-7.518351057765447,0.7995572901419703,-0.01723038792747433,-0.025351887011058113,-0.021633893464869422,2029,3.582431125760644
-7.518351057765447,0.7995572901419703,-0.01723038792747433,-0.025351887011058113,-0.021633893464869422,spitze+n+amt 2029,3.582431125760644
-6.240308593961941,0.1594617886004963,-0.3305712829732926,-0.021473080492611717,0.0007134095290189622,EVP-Chef,5.006738513631531
-7.468632259326361,0.774766068843515,-0.03175514174270888,-0.02519111763136839,-0.02055783864076638,2029 evp-chef,3.63775615571946
-5.4877345644559306,-0.21817092333326515,-0.47259303143171083,-0.019495832666786797,0.010255357914221237,Weber,5.846402904888128
-6.079806513480736,0.07891200642093255,-0.36294604043748185,-0.021031993283599795,0.0029207295916223557,evp-chef weber,5.185787607001388
-6.687492111494342,0.3838254551561626,-0.23327741180983452,-0.022759087512183588,-0.006033840844865988,wirbt,4.5080152159958855
-6.687492111494342,0.3838254551561626,-0.23327741180983452,-0.022759087512183588,-0.006033840844865988,weber werb+t,4.5080152159958855
-6.5631837396661945,0.32147344427864555,-0.2614505519162054,-0.022393190736766704,-0.004062494613347945,Wahl,4.646626063378196
-6.5631837396661945,0.32147344427864555,-0.2614505519162054,-0.022393190736766704,-0.004062494613347945,werb+t wahl,4.646626063378196
-6.3684001543413205,0.2237422161365954,-0.3038160554871873,-0.02183285496097986,-0.0011250317009755609,EU-Präsidenten,4.8638608862503405
-6.3684001543413205,0.2237422161365954,-0.3038160554871873,-0.02183285496097986,-0.0011250317009755609,wahl eu+-+präsident+en,4.8638608862503405
-6.287610553691728,0.18320006983549542,-0.3207888914867812,-0.021605134441405785,4.272474619832975e-05,geopolitischen,4.953974536580164
-6.287610553691728,0.18320006983549542,-0.3207888914867812,-0.021605134441405785,4.272474619832975e-05,eu+-+präsident+en geopolitisch+en,4.953974536580164
-3.6859285090303455,-1.120426736395808,-0.7366604203529551,-0.015583892092092143,0.026991804165215308,geopolitisch+en tsunami,7.857067079181015
-6.287610553691728,0.18320006983549542,-0.3207888914867812,-0.021605134441405785,4.272474619832975e-05,tsunami ukraine,4.953974536580164
-5.391368054529014,-0.2665059211328331,-0.48914199760562804,-0.01925882630607341,0.011343274121034036,Grönland,5.953937354126281
-6.800271826109178,0.4403759684540316,-0.20689639513284885,-0.02309654501507857,-0.007892804476811247,ukraine grönland,4.3822802668057355
-7.026406639948027,0.553687895918588,-0.15145695030085116,-0.02378831548535329,-0.011840626923706035,schlägt,4.130241745811801
-7.026406639948027,0.553687895918588,-0.15145695030085116,-0.02378831548535329,-0.011840626923706035,grönland schlag+t,4.130241745811801
-7.468632259326361,0.774766068843515,-0.03175514174270888,-0.02519111763136839,-0.02055783864076638,schlag+t evp-chef,3.63775615571946
-7.422444038322489,0.7517209445949913,-0.04504019752796459,-0.025042165741773932,-0.019577134466760605,Reform,3.6891619642675213
-7.422444038322489,0.7517209445949913,-0.04504019752796459,-0.025042165741773932,-0.019577134466760605,weber reform,3.6891619642675213
-7.518351057765447,0.7995572901419703,-0.01723038792747433,-0.025351887011058113,-0.021633893464869422,Europäischen,3.582431125760644
-7.518351057765447,0.7995572901419703,-0.01723038792747433,-0.025351887011058113,-0.021633893464869422,reform europäisch+en,3.582431125760644
-7.609392766050253,0.8449072191921423,0.009992194364017274,-0.025647152937034977,-0.023661525260618252,Union,3.481153383112124
-7.609392766050253,0.8449072191921423,0.009992194364017274,-0.025647152937034977,-0.023661525260618252,europäisch+en union,3.481153383112124
-7.672964202109741,0.876534024737126,0.029501484650301592,-0.025853725065189258,-0.02512343535643942,Statt,3.410459412358655
-7.703633186866569,0.8917789880707079,0.0390664455103759,-0.025953416155211212,-0.025842879356842124,dreier,3.3763622430093796
-7.703633186866569,0.8917789880707079,0.0390664455103759,-0.025953416155211212,-0.025842879356842124,statt dreier,3.3763622430093796
-7.736453481155262,0.9080833888695015,0.04941569498855557,-0.026060078306866408,-0.026623329551561714,Spitzenämter,3.339879367823563
-7.736453481155262,0.9080833888695015,0.04941569498855557,-0.026060078306866408,-0.026623329551561714,dreier spitze+n+amt+er,3.339879367823563
-6.42341610365429,0.251348756301613,-0.29206125986963,-0.02198950200415177,-0.0019368216036897284,sollten,4.8024992508629545
-7.79036889669397,0.9348436046762627,0.0666777861268894,-0.026235142244127256,-0.027929771594846622,spitze+n+amt+er soll+ten,3.279961645398794
-7.819774373888252,0.9494253619822868,0.07623273061261415,-0.02633048158218728,-0.02865544941107312,EU-Kommission,3.2472904533925346
-7.819774373888252,0.9494253619822868,0.07623273061261415,-0.02633048158218728,-0.02865544941107312,soll+ten eu-kommission,3.2472904533925346
-7.868694335457054,0.9736617780545409,0.0923544080231392,-0.02648875584274363,-0.02988397809420714,EU-Rat,3.192950734968878
-7.868694335457054,0.9736617780545409,0.0923544080231392,-0.02648875584274363,-0.02988397809420714,eu-kommission eu+-+rat,3.192950734968878
-7.900312489594413,0.9893106300233974,0.1029279942976373,-0.02659075946825655,-0.030692549843841954,EU-Parlament,3.157838888055305
-7.900312489594413,0.9893106300233974,0.1029279942976373,-0.02659075946825655,-0.030692549843841954,eu+-+rat eu+-+parlament,3.157838888055305
-3.966299713093764,-0.9802581141532918,-0.7009449111214986,-0.016127387368183012,0.024808583942516144,Person,7.544213405737691
-7.957358833020779,1.017511046130586,0.12232021288549025,-0.026774025308526215,-0.03218135652921794,eu+-+parlament person,3.0945086649589677
-7.972717370973873,1.0250955864225177,0.12761209965292705,-0.02682316175494289,-0.03258895945438696,repräsentiert,3.077462832314894
-7.972717370973873,1.0250955864225177,0.12761209965292705,-0.02682316175494289,-0.03258895945438696,person repräsentier+t,3.077462832314894
-8.032068001767051,1.0543712760934716,0.14835337516977073,-0.027012038440121146,-0.0341920669552734,Einstimmigkeitsprinzi…,3.011611048379568
-8.032068001767051,1.0543712760934716,0.14835337516977073,-0.027012038440121146,-0.0341920669552734,auch einstimmigkeitsprinzi…,3.011611048379568
-8.06886121576939,1.0724916804539082,0.1614503386084683,-0.027128187871336685,-0.03520891092140573,einstimmigkeitsprinzi… neu+es,2.970803670036658
-8.097006771116806,1.0863374344467849,0.17159615903466618,-0.02721646483566745,-0.03599908122520709,2029EVP-Chef,2.939596238007607
-8.097006771116806,1.0863374344467849,0.17159615903466618,-0.02721646483566745,-0.03599908122520709,spitze+n+amt 2029evp-chef,2.939596238007607
-8.113701239249167,1.0945432693135138,0.17766720836066477,-0.027268565904408026,-0.03647293230425494,2029evp-chef weber,2.9210893830194222
-8.168650018887288,1.1215147921771018,0.19793567904211454,-0.02743850911177966,-0.038060527569537046,jüngsten,2.8601959937887473
-8.168650018887288,1.1215147921771018,0.19793567904211454,-0.02743850911177966,-0.038060527569537046,eu+-+präsident+en jung+st+en,2.8601959937887473
-8.177256658170226,1.125733906801668,0.20115086078243913,-0.027464891942643753,-0.038313167148872194,außenplitischen,2.8506612467740875
-8.177256658170226,1.125733906801668,0.20115086078243913,-0.027464891942643753,-0.038313167148872194,jung+st+en außenplitisch+en,2.8506612467740875
-8.191760043595949,1.1328402219147133,0.20659420389345742,-0.027509193339472722,-0.038741391272967905,Krisen,2.8345957788796086
-8.191760043595949,1.1328402219147133,0.20659420389345742,-0.027509193339472722,-0.038741391272967905,außenplitisch+en krise+n,2.8345957788796086
-8.211807090690217,1.1426554327223588,0.2141710446003773,-0.027570087204184704,-0.03933851071363665,krise+n besonders,2.8123935994910925
-8.21961953312529,1.146478103141164,0.21714057248001045,-0.027593705717527423,-0.039572870598959524,schlagkräftig,2.8037425830746066
-8.21961953312529,1.146478103141164,0.21714057248001045,-0.027593705717527423,-0.039572870598959524,besonders schlagkräftig,2.8037425830746066
-8.248810414702117,1.1607492159433859,0.22832063480941067,-0.027681363874403654,-0.04045692304423051,NurPhoto,2.77142500331536
-8.248810414702117,1.1607492159433859,0.22832063480941067,-0.027681363874403654,-0.04045692304423051,alliance nurphoto,2.77142500331536
-8.257859480757453,1.1651692166876386,0.23181381227463216,-0.02770833873567812,-0.04073369677704449,ge…,2.761408835930223
-8.257859480757453,1.1651692166876386,0.23181381227463216,-0.02770833873567812,-0.04073369677704449,nurphoto ge…,2.761408835930223
-8.260990489465087,1.166698102302157,0.23302551535031385,-0.027717649265666385,-0.040829765071450565,+2538,2.7579434501813473
-8.260990489465087,1.166698102302157,0.23302551535031385,-0.027717649265666385,-0.040829765071450565,ge… +2538,2.7579434501813473
-8.26468083882965,1.1684998166426652,0.23445570607321503,-0.027728607738392277,-0.04094319691193401,+2538 chars,2.753859150783568
-5.568563040459621,-0.1776243075372923,-0.4584509406706791,-0.019697358414353668,0.009321671609127388,Pleite-Tsunami,5.756208972943077
-5.694873862585679,-0.11425371903939263,-0.43585439138785553,-0.020017365505524326,0.007822196767071809,fegt,5.615266712236061
-5.694873862585679,-0.11425371903939263,-0.43585439138785553,-0.020017365505524326,0.007822196767071809,pleite-tsunami feg+t,5.615266712236061
-6.154911706449223,0.11660461979713999,-0.34795092802962657,-0.021237054715551134,0.0019007096446319906,ungebremst,5.102001080688203
-6.154911706449223,0.11660461979713999,-0.34795092802962657,-0.021237054715551134,0.0019007096446319906,feg+t un+ge+brems+t,5.102001080688203
-7.005070769363071,0.543002389701345,-0.15684073189422124,-0.023722218482670886,-0.011454789769224843,un+ge+brems+t land,4.154016889802433
-7.139964472032472,0.6105363381586699,-0.12223274111592253,-0.02414283365253841,-0.013944312600162642,land sag+t,4.003720355860528
-6.488756439629961,0.28413348847508857,-0.2778870605611118,-0.02217720190726031,-0.0029190080205960776,Weidel,4.729626748206644
-7.219386255282597,0.6502684048437422,-0.10120087892367977,-0.02439335813533008,-0.015468026814173419,sag+t weidel,3.9152529947167336
-7.31340287285211,0.6972670902033957,-0.0756393011865148,-0.024692401857021512,-0.017330969856738723,Bundeskanzler,3.8105538898019047
-7.31340287285211,0.6972670902033957,-0.0756393011865148,-0.024692401857021512,-0.017330969856738723,weidel bund+es+kanzler,3.8105538898019047
-7.459767817348586,0.7703442862191683,-0.034320183373456145,-0.025162498717225867,-0.02036822641922726,bund+es+kanzler friedrich,3.6476212684398117
-7.662158406049912,0.8711606188118515,0.026155395553260494,-0.025818601552964626,-0.024872174706019698,Regierungserklärung,3.422474346321411
-7.662158406049912,0.8711606188118515,0.026155395553260494,-0.025818601552964626,-0.024872174706019698,merz regierung+s+erklärung,3.422474346321411
-7.774651274207239,0.9270455390742487,0.06161146202744937,-0.026184135523805063,-0.027545728861667923,Bedeutung,3.2974271758990463
-7.774651274207239,0.9270455390742487,0.06161146202744937,-0.026184135523805063,-0.027545728861667923,regierung+s+erklärung bedeutung,3.2974271758990463
-7.812661316119732,0.9458989927097035,0.07391220475941664,-0.026307431180994375,-0.028479043741652048,europäischer,3.2551929412315914
-7.812661316119732,0.9458989927097035,0.07391220475941664,-0.026307431180994375,-0.028479043741652048,bedeutung europäisch+er,3.2551929412315914
-7.856357923861104,0.9675526711833264,0.08826193574606346,-0.026448889739805765,-0.029571625396507317,Einigkeit,3.2066522737921606
-7.856357923861104,0.9675526711833264,0.08826193574606346,-0.026448889739805765,-0.029571625396507317,europäisch+er einigkeit,3.2066522737921606
-7.886338305706884,0.9823959309428674,0.09823970580868747,-0.02654570989024048,-0.030333754778602985,betont,3.173356248070886
-7.886338305706884,0.9823959309428674,0.09823970580868747,-0.02654570989024048,-0.030333754778602985,einigkeit beton+t,3.173356248070886
-7.908400900512987,0.9933117662375837,0.10565266283229036,-0.026616809060605342,-0.030901272439695975,Gleich,3.148857948942233
-7.948198617538489,1.0129858134796657,0.11917848463640954,-0.026744674558362068,-0.031939637562582106,durfte,3.1046761562488108
-7.948198617538489,1.0129858134796657,0.11917848463640954,-0.026744674558362068,-0.031939637562582106,gleich dürf+e,3.1046761562488108
-7.9640425927277345,1.0208121244885333,0.12461939381948994,-0.02679542040146724,-0.03235837876367043,AfD-Chefin,3.087090382758389
-7.9640425927277345,1.0208121244885333,0.12461939381948994,-0.02679542040146724,-0.03235837876367043,dürf+e afd-chefi+n,3.087090382758389
-7.987284294407042,1.0322859830844249,0.13265960064783533,-0.02686967359883673,-0.03297827164893068,Alice,3.0612974220817875
-7.987284294407042,1.0322859830844249,0.13265960064783533,-0.02686967359883673,-0.03297827164893068,afd-chefi+n alice,3.0612974220817875
-7.999190600216824,1.038160687899843,0.13680590043884538,-0.026907619229440547,-0.033298464717272214,alice weidel,3.0480859472561894
-8.012457408490945,1.0447041016012222,0.14144813944072285,-0.026949821092297106,-0.03365737481355877,weidel an,3.0333662974243745
-8.019756234326273,1.0483028260915452,0.1440121318972195,-0.026973001186717128,-0.033855797362250806,Mikrofon,3.02526884981489
-8.019756234326273,1.0483028260915452,0.1440121318972195,-0.026973001186717128,-0.033855797362250806,an mikrofon,3.02526884981489
-8.045468404629686,1.060973505703323,0.15310187140258585,-0.027054432941628324,-0.03456032787135015,griff,2.9967471766254428
-8.045468404629686,1.060973505703323,0.15310187140258585,-0.027054432941628324,-0.03456032787135015,mikrofon greif,2.9967471766254428
-8.055083694677966,1.0657090141667076,0.1565242444363048,-0.027084788902773754,-0.034826033230312255,greif merz,2.986082828015731
-8.062829941748435,1.0695228872055702,0.15929064244445815,-0.027109203892252326,-0.035040987766281534,direkt,2.9774920792372135
-8.062829941748435,1.0695228872055702,0.15929064244445815,-0.027109203892252326,-0.035040987766281534,merz direkt,2.9774920792372135
-5.872220757460091,-0.02526415378225888,-0.40305211348387804,-0.020477349898174894,0.005628908187215599,WELT,5.417386886356615
-5.872220757460091,-0.02526415378225888,-0.40305211348387804,-0.020477349898174894,0.005628908187215599,der welt,5.417386886356615
-6.200931041042176,0.13969995045415162,-0.3386296212710802,-0.02136386632357989,0.0012645966904280444,ePaper,5.050664516676451
-6.200931041042176,0.13969995045415162,-0.3386296212710802,-0.02136386632357989,0.0012645966904280444,welt epaper,5.050664516676451
-5.660501454538727,-0.1314994060511081,-0.44206484127140927,-0.0199296636343054,0.0082352440739674,epaper der,5.653620174691009
-6.4792921426096575,0.27938493871005,-0.279954742566889,-0.022149903042130627,-0.0027755045315291695,vollständige,4.740181742685456
-6.4792921426096575,0.27938493871005,-0.279954742566889,-0.022149903042130627,-0.0027755045315291695,der vollständig+e,4.740181742685456
-6.681929957582678,0.38103594537534957,-0.23455789356016715,-0.022742578848904127,-0.0059439311291539995,Ausgabe,4.514216843893799
-6.681929957582678,0.38103594537534957,-0.23455789356016715,-0.022742578848904127,-0.0059439311291539995,vollständig+e ausgabe,4.514216843893799
-6.777675115902416,0.42904712509789644,-0.21224692039090756,-0.023028518641419016,-0.007514754974877795,ausgabe steh+t,4.407470971412033
-6.8396107461833555,0.46009622407107753,-0.19750213943075315,-0.023215460240702694,-0.008557827060983736,Ihnen,4.3384276405665485
-6.8396107461833555,0.46009622407107753,-0.19750213943075315,-0.023215460240702694,-0.008557827060983736,steh+t ihnen,4.3384276405665485
-6.894896990182486,0.4878053932844628,-0.18412558567754095,-0.02338361492727604,-0.009507526306653039,ihnen bereits,4.276802909991653
-6.982714222155687,0.5318043226139264,-0.1624467524843706,-0.0236531391770906,-0.01105358953251303,Vorabend,4.178930546345951
-6.982714222155687,0.5318043226139264,-0.1624467524843706,-0.0236531391770906,-0.01105358953251303,bereits vorabend,4.178930546345951
-7.069458835365484,0.5752453010377412,-0.1404916120830775,-0.023922189119234993,-0.01262811892612245,Verfügung,4.082270878266275
-7.069458835365484,0.5752453010377412,-0.1404916120830775,-0.023922189119234993,-0.01262811892612245,vorabend verfügung,4.082270878266275
-7.168009111870744,0.6245689425016252,-0.1148633396277588,-0.02423106448672886,-0.01447727865719941,verfügung sie,3.972479528373677
-7.18729560638684,0.634217518312395,-0.10975935078454993,-0.024291890001482883,-0.01484699531410319,sie immer,3.9509963067107905
-7.2147533655311005,0.6479514190850764,-0.10244159109065118,-0.024378689504431617,-0.015377912369566274,hochaktuell,3.9204130220288116
-7.2147533655311005,0.6479514190850764,-0.10244159109065118,-0.024378689504431617,-0.015377912369566274,immer hochaktuell,3.9204130220288116
-7.265030353637601,0.6730908312952237,-0.08888314523998675,-0.024538222314294637,-0.016364230750895686,informiert,3.8644190414681288
-7.265030353637601,0.6730908312952237,-0.08888314523998675,-0.024538222314294637,-0.016364230750895686,hochaktuell informier+t,3.8644190414681288
-3.0390496459064886,-1.5388835880736988,1.5681459350814448,-0.00712779725561612,0.005592572834643424,Weitere,8.656321060718714
-7.337693654359002,0.7094031363474989,-0.06891342003710088,-0.024770064401287643,-0.017823183408275073,weit+er+e information+en,3.7835079662795263
-7.3820221358203195,0.7315423570159814,-0.05650649650766132,-0.024912176451429766,-0.018733373607862973,https,3.734157114318797
-7.3820221358203195,0.7315423570159814,-0.05650649650766132,-0.024912176451429766,-0.018733373607862973,information+en http+s,3.734157114318797
-7.399659736169771,0.7403481954280413,-0.05152145684165502,-0.024968850864144174,-0.019099898834334494,//epaper.welt.de,3.714523249106904
-7.399659736169771,0.7403481954280413,-0.05152145684165502,-0.024968850864144174,-0.019099898834334494,http+s //epaper.welt.d+e,3.714523249106904
-7.248072034649396,0.6646126020009306,-0.09347965024639152,-0.024484328071216862,-0.016029471806265468,Dänemarks,3.88330479147377
-5.534378539293461,-0.19477308478626654,-0.4644616475866626,-0.019611820904568898,0.009718958350323926,Mathias,5.7943541552887075
-7.086048110862334,0.5835504439681944,-0.13622948959182749,-0.02397395020626149,-0.012934805594215955,dänemark+s mathias,4.063787539331356
-5.212457712718629,-0.35622338210675064,-0.5190063629996268,-0.01882800992154905,0.013293699649291271,Gidsel,6.153586344572506
-5.212457712718629,-0.35622338210675064,-0.5190063629996268,-0.01882800992154905,0.013293699649291271,mathias gidsel,6.153586344572506
-6.66662371334122,0.37335939617868963,-0.23807181813572625,-0.022697215148062028,-0.005697351361388617,gidsel der,4.531283074563293
-6.500936667105192,0.2902446048101752,-0.2752186555744107,-0.02221239001511564,-0.003104317456967716,Goldjunge,4.716042989165095
-6.500936667105192,0.2902446048101752,-0.2752186555744107,-0.02221239001511564,-0.003104317456967716,der gold+junge,4.716042989165095
-5.424569517816419,-0.2498536909897533,-0.483477917586544,-0.019340085952404548,0.010971490800693486,roten,5.916887930592879
-5.424569517816419,-0.2498536909897533,-0.483477917586544,-0.019340085952404548,0.010971490800693486,gold+junge rot+en,5.916887930592879
-3.6859285090303455,-1.120426736395808,-0.7366604203529551,-0.015583892092092143,0.026991804165215308,rot+en tsunami,7.857067079181015
-5.694873862585679,-0.11425371903939263,-0.43585439138785553,-0.020017365505524326,0.007822196767071809,Jeder,5.615266712236061
-5.694873862585679,-0.11425371903939263,-0.43585439138785553,-0.020017365505524326,0.007822196767071809,tsunami jeder,5.615266712236061
-4.402029278896725,-0.7628320511616393,-0.6413108886394231,0.048644562597689595,0.03231630645908824,weiß,7.058221404821695
-6.223914832039437,0.15123452519600722,-0.33393547045087657,-0.02142753310139086,0.0009436609889512081,jeder wiss,5.025025739791974
-6.702600792635051,0.39140247924379823,-0.22978957738485917,-0.02280399475125825,-0.00627889144583179,wiss komm+t,4.491169753044911
-7.288284957417943,0.6847147154019153,-0.08254099781970745,-0.024612261133100662,-0.016826769492119288,aufhalten,3.8385229241385037
-7.288284957417943,0.6847147154019153,-0.08254099781970745,-0.024612261133100662,-0.016826769492119288,komm+t auf+halt+en,3.8385229241385037
-7.412612855220665,0.7468140986383198,-0.04784257438280344,-0.025010517321366266,-0.01937068927410776,Welthandballer,3.700104835968763
-7.412612855220665,0.7468140986383198,-0.04784257438280344,-0.025010517321366266,-0.01937068927410776,auf+halt+en welt+handballer,3.700104835968763
-7.086048110862334,0.5835504439681944,-0.13622948959182749,-0.02397395020626149,-0.012934805594215955,welt+handballer mathias,4.063787539331356
-5.676207284101198,-0.1236193930107845,-0.4392328647007858,-0.019969679537216536,0.008046981123994018,führt,5.636095223830364
-7.639585352785024,0.8599323689128231,0.019205288066989627,-0.02574523973062564,-0.02435098037153695,gidsel führ+t,3.4475753251904564
-7.248072034649396,0.6646126020009306,-0.09347965024639152,-0.024484328071216862,-0.016029471806265468,Dänemark,3.88330479147377
-7.248072034649396,0.6646126020009306,-0.09347965024639152,-0.024484328071216862,-0.016029471806265468,führ+t dänemark,3.88330479147377
-7.736453481155262,0.9080833888695015,0.04941569498855557,-0.026060078306866408,-0.026623329551561714,ersehnten,3.339879367823563
-7.736453481155262,0.9080833888695015,0.04941569498855557,-0.026060078306866408,-0.026623329551561714,dänemark ersehnt+en,3.339879367823563
-7.778648607035695,0.9290290097823202,0.06289725945772767,-0.02619711028930729,-0.027643148151704974,EM-Titel,3.2929851604302245
-7.778648607035695,0.9290290097823202,0.06289725945772767,-0.02619711028930729,-0.027643148151704974,ersehnt+en em+-+titel,3.2929851604302245
-7.836914296973315,0.957920243966784,0.08184880455647968,-0.02638598941410438,-0.029082825175965096,Rücksicht,3.228249711720965
-7.836914296973315,0.957920243966784,0.08184880455647968,-0.02638598941410438,-0.029082825175965096,em+-+titel rücksicht,3.228249711720965
-7.892004266282928,0.9851998641117192,0.10013771490682076,-0.026563982190351658,-0.030478956244104384,eigene,3.1670644148569074
-7.892004266282928,0.9851998641117192,0.10013771490682076,-0.026563982190351658,-0.030478956244104384,rücksicht eigen+e,3.1670644148569074
-7.911049867782307,0.9946219560342746,0.10654676491391823,-0.026625336064787147,-0.030969797568022754,Gesundheit,3.145916786774626
-7.911049867782307,0.9946219560342746,0.10654676491391823,-0.026625336064787147,-0.030969797568022754,eigen+e gesundheit,3.145916786774626
-7.941133589529675,1.0094948087143678,0.11676269335587776,-0.026722015524409858,-0.031753907383489516,Unwirklich,3.1125185372463706
-7.9662362327572565,1.0218954117896237,0.12537525401141084,-0.02680243844676214,-0.03241659870133153,anmutende,3.084655750227621
-7.9662362327572565,1.0218954117896237,0.12537525401141084,-0.02680243844676214,-0.03241659870133153,un+wirklich an+mut+end+e,3.084655750227621
-7.993301628791223,1.035255274071066,0.13475276138917106,-0.02688885918380003,-0.03313986944511924,an+mut+end+e jahr+e,3.0546203135046626
-6.8773138783282715,0.4789935465171795,-0.18840217861702105,-0.02333000560969516,-0.009203545680819915,kleine,4.296401245275352
-8.025102705973444,1.0509383932207534,0.14589483147530155,-0.026989963320772664,-0.03400158217931461,jahr+e klein+e,3.0193376838282915
-8.037173903868013,1.0568872456520932,0.15015978890873002,-0.02702820374333385,-0.034332105105376556,Königreich,3.0059473301661863
-8.037173903868013,1.0568872456520932,0.15015978890873002,-0.02702820374333385,-0.034332105105376556,klein+e könig+reich,3.0059473301661863
-8.07182361463894,1.0739496414381868,0.16251297795530553,-0.027137503876663287,-0.035291570083784314,Triumph,2.9675186330396897
-8.07182361463894,1.0739496414381868,0.16251297795530553,-0.027137503876663287,-0.035291570083784314,könig+reich triumph,2.9675186330396897
-8.098332844928601,1.0869894262335713,0.17207693882704794,-0.02722061066622618,-0.036036578375981204,warten,2.938126099044489
-8.098332844928601,1.0869894262335713,0.17207693882704794,-0.02722061066622618,-0.036036578375981204,triumph wart+en,2.938126099044489
-8.113701239249167,1.0945432693135138,0.17766720836066477,-0.027268565904408026,-0.03647293230425494,wart+en aufgrund,2.9210893830194222
-8.129299191961309,1.1022054449773284,0.18337574462641462,-0.02731705650054154,-0.03691919503606222,enormen,2.9038006870478514
-8.129299191961309,1.1022054449773284,0.18337574462641462,-0.02731705650054154,-0.03691919503606222,aufgrund enorm+en,2.9038006870478514
-8.138403801780633,1.1066757566667231,0.18672419442080807,-0.027345272366555436,-0.03718127827859446,Dichte,2.8937103673293367
-8.138403801780633,1.1066757566667231,0.18672419442080807,-0.027345272366555436,-0.03718127827859446,enorm+en dichte,2.8937103673293367
-8.149298721044964,1.112022983830735,0.19074705026127517,-0.027378947301655073,-0.037496460418276055,Weltklasseteams,2.8816370796994804
-8.149298721044964,1.112022983830735,0.19074705026127517,-0.027378947301655073,-0.037496460418276055,dichte weltklasseteam+s,2.8816370796994804
-8.16570437790001,1.1200704427602766,0.19683782962527774,-0.027429464012590585,-0.03797431212134674,schwerer,2.8634594729293603
-8.16570437790001,1.1200704427602766,0.19683782962527774,-0.027429464012590585,-0.03797431212134674,weltklasseteam+s schwer+er,2.8634594729293603
-8.177256658170226,1.125733906801668,0.20115086078243913,-0.027464891942643753,-0.038313167148872194,gewinnen,2.8506612467740875
-8.177256658170226,1.125733906801668,0.20115086078243913,-0.027464891942643753,-0.038313167148872194,schwer+er gewinn+en,2.8506612467740875
-8.1960974489792,1.1349645861456674,0.20822831285724255,-0.027522402646850797,-0.03887006899492065,Welttitel,2.829791686245099
-8.1960974489792,1.1349645861456674,0.20822831285724255,-0.027522402646850797,-0.03887006899492065,gewinn+en welt+titel,2.829791686245099
-8.208596983318499,1.1410843208497239,0.21295361659488468,-0.027560363870665443,-0.03924248408483392,Dän…,2.815948486115438
-8.208596983318499,1.1410843208497239,0.21295361659488468,-0.027560363870665443,-0.03924248408483392,welt+titel dän…,2.815948486115438
-8.213393588234613,1.1434318234323602,0.21477330988113344,-0.02757488869920531,-0.039386027136939,+3733,2.8106367507632513
-8.213393588234613,1.1434318234323602,0.21477330988113344,-0.02757488869920531,-0.039386027136939,dän… +3733,2.8106367507632513
-8.218080748202153,1.1457252740176855,0.21655492695673917,-0.027589058791199036,-0.03952663551600603,+3733 char+s,2.8054464804053927
-6.401595341760048,0.24039948566176417,-0.2967429181438421,-0.021927219059198533,-0.0016132064507222987,Spurensuche,4.826836491253488
-3.6859285090303455,-1.120426736395808,-0.7366604203529551,-0.015583892092092143,0.026991804165215308,spur+en+suche tsunami,7.857067079181015
-3.535162216182357,-1.1957645861167872,-0.7552008255623449,-0.015300236587582115,0.028114663880798897,Wolfgangsee,8.025294826451386
-5.997625771603064,0.03766884754774358,-0.37905356686748115,-0.02081029718913433,0.004011894816796743,tsunami wolf+gang+see,5.277471953985181
-6.66662371334122,0.37335939617868963,-0.23807181813572625,-0.022697215148062028,-0.005697351361388617,Salzburger,4.531283074563293
-6.66662371334122,0.37335939617868963,-0.23807181813572625,-0.022697215148062028,-0.005697351361388617,wolf+gang+see salzburger,4.531283074563293
-6.736771828164844,0.4085380423693008,-0.2218488894197427,-0.022905905366770694,-0.00683761482806336,Taucher,4.453072019736365
-6.736771828164844,0.4085380423693008,-0.2218488894197427,-0.022905905366770694,-0.00683761482806336,salzburger taucher,4.453072019736365
-6.079806513480736,0.07891200642093255,-0.36294604043748185,-0.021031993283599795,0.0029207295916223557,taucher derzeit,5.185787607001388
-3.6859285090303455,-1.120426736395808,-0.7366604203529551,-0.015583892092092143,0.026991804165215308,Tsunami-Spurensuche,7.857067079181015
-3.6859285090303455,-1.120426736395808,-0.7366604203529551,-0.015583892092092143,0.026991804165215308,derzeit tsunami-spurensuch+e,7.857067079181015
-5.997625771603064,0.03766884754774358,-0.37905356686748115,-0.02081029718913433,0.004011894816796743,tsunami-spurensuch+e wolf+gang+see,5.277471953985181
-7.026406639948027,0.553687895918588,-0.15145695030085116,-0.02378831548535329,-0.011840626923706035,Denn,4.130241745811801
-2.0822998140229476,-1.9205022049304907,-0.9136843760569988,-0.012837028100043984,0.03740366563647833,Ereignis,9.64618490614971
-7.189026307559526,0.6350832754908113,-0.1092998894960702,-0.024297354088197616,-0.014880300883474057,denn ereignis,3.9490685325272112
-7.3600674066047045,0.7205787052728205,-0.06267295848401654,-0.024841731843007774,-0.018280631416932716,119,3.758598382731782
-7.3600674066047045,0.7205787052728205,-0.06267295848401654,-0.024841731843007774,-0.018280631416932716,ereignis 119,3.758598382731782
-7.402566860067086,0.7417994505215084,-0.050697110518665364,-0.024978199017235723,-0.01916055405867885,119 jahr+en,3.7112872057158883
-7.468632259326361,0.774766068843515,-0.03175514174270888,-0.02519111763136839,-0.02055783864076638,jahr+en zeig+t,3.63775615571946
-7.518351057765447,0.7995572901419703,-0.01723038792747433,-0.025351887011058113,-0.021633893464869422,zeig+t heute,3.582431125760644
-5.9930602193473135,0.035350939973943785,-0.3795198978828131,0.024500440863621756,0.011674854311560377,passiert,5.282567550857698
-7.62778535223341,0.854061082913554,0.015593357311846981,-0.02570689861862884,-0.024080488508480574,heute passier+t,3.4606978812173974
-7.058693123235033,0.5698817472848952,-0.14280891914288335,0.023731260398462177,-0.004523456115836603,Gesteinsmassen,4.094244624339746
-7.698043698050061,0.8891439062233761,0.03741720998240458,-0.014833942238172602,-0.023895900539873345,passier+t gestein+s+masse+n,3.3825116596928106
-7.170525133476916,0.6253939104019353,-0.1135419289181612,0.04620217298366163,-0.0028083001644920794,See,3.96985157874441
-7.760134744125377,0.9198648627908204,0.057441268813990115,0.026623121875673207,-0.018524356381869368,gestein+s+masse+n see,3.3135384356929096
0.023986018113182794,-2.967661360258042,-1.0944591121497844,0.023126208593217856,0.05294034819929715,stürzen,11.995265427225586
-7.767137652640969,0.9232002425786261,0.0597557121066586,0.03448687990379932,-0.017388095145675762,see stürz+en,3.3058155499281177
2.4163374367336186,-4.015381284719691,0.21593239095734956,0.006947729071816396,0.027153302140824804,Flutwelle,14.62449726822573
-7.782946678820709,0.9302040337525981,0.06510172907382294,0.06334606756657227,-0.012960133515537355,der flut+welle,3.288608512850005
-7.786616363846412,0.9307503857091519,0.06653429363670364,0.09071358868203747,-0.008452665960908795,flut+welle damals,3.285080838015862
-7.783294230399957,0.9276352867159412,0.06567586253153787,0.11419283176213665,-0.004399078993630824,versurachte,3.289407237151098
-7.783294230399957,0.9276352867159412,0.06567586253153787,0.11419283176213665,-0.004399078993630824,damals versuracht+e,3.289407237151098
-7.747595505472946,0.9030239966279814,0.05492099821872694,0.1879912283625845,0.00913727564727648,beiden,3.332070680680656
-7.747595505472946,0.9030239966279814,0.05492099821872694,0.1879912283625845,0.00913727564727648,versuracht+e beide+n,3.332070680680656
-7.70241729856597,0.8726318048694055,0.041223017660595315,0.24637198506883365,0.020447900346056303,Ufern,3.3857446684551453
-7.70241729856597,0.8726318048694055,0.041223017660595315,0.24637198506883365,0.020447900346056303,beide+n ufer+n,3.3857446684551453
-7.6224484646297,0.8176578710315703,0.01741153886608602,0.32946153779197146,0.03720294324761988,ufer+n groß+e,3.4812785809266904
5.680171319964344,-6.054823257339928,-1.3784944387804667,0.9421619592199797,0.2504815847342717,Schäden,18.426160681351057
-7.393286878829189,0.65155319476325,-0.04709420974506558,0.5179391665619337,0.07749009396787565,groß+e schaden,3.7588541749497684
-7.777556097381695,0.9122685721474957,0.0648849034884712,0.23097638774545828,0.01591170991194902,April,3.3012187495206025
-7.8286368025779325,0.9426869216033757,0.08110058874709071,0.19264514767152427,0.007947277141511961,1907,3.2422538934256213
-7.8286368025779325,0.9426869216033757,0.08110058874709071,0.19264514767152427,0.007947277141511961,april 1907,3.2422538934256213
-7.877890798187983,0.9709004569190764,0.09706146253072502,0.15758774749618024,0.0006478863383499456,18.30,3.185889049714012
-7.877890798187983,0.9709004569190764,0.09706146253072502,0.15758774749618024,0.0006478863383499456,1907 18.30,3.185889049714012
-7.906758227690531,0.9869499256569674,0.1065690816142755,0.13827804042955583,-0.003398726127044765,18.30 uhr,3.1530679509827215
-7.923463981371063,0.9960848000463733,0.11212407191640525,0.12760624074652005,-0.005649485747617047,hörte,3.134141555154453
-7.923463981371063,0.9960848000463733,0.11212407191640525,0.12760624074652005,-0.005649485747617047,uhr hör+te,3.134141555154453
-7.968381930305972,1.0201437500859882,0.12725646622356396,0.10097399386312528,-0.011337098678479533,St.,3.0834742703910356
-7.968381930305972,1.0201437500859882,0.12725646622356396,0.10097399386312528,-0.011337098678479533,hör+te st.,3.0834742703910356
-7.98010780084079,1.0263157294350078,0.13125464325662084,0.09454907648233621,-0.012730243743320935,Gilgen,3.0702954494653976
-7.98010780084079,1.0263157294350078,0.13125464325662084,0.09454907648233621,-0.012730243743320935,st. gilge+n,3.0702954494653976
-8.001434953569273,1.0374404652492633,0.13857815249623917,0.08344495282015182,-0.015164674300345175,Flachgau,3.046370255282187
-8.001434953569273,1.0374404652492633,0.13857815249623917,0.08344495282015182,-0.015164674300345175,gilge+n flachgau,3.046370255282187
-8.033568533540771,1.0539855124724526,0.14973963588455297,0.06814000716225146,-0.01859175095511579,Donnern,3.010418106609212
-8.033568533540771,1.0539855124724526,0.14973963588455297,0.06814000716225146,-0.01859175095511579,flachgau donner+n,3.010418106609212
-8.051612230210468,1.0631781114523606,0.156074868214804,0.06028777598172641,-0.020392317534587916,Nahe,2.990273633687061
-4.645727896677591,-0.6095701793696895,0.8770962924991743,0.014675477888189,0.0006194427060288721,sogenannten,6.795021643279323
-8.068077109127184,1.0715138708679974,0.1618987708590754,0.053574996149194476,-0.021960662763987913,nahe sogenannt+en,2.9719151893512916
-8.088031470729826,1.0815575281599268,0.16901240542461102,0.04599828765854509,-0.02376998030948562,Franzosenschanze,2.9496922240997936
-8.088031470729826,1.0815575281599268,0.16901240542461102,0.04599828765854509,-0.02376998030948562,sogenannt+en franzose+n+schanze,2.9496922240997936
-8.113182022357128,1.0941380938524397,0.17806577718498398,0.03727871125977308,-0.025915990085585157,krachten,2.921717603255821
-8.113182022357128,1.0941380938524397,0.17806577718498398,0.03727871125977308,-0.025915990085585157,franzose+n+schanze krach+ten,2.921717603255821
-8.125289486676667,1.1001674686046279,0.18245907626885244,0.03339405191218128,-0.02689887232531074,krach+ten gestein+s+masse+n,2.9082627963114436
-8.153201843014237,1.1140112403652092,0.19267484227768783,0.02516207561783091,-0.02904999221061929,Engstelle,2.8772699267712625
-8.153201843014237,1.1140112403652092,0.19267484227768783,0.02516207561783091,-0.02904999221061929,gestein+s+masse+n engstelle,2.8772699267712625
-8.173585243131333,1.124078379746218,0.20021289067779552,0.01974575111921071,-0.03052748014694128,Berg,2.854656453858455
-8.173585243131333,1.124078379746218,0.20021289067779552,0.01974575111921071,-0.03052748014694128,engstelle berg,2.854656453858455
-8.182541531299956,1.1284919955552106,0.2035460063373285,0.017514079141982514,-0.031153673155761154,berg see,2.8447248356860606
-8.191100933420632,1.132704935926627,0.20674345266343083,0.015461927197061597,-0.031739699972443386,Felssturz,2.8352357022651953
-8.191100933420632,1.132704935926627,0.20674345266343083,0.015461927197061597,-0.031739699972443386,der fels+sturz,2.8352357022651953
-8.200184733930449,1.1371708750567788,0.21014971299663504,0.013367354852281887,-0.032348871415126816,riss…,2.8251676088053674
-8.200184733930449,1.1371708750567788,0.21014971299663504,0.013367354852281887,-0.032348871415126816,fels+sturz riss…,2.8251676088053674
-8.206296100742392,1.1401726512445967,0.2124488807220555,0.012004983490828222,-0.03275157550323878,+1709,2.8183953547716487
-8.206296100742392,1.1401726512445967,0.2124488807220555,0.012004983490828222,-0.03275157550323878,riss… +1709,2.8183953547716487
-8.211382672915816,1.142669427925455,0.21436713477886257,0.010899022477563115,-0.03308251054719082,+1709 chars,2.812759494995146
-6.510811581145495,0.2951989992375865,-0.2730491736233137,-0.022240963919772306,-0.0032550734239939517,Dutzende,4.705030318646696
-7.9289665931639615,1.0034811584130643,0.11261723658617753,-0.026682951388015852,-0.031435473601342016,dutzend+e verletz+t+e,3.126025190637847
-7.8947987159515005,0.9865826100811328,0.1010752671118044,-0.026572990835068755,-0.03055070760268333,Indien,3.163961374088591
-7.8947987159515005,0.9865826100811328,0.1010752671118044,-0.026572990835068755,-0.03055070760268333,verletz+t+e indien,3.163961374088591
-6.982930104582561,0.5319124615330808,-0.16239279031312526,-0.023653805343905272,-0.011057448646297097,Karussell,4.178689966103032
-7.868694335457054,0.9736617780545409,0.0923544080231392,-0.02648875584274363,-0.02988397809420714,indien karussell,3.192950734968878
-7.836914296973315,0.957920243966784,0.08184880455647968,-0.02638598941410438,-0.029082825175965096,kracht,3.228249711720965
-7.836914296973315,0.957920243966784,0.08184880455647968,-0.02638598941410438,-0.029082825175965096,karussell krach+t,3.228249711720965
-7.812661316119732,0.9458989927097035,0.07391220475941664,-0.026307431180994375,-0.028479043741652048,krach+t plötzlich,3.2551929412315914
-7.774651274207239,0.9270455390742487,0.06161146202744937,-0.026184135523805063,-0.027545728861667923,zusammen,3.2974271758990463
-7.774651274207239,0.9270455390742487,0.06161146202744937,-0.026184135523805063,-0.027545728861667923,plötzlich zusammen,3.2974271758990463
-7.736453481155262,0.9080833888695015,0.04941569498855557,-0.026060078306866408,-0.026623329551561714,zusammen auf,3.339879367823563
-7.6886138857939414,0.8843142738485195,0.03436961137077145,-0.025904595574446534,-0.025489376372064693,Jahrmarkt,3.3930597333748627
-7.6886138857939414,0.8843142738485195,0.03436961137077145,-0.025904595574446534,-0.025489376372064693,auf jahr+markt,3.3930597333748627
-2.5144778897699798,-1.7051483067918416,-0.8699893341584438,-0.013522669073192509,0.03490006229484309,stürzt,9.164072440735637
-7.63372995401339,0.8570190659643888,0.017411164960606178,-0.02572621320166548,-0.02421658971238954,jahr+markt stürz+t,3.4540869104097798
-7.868694335457054,0.9736617780545409,0.0923544080231392,-0.02648875584274363,-0.02988397809420714,stürz+t karussell,3.192950734968878
-7.412612855220665,0.7468140986383198,-0.04784257438280344,-0.025010517321366266,-0.01937068927410776,karussell verletz+t,3.700104835968763
-7.31340287285211,0.6972670902033957,-0.0756393011865148,-0.024692401857021512,-0.017330969856738723,verletz+t mindestens,3.8105538898019047
-7.1046091679928045,0.5928416471848521,-0.1314361288230022,-0.024031977214932856,-0.013280117464963125,Besucher,4.043108141632757
-7.1046091679928045,0.5928416471848521,-0.1314361288230022,-0.024031977214932856,-0.013280117464963125,mindestens besucher,4.043108141632757
-6.769284978765696,0.4248405053664419,-0.21422518717211164,-0.023003312840896475,-0.007375109006643822,Attraktion,4.416824485431718
-6.769284978765696,0.4248405053664419,-0.21422518717211164,-0.023003312840896475,-0.007375109006643822,der attraktion,4.416824485431718
-5.568563040459621,-0.1776243075372923,-0.4584509406706791,-0.019697358414353668,0.009321671609127388,attraktion name+n,5.756208972943077
-3.6859285090303455,-1.120426736395808,-0.7366604203529551,-0.015583892092092143,0.026991804165215308,name+n tsunami,7.857067079181015
-5.806893183836208,-0.058045996809949596,-0.4152860313683788,-0.020306441437235305,0.00644920484624914,wirbelt,5.490276371447571
-5.806893183836208,-0.058045996809949596,-0.4152860313683788,-0.020306441437235305,0.00644920484624914,tsunami wirbel+t,5.490276371447571
-6.628673055537386,0.35432465069457875,-0.24672305432984476,-0.022585156747306094,-0.005091226441202135,Fahrgäste,4.573599003644827
-6.628673055537386,0.35432465069457875,-0.24672305432984476,-0.022585156747306094,-0.005091226441202135,wirbel+t fahr+gast+e,4.573599003644827
-6.9360187970204645,0.5084109673532478,-0.1740411477158239,-0.023509458334985224,-0.010225648448121155,kopfüber,4.230970562474075
-6.9360187970204645,0.5084109673532478,-0.1740411477158239,-0.023509458334985224,-0.010225648448121155,fahr+gast+e kopfüber,4.230970562474075
-7.1225706232684125,0.6018315831940129,-0.12677259209983788,-0.024088242413520495,-0.013616482964457603,kopfüber ...,4.023097650501866
-2.4386178807066834,-1.742963002518692,-0.8778515052890782,-0.01339964949887981,0.035353892945268514,+++Drama,9.248700459453614
-7.189026307559526,0.6350832754908113,-0.1092998894960702,-0.024297354088197616,-0.014880300883474057,... +++drama,3.9490685325272112
-3.6122939595869807,-1.1572250410978842,-0.7457717656464691,-0.01544462168110146,0.027544517695280595,Olympia,7.9392303535649
-3.6122939595869807,-1.1572250410978842,-0.7457717656464691,-0.01544462168110146,0.027544517695280595,+++drama olympia,7.9392303535649
-3.91964290445381,-1.0035897678742862,-0.707004143897796,-0.01603546002601797,0.02518082443473478,Lindsey,7.59627652959261
-3.91964290445381,-1.0035897678742862,-0.707004143897796,-0.01603546002601797,0.02518082443473478,olympia lindsey,7.59627652959261
-4.149220903382518,-0.8887614190205158,-0.6767225512778403,-0.016493704899054565,0.023313059081226915,Vonn,7.340093334179249
-4.149220903382518,-0.8887614190205158,-0.6767225512778403,-0.016493704899054565,0.023313059081226915,lindsey von+n,7.340093334179249
-4.276405623228742,-0.8251221045363075,-0.6594263736384745,-0.016754101581546697,0.02223793719561859,von+n stürz+t,7.198166491207837
-8.061299417130176,1.0687694128298828,0.15874339148041486,-0.02710438282288514,-0.03499845268439972,Olympi…,2.9791894173063542
-8.061299417130176,1.0687694128298828,0.15874339148041486,-0.02710438282288514,-0.03499845268439972,+++drama olympi…,2.9791894173063542
-8.074751449091792,1.0753904414608395,0.1635644228419503,-0.027146705656573154,-0.035373381607083934,+247,2.964272008836853
-8.074751449091792,1.0753904414608395,0.1635644228419503,-0.027146705656573154,-0.035373381607083934,olympi… +247,2.964272008836853
-8.081924181109999,1.0789195397369085,0.16614537108144678,-0.027169224947637263,-0.03557429942929283,+247 char+s,2.9563186470860394
-7.941133589529675,1.0094948087143678,0.11676269335587776,-0.026722015524409858,-0.031753907383489516,DDoS-Attacke,3.1125185372463706
-7.941133589529675,1.0094948087143678,0.11676269335587776,-0.026722015524409858,-0.031753907383489516,nach ddos-attack+e,3.1125185372463706
-7.905728581774126,0.9919899321454877,0.104751564401853,-0.026608204727379185,-0.030832227429856224,Hacker,3.1518250932441934
-7.905728581774126,0.9919899321454877,0.104751564401853,-0.026608204727379185,-0.030832227429856224,ddos-attack+e hacker,3.1518250932441934
-7.8232745092914175,0.951160375601896,0.0773767732053846,-0.026341820993971903,-0.028742458593346946,Deutsche,3.2434019882565175
-7.8232745092914175,0.951160375601896,0.0773767732053846,-0.026341820993971903,-0.028742458593346946,hacker deutsch+e,3.2434019882565175
-6.837036558492409,0.45880589894640433,-0.19811998066999725,-0.023207660073451222,-0.008514040620199975,Bahn,4.3412970996357725
-7.79036889669397,0.9348436046762627,0.0666777861268894,-0.026235142244127256,-0.027929771594846622,deutsch+e bahn,3.279961645398794
-7.758184827617599,0.9188731225503577,0.05633393386043846,-0.0261306710913032,-0.027146215331152544,Visier,3.3157265046350455
-7.758184827617599,0.9188731225503577,0.05633393386043846,-0.0261306710913032,-0.027146215331152544,bahn visier,3.3157265046350455
-7.727375805237785,0.9035748575800786,0.04654136327507438,-0.026030581358152546,-0.026406361942109734,visier der,3.3499694228825634
-7.70850684038872,0.8942007741480817,0.04059579341333196,-0.025969257286024176,-0.025958077371685408,jüngste,3.3709443104826553
-7.70850684038872,0.8942007741480817,0.04059579341333196,-0.025969257286024176,-0.025958077371685408,der jung+st+e,3.3709443104826553
-7.667599760618496,0.8738665761351323,0.027838797637203486,-0.025836288044431843,-0.02499855556557847,Cyberattacke,3.4164240386169293
-7.667599760618496,0.8738665761351323,0.027838797637203486,-0.025836288044431843,-0.02499855556557847,jung+st+e cyberattack+e,3.4164240386169293
-7.53372378775939,0.8072191272820932,-0.012691315802700744,-0.02540167380660005,-0.021970992103840466,IT-Systeme,3.565327228517627
-7.53372378775939,0.8072191272820932,-0.012691315802700744,-0.02540167380660005,-0.021970992103840466,cyberattack+e it+-+system+e,3.565327228517627
-7.301474261582125,0.6901008005556684,-0.07804442033809934,0.06873192578102034,-0.0015343467745137437,Deutschen,3.8243429346511117
-7.402566860067086,0.7417994505215084,-0.050697110518665364,-0.024978199017235723,-0.01916055405867885,it+-+system+e deutsch+en,3.7112872057158883
-7.79036889669397,0.9348436046762627,0.0666777861268894,-0.026235142244127256,-0.027929771594846622,deutsch+en bahn,3.279961645398794
-7.219386255282597,0.6502684048437422,-0.10120087892367977,-0.02439335813533008,-0.015468026814173419,bahn zeig+t,3.9152529947167336
-6.9360187970204645,0.5084109673532478,-0.1740411477158239,-0.023509458334985224,-0.010225648448121155,zeig+t europa,4.230970562474075
-6.736771828164844,0.4085380423693008,-0.2218488894197427,-0.022905905366770694,-0.00683761482806336,europa gerade,4.453072019736365
-6.452892263927108,0.2661388917999936,-0.28569610556319247,-0.02207395421476221,-0.002377440398653563,zurollt,4.769624590876932
-6.452892263927108,0.2661388917999936,-0.28569610556319247,-0.02207395421476221,-0.002377440398653563,gerade zu+roll+t,4.769624590876932
-5.258243776751126,-0.3332657651064266,-0.5114669985158012,-0.018937140450931783,0.012802872496259112,DDoS-Tsunami,6.102492448417568
-5.258243776751126,-0.3332657651064266,-0.5114669985158012,-0.018937140450931783,0.012802872496259112,zu+roll+t ddos-tsunami,6.102492448417568
-5.482817798537998,-0.22063721315644225,-0.4734455035492024,-0.019483654843959322,0.010311522130939168,steckt,5.851889423640262
-6.154911706449223,0.11660461979713999,-0.34795092802962657,-0.021237054715551134,0.0019007096446319906,was steck+t,5.102001080688203
-7.005070769363071,0.543002389701345,-0.15684073189422124,-0.023722218482670886,-0.011454789769224843,Angriffen,4.154016889802433
-7.005070769363071,0.543002389701345,-0.15684073189422124,-0.023722218482670886,-0.011454789769224843,steck+t angriff+en,4.154016889802433
-5.8956070497912085,-0.01352836605264951,-0.39862860619179,-0.02053895277377412,0.005331638595626589,Wer,5.391294050632212
-7.3600674066047045,0.7205787052728205,-0.06267295848401654,-0.024841731843007774,-0.018280631416932716,Dienstagnachmittag,3.758598382731782
-7.3600674066047045,0.7205787052728205,-0.06267295848401654,-0.024841731843007774,-0.018280631416932716,wer dienstag+nachmittag,3.758598382731782
-7.569857944761686,0.8252217707274105,-0.0019307148113922833,-0.02551882120084374,-0.02277171453092739,dienstag+nachmittag mittwoch,3.525128262251367
-7.678253543840595,0.8791638750357476,0.031143898875501452,-0.02587091833246008,-0.025246845347028347,App,3.4045784456938892
-7.678253543840595,0.8791638750357476,0.031143898875501452,-0.02587091833246008,-0.025246845347028347,mittwoch ap+p,3.4045784456938892
-7.713316550231232,0.8965905621566514,0.04210761585256445,-0.02598488998574586,-0.026072000251224553,Navigator,3.3655975993037393
-7.713316550231232,0.8965905621566514,0.04210761585256445,-0.02598488998574586,-0.026072000251224553,ap+p navigator,3.3655975993037393
-7.778648607035695,0.9290290097823202,0.06289725945772767,-0.02619711028930729,-0.027643148151704974,Zugausfälle,3.2929851604302245
-7.778648607035695,0.9290290097823202,0.06289725945772767,-0.02619711028930729,-0.027643148151704974,navigator zug+ausfall+e,3.2929851604302245
-7.8232745092914175,0.951160375601896,0.0773767732053846,-0.026341820993971903,-0.028742458593346946,informieren,3.2434019882565175
-7.8232745092914175,0.951160375601896,0.0773767732053846,-0.026341820993971903,-0.028742458593346946,zug+ausfall+e informier+en,3.2434019882565175
-7.889184261364312,0.983804370416268,0.09919256367941495,-0.026554888974703185,-0.03040664123814897,Ticket,3.1701958926589593
-7.889184261364312,0.983804370416268,0.09919256367941495,-0.026554888974703185,-0.03040664123814897,informier+en ticket,3.1701958926589593
-7.908400900512987,0.9933117662375837,0.10565266283229036,-0.026616809060605342,-0.030901272439695975,buchen,3.148857948942233
-7.908400900512987,0.9933117662375837,0.10565266283229036,-0.026616809060605342,-0.030901272439695975,ticket buch+en,3.148857948942233
-7.945862585301267,1.0118316002748589,0.1183790044257738,-0.026737184451508057,-0.03187815902411606,erhielt,3.1072691732508204
-7.945862585301267,1.0118316002748589,0.1183790044257738,-0.026737184451508057,-0.03187815902411606,buch+en erhalt,3.1072691732508204
-7.9640425927277345,1.0208121244885333,0.12461939381948994,-0.02679542040146724,-0.03235837876367043,erhalt oft,3.087090382758389
-7.983199078657343,1.030269795471223,0.13124125244784193,-0.026856639004132352,-0.03286882224782995,Fehlermeldung,3.0658307418689903
-7.983199078657343,1.030269795471223,0.13124125244784193,-0.026856639004132352,-0.03286882224782995,oft fehler+meldung,3.0658307418689903
-8.012457408490945,1.0447041016012222,0.14144813944072285,-0.026949821092297106,-0.03365737481355877,Hintergrund,3.0333662974243745
-8.047096027812088,1.0617752152904776,0.15368029863616064,-0.027059575247351055,-0.034605218616137294,Cyberangriff,2.9949419133591566
-8.047096027812088,1.0617752152904776,0.15368029863616064,-0.027059575247351055,-0.034605218616137294,hintergrund cyberangriff,2.9949419133591566
-8.06886121576939,1.0724916804539082,0.1614503386084683,-0.027128187871336685,-0.03520891092140573,er…,2.970803670036658
-8.06886121576939,1.0724916804539082,0.1614503386084683,-0.027128187871336685,-0.03520891092140573,cyberangriff er…,2.970803670036658
-8.07620261537625,1.0761045112228604,0.1640860106335696,-0.027151264415635385,-0.035413974202706686,+5915,2.962662867066462
-8.07620261537625,1.0761045112228604,0.1640860106335696,-0.027151264415635385,-0.035413974202706686,er… +5915,2.962662867066462
-8.084736213949018,1.0803028570873043,0.1671591912751265,-0.027178044217254657,-0.03565325980432797,+5915 chars,2.953200710724023
-7.348817744213147,0.7149598896315481,-0.06581617900372942,-0.02480568130252473,-0.018050130834547,Speicheranbieter,3.771122848773568
-7.1046091679928045,0.5928416471848521,-0.1314361288230022,-0.024031977214932856,-0.013280117464963125,speicher+anbieter schlag+en,4.043108141632757
-6.91112725884391,0.4959386353430484,-0.18015930795807203,-0.023433206017348558,-0.009789747430214518,schlag+en alarm,4.258713027574234
-6.702600792635051,0.39140247924379823,-0.22978957738485917,-0.02280399475125825,-0.00627889144583179,alarm komm+t,4.491169753044911
-5.806893183836208,-0.058045996809949596,-0.4152860313683788,-0.020306441437235305,0.00644920484624914,Batterie-Tsunami,5.490276371447571
-5.806893183836208,-0.058045996809949596,-0.4152860313683788,-0.020306441437235305,0.00644920484624914,komm+t batterie-tsunami,5.490276371447571
-6.079806513480736,0.07891200642093255,-0.36294604043748185,-0.021031993283599795,0.0029207295916223557,batterie-tsunami groß+e,5.185787607001388
-6.452892263927108,0.2661388917999936,-0.28569610556319247,-0.02207395421476221,-0.002377440398653563,Kater,4.769624590876932
-6.452892263927108,0.2661388917999936,-0.28569610556319247,-0.02207395421476221,-0.002377440398653563,groß+e kater,4.769624590876932
-5.935238885362275,-0.17922545400887557,1.6236759969766723,-0.027748555648127164,-0.03155271739625507,Papier,5.458331385734285
-6.858123580196611,0.46937548126126627,-0.19304581365230708,-0.023271633969088042,-0.008873852614566677,ein papier,4.317791670734953
-7.1046091679928045,0.5928416471848521,-0.1314361288230022,-0.024031977214932856,-0.013280117464963125,Bundesnetzagentur,4.043108141632757
-7.1046091679928045,0.5928416471848521,-0.1314361288230022,-0.024031977214932856,-0.013280117464963125,papier bund+es+netz+agentur,4.043108141632757
-7.3600674066047045,0.7205787052728205,-0.06267295848401654,-0.024841731843007774,-0.018280631416932716,wandelt,3.758598382731782
-7.3600674066047045,0.7205787052728205,-0.06267295848401654,-0.024841731843007774,-0.018280631416932716,bund+es+netz+agentur wandel+t,3.758598382731782
-7.441492126965127,0.7612263906197518,-0.03958535655375048,-0.025103542615240913,-0.019979406861936465,Goldgräberstimmung,3.6679610677851526
-7.441492126965127,0.7612263906197518,-0.03958535655375048,-0.025103542615240913,-0.019979406861936465,wandel+t goldgräber+stimmung,3.6679610677851526
-7.609392766050253,0.8449072191921423,0.009992194364017274,-0.025647152937034977,-0.023661525260618252,Furcht,3.481153383112124
-7.609392766050253,0.8449072191921423,0.009992194364017274,-0.025647152937034977,-0.023661525260618252,goldgräber+stimmung furcht,3.481153383112124
-7.672964202109741,0.876534024737126,0.029501484650301592,-0.025853725065189258,-0.02512343535643942,Milliarden-Fehlinvestitionen,3.410459412358655
-7.672964202109741,0.876534024737126,0.029501484650301592,-0.025853725065189258,-0.02512343535643942,furcht milliarde+n+-+fehlinvestition+en,3.410459412358655
-7.1261207267281925,0.60360832115651,-0.12584790414041308,-0.024099376276691793,-0.013683225275071868,Dutzend,4.019142656021735
-7.1261207267281925,0.60360832115651,-0.12584790414041308,-0.024099376276691793,-0.013683225275071868,rund dutzend,4.019142656021735
-7.173866923022136,0.6274996198768439,-0.11331624681981037,-0.02424952612394278,-0.014589294204173403,Energieunternehmen,3.9659543990983606
-7.862585998221335,0.9706371068602315,0.09032573637308217,-0.026469020616616247,-0.029729100402219752,dutzend energie+unternehmen,3.199734873123545
-7.9162791052730075,0.997208082252675,0.10831435322667492,-0.026642162552766455,-0.0311053153158485,protestieren,3.1401108968937588
-7.9162791052730075,0.997208082252675,0.10831435322667492,-0.026642162552766455,-0.0311053153158485,energie+unternehmen protestier+en,3.1401108968937588
-7.948198617538489,1.0129858134796657,0.11917848463640954,-0.026744674558362068,-0.031939637562582106,protestier+en deshalb,3.1046761562488108
-7.997241587598926,1.0371991717970062,0.13612588575730653,-0.026901412217209937,-0.03324592722495745,gemeinsamen,3.050248526040908
-7.997241587598926,1.0371991717970062,0.13612588575730653,-0.026901412217209937,-0.03324592722495745,deshalb gemeinsam+en,3.050248526040908
-8.019756234326273,1.0483028260915452,0.1440121318972195,-0.026973001186717128,-0.033855797362250806,Erklärung,3.02526884981489
-8.019756234326273,1.0483028260915452,0.1440121318972195,-0.026973001186717128,-0.033855797362250806,gemeinsam+en erklärung,3.02526884981489
-8.067366839539158,1.0717561572761205,0.16091475649298645,-0.0271234863157878,-0.035167258685646574,namhafte,2.972460832727447
-8.067366839539158,1.0717561572761205,0.16091475649298645,-0.0271234863157878,-0.035167258685646574,dutzend namhaft+e,2.972460832727447
-8.080506094461843,1.078221890324588,0.16563453134950498,-0.027164775455465823,-0.035534521311884976,namhaft+e energie+unternehmen,2.9578910281837443
-8.11245757708181,1.0939321490423932,0.17721356577592146,-0.02726469165343926,-0.03643749834839237,energie+unternehmen stark,2.9224679612765945
-8.124609302124277,1.0999021158871012,0.18165563387488748,-0.027302496439337215,-0.0367846538238187,Batteriespeicherprojekte,2.9089986704592485
-8.124609302124277,1.0999021158871012,0.18165563387488748,-0.027302496439337215,-0.0367846538238187,stark batterie+speicher+projekt+e,2.9089986704592485
-7.254590496809407,0.6678716283728603,-0.09171566307050527,-0.02450503405457896,-0.016157894748659175,gesetzt,3.876045350679978
-8.152467726092752,1.1135778932883862,0.19192046439187613,-0.027388723583713515,-0.037588459394829764,batterie+speicher+projekt+e ge+setz+t,2.8781255645416297
-8.16767250910248,1.1210355049857195,0.19757121412705322,-0.027435508367188447,-0.03803190285693581,ge+setz+t befürcht+en,2.8612789672751604
-8.178192298765435,1.1261924810349397,0.2015010600235219,-0.02746775593108485,-0.038340698070124725,drohende,2.8496247606945655
-8.178192298765435,1.1261924810349397,0.2015010600235219,-0.02746775593108485,-0.038340698070124725,befürcht+en droh+end+e,2.8496247606945655
-8.18643552023909,1.1302318441888766,0.20459212108744718,-0.027492952683224586,-0.03858381526983624,Fehlinvestitionen,2.840493497615161
-8.18643552023909,1.1302318441888766,0.20459212108744718,-0.027492952683224586,-0.03858381526983624,droh+end+e fehlinvestition+en,2.840493497615161
-8.204513073413878,1.1390852221041572,0.2114070995740283,-0.027547978435092536,-0.03912054586605534,Milliardenhöhe,2.8204712024662753
-8.204513073413878,1.1390852221041572,0.2114070995740283,-0.027547978435092536,-0.03912054586605534,fehlinvestition+en milliarde+n+höhe,2.8204712024662753
-8.222662588588058,1.1479667206977358,0.2182998134819893,-0.02760288786685216,-0.039664411202049936,geschädigtes,2.800373090558607
-8.222662588588058,1.1479667206977358,0.2182998134819893,-0.02760288786685216,-0.039664411202049936,milliarde+n+höhe ge+schädig+t+es,2.800373090558607
-8.23224695683042,1.1526538951640728,0.22196040231385977,-0.027631741984712375,-0.03995366315744404,ge+schädig+t+es vertrau+en,2.789761317752772
-8.24412208879371,1.1584584580563506,0.22651594897933586,-0.027667350230916956,-0.04031403656064891,Inves…,2.7766147925739353
-8.24412208879371,1.1584584580563506,0.22651594897933586,-0.027667350230916956,-0.04031403656064891,vertrau+en inves…,2.7766147925739353
-8.249471041270239,1.161071962852436,0.22857521192994099,-0.027683336456327215,-0.040477084930931974,+5821,2.7706937383995074
-8.249471041270239,1.161071962852436,0.22857521192994099,-0.027683336456327215,-0.040477084930931974,inves… +5821,2.7706937383995074
-8.253388108975408,1.1629854234407782,0.23008611058648426,-0.027695021953906312,-0.040596773314936906,+5821 chars,2.7663579467186823
-8.211807090690217,1.1426554327223588,0.2141710446003773,-0.027570087204184704,-0.03933851071363665,Nuclear,2.8123935994910925
-8.211807090690217,1.1426554327223588,0.2141710446003773,-0.027570087204184704,-0.03933851071363665,fukushima nuclear,2.8123935994910925
-8.20533630281369,1.1394882270571884,0.21171863767173132,-0.02755047645155884,-0.03914510558424759,Nightmare,2.819559503112526
-8.20533630281369,1.1394882270571884,0.21171863767173132,-0.02755047645155884,-0.03914510558424759,nuclear nightmare,2.819559503112526
-6.286200508421792,0.182492453939203,-0.32108213554725484,-0.021601184375598013,6.285475571976909e-05,Neue,4.955547372504682
-8.19523705288194,1.1345432152218242,0.20790393181007197,-0.027519783838274733,-0.03884452110474559,nightmare neu+e,2.8307446400594056
-8.19088181225899,1.1324100351708537,0.2062636814550802,-0.027506516489434044,-0.03871537126150342,Dokumentation,2.835568530963335
-8.19088181225899,1.1324100351708537,0.2062636814550802,-0.027506516489434044,-0.03871537126150342,neu+e dokumentation,2.835568530963335
-8.178192298765435,1.1261924810349397,0.2015010600235219,-0.02746775593108485,-0.038340698070124725,beleuchtet,2.8496247606945655
-8.178192298765435,1.1261924810349397,0.2015010600235219,-0.02746775593108485,-0.038340698070124725,dokumentation beleucht+et,2.8496247606945655
-8.155592725741723,1.1151110156408008,0.19307904060337538,-0.02739835567359465,-0.037679323649744335,beleucht+et jahr+en,2.8746629185896393
-8.148232426561107,1.111499749279424,0.1903525582204459,-0.027375655895370964,-0.037465537676818796,jahr+en passier+t,2.882818645279638
-8.121029117236102,1.0981435113203308,0.18034467808759408,-0.027291369984900844,-0.036682157151894025,schrecklichen,2.912966881294767
-8.121029117236102,1.0981435113203308,0.18034467808759408,-0.027291369984900844,-0.036682157151894025,passier+t schrecklich+en,2.912966881294767
-8.103565653147669,1.089561932977265,0.17397658471941582,-0.027236958279367503,-0.03618478359040095,schrecklich+en folge+n,2.932324970493176
-8.0888950498824,1.0823484468342806,0.16866061718346206,-0.027191077635761035,-0.035770236286945416,Atom-Katastrophe,2.948589604796488
-8.0888950498824,1.0823484468342806,0.16866061718346206,-0.027191077635761035,-0.035770236286945416,folge+n atom+-+katastrophe,2.948589604796488
-8.048713480874206,1.0625718716346348,0.15425547164208236,-0.02706468389392421,-0.034649863678924,atom+-+katastrophe zieh,2.993147954839048
-7.278528575172815,0.6798382652660535,-0.08520735357595395,-0.024581179728210337,-0.016632218280744168,auml,3.849387324656837
-8.012457408490945,1.0447041016012222,0.14144813944072285,-0.026949821092297106,-0.03365737481355877,auml 2011,3.0333662974243745
-6.5579640392408205,0.31885490422821317,-0.26261359341241847,-0.02237796743730723,-0.003981421692782081,2011 ereign+ete,4.652446796774632
-6.7278667980748645,0.40407265902086587,-0.22392528279845278,-0.022879301354022084,-0.0066914052269489085,ereign+ete japanisch+en,4.463000170328305
-6.783421410935796,0.43192811263255204,-0.21088942101251767,-0.023045798138284,-0.0076106219939895345,Tohoku-Region,4.401064943270991
-6.783421410935796,0.43192811263255204,-0.21088942101251767,-0.023045798138284,-0.0076106219939895345,japanisch+en tohoku-regio+n,4.401064943270991
-8.02686127082501,1.051805185262292,0.1465149332995483,-0.026995539208354485,-0.034049615099894584,tohoku-regio+n auml,3.0173868577077596
-7.836914296973315,0.957920243966784,0.08184880455647968,-0.02638598941410438,-0.029082825175965096,rksten,3.228249711720965
-7.836914296973315,0.957920243966784,0.08184880455647968,-0.02638598941410438,-0.029082825175965096,auml rkst+en,3.228249711720965
-6.839353259683804,0.45996715820872036,-0.1975639595897598,-0.02321467990065777,-0.00855344555076469,jemals,4.338714661407672
-7.812661316119732,0.9458989927097035,0.07391220475941664,-0.026307431180994375,-0.028479043741652048,rkst+en jemals,3.2551929412315914
-6.840507310498358,0.4605456285170264,-0.19728684819255804,-0.023218177578344778,-0.008573086392073,aufgezeichneten,4.337428239077796
-6.840507310498358,0.4605456285170264,-0.19728684819255804,-0.023218177578344778,-0.008573086392073,jemals auf+ge+zeichn+et+en,4.337428239077796
-6.827829482736199,0.45419069551738733,-0.20032621875764026,-0.023179782779536744,-0.008357741018229975,auf+ge+zeichn+et+en erdbeben,4.3515603723626795
-3.2811021506753564,-1.3244467365207253,-0.78429657300444,0.07884653153312175,0.051129340359960446,Bebens,8.309524527258882
-6.747114193037247,0.41372401099547496,-0.2194310798664714,-0.022936843964802778,-0.007007963714507404,quelle beben+s,4.441541561081407
-7.412612855220665,0.7468140986383198,-0.04784257438280344,-0.025010517321366266,-0.01937068927410776,uuml,3.700104835968763
-7.412612855220665,0.7468140986383198,-0.04784257438280344,-0.025010517321366266,-0.01937068927410776,beben+s uuml,3.700104835968763
-7.3600674066047045,0.7205787052728205,-0.06267295848401654,-0.024841731843007774,-0.018280631416932716,ste,3.758598382731782
-7.3600674066047045,0.7205787052728205,-0.06267295848401654,-0.024841731843007774,-0.018280631416932716,uuml st+e,3.758598382731782
-6.444599356437523,0.26197785136006946,-0.28749169449155443,-0.022050157198784014,-0.0022530693583490725,Meeresboden,4.778873542875293
-7.173165778933542,0.6271488427489682,-0.11350156745120282,-0.024247315794551104,-0.014575873934129006,st+e meer+es+boden,3.9667354118301743
-3.14866026583774,-1.3887848489713668,-0.8007623432838903,-0.014598971653698946,0.03084281953630939,lag,8.45654076580012
-6.237140847335668,0.157872048877314,-0.3312223826731578,-0.021464270627761385,0.0007579879675544965,meer+es+boden lieg,5.010272114182187
-6.114281514067759,0.09621377566016953,-0.356096025180362,-0.02112582931993415,0.002455271232381647,entstand,5.147327170003195
-6.114281514067759,0.09621377566016953,-0.356096025180362,-0.02112582931993415,0.002455271232381647,lieg entsteh,5.147327170003195
7.758706068655048,-6.7880575135812204,-1.5020537250781418,-0.0031319381133666307,0.06509247382485131,Folge,20.61464414442373
-5.997625771603064,0.03766884754774358,-0.37905356686748115,-0.02081029718913433,0.004011894816796743,entsteh folge,5.277471953985181
-3.6859285090303455,-1.120426736395808,-0.7366604203529551,-0.015583892092092143,0.026991804165215308,folge tsunami-well+e,7.857067079181015
-3.6807457681285207,-1.1230169688522769,-0.7373052764828341,-0.015574043355712002,0.027030979739561166,vielen,7.862850142926022
-6.628673055537386,0.35432465069457875,-0.24672305432984476,-0.022585156747306094,-0.005091226441202135,tsunami-well+e viel+en,4.573599003644827
-6.858123580196611,0.46937548126126627,-0.19304581365230708,-0.023271633969088042,-0.008873852614566677,Orte…,4.317791670734953
-6.858123580196611,0.46937548126126627,-0.19304581365230708,-0.023271633969088042,-0.008873852614566677,viel+en orte…,4.317791670734953
-2.4166217792489846,-1.7539265135858026,-0.8801154592374058,-0.013364196591922287,0.03548430628673742,11.,9.273238660419668
-7.06685285521663,0.5739405799148198,-0.141159264520281,-0.023914066857579557,-0.012580107361561357,orte… 11.,4.085174457566788
-2.549295062623731,-1.6877906565383696,-0.8663523913226356,-0.013579523677022491,0.03468963621328382,11. märz,9.125230616974706
-7.727375805237785,0.9035748575800786,0.04654136327507438,-0.026030581358152546,-0.026406361942109734,tohoku-regio+n stark+sten,3.3499694228825634
-7.770607171426377,0.9250386872863738,0.060312471853230284,-0.02617100725011934,-0.02744734317425815,stark+sten jemals,3.301921268567403
-7.9662362327572565,1.0218954117896237,0.12537525401141084,-0.02680243844676214,-0.03241659870133153,beben+s küste,3.084655750227621
-7.999190600216824,1.038160687899843,0.13680590043884538,-0.026907619229440547,-0.033298464717272214,küste meer+es+boden,3.0480859472561894
-8.050320870111685,1.063363527794558,0.15482742189494958,-0.02706975923588945,-0.034694265389204754,entsteh der…,2.9913651827653887
-8.059759625433685,1.0680113359035563,0.15819315460886793,-0.02709953110737872,-0.034955691795985705,+1527,2.980897055143764
-8.059759625433685,1.0680113359035563,0.15819315460886793,-0.02709953110737872,-0.034955691795985705,der… +1527,2.980897055143764
-8.06886121576939,1.0724916804539082,0.1614503386084683,-0.027128187871336685,-0.03520891092140573,+1527 chars,2.970803670036658
-5.948131469398127,0.012830229317946529,-0.3886075179155485,-0.020678122198763502,0.004656886673839525,Speicherkrise,5.332691923281891
-6.11732439409005,0.09774088961663674,-0.35548873789466023,-0.02113413536744897,0.0024139651914542003,Smartphone-Markt,5.143932562391046
-8.103565653147669,1.089561932977265,0.17397658471941582,-0.027236958279367503,-0.03618478359040095,speicher+krise smartphone-markt,2.932324970493176
-8.0732918099838,1.0746721654019773,0.16304008696986164,-0.027142118903100414,-0.03533258085458896,massiv,2.9658905665561965
-8.0732918099838,1.0746721654019773,0.16304008696986164,-0.027142118903100414,-0.03533258085458896,smartphone-markt massiv,2.9658905665561965
-8.05350587454806,1.0649320479189361,0.15596177788395554,-0.027079811398473888,-0.034782347913127606,massiv prozent,2.987832733387449
-8.0405234274421,1.0585375149015075,0.15134674293207545,-0.027038800444729054,-0.034424157765070566,einbrechen,3.002232004588361
-8.0405234274421,1.0585375149015075,0.15134674293207545,-0.027038800444729054,-0.034424157765070566,prozent ein+brech+en,3.002232004588361
-8.021550320328068,1.0491872798663058,0.14464346950920542,-0.026978694751548397,-0.0339046761679916,ein+brech+en der,3.023278532277153
-6.5555911884452485,0.3176645194982508,-0.2631417861549645,-0.022371050765482927,-0.003944610663134566,globalen,4.655092886169373
-6.5555911884452485,0.3176645194982508,-0.2631417861549645,-0.022371050765482927,-0.003944610663134566,der global+en,4.655092886169373
-6.737411150153737,0.40885862238158177,-0.2216996262374546,-0.02290781660074775,-0.0068481282292945506,global+en smartphone-markt,4.4523592495487465
-6.753969989757243,0.4171616146683017,-0.217824619739391,-0.022957376638967353,-0.007121206829204578,smartphone-markt steh+t,4.433898294213219
-6.798429572383379,0.4394523906735761,-0.207333848376607,-0.023090991318064025,-0.007861876055368248,gigantischer,4.384333968327237
-6.798429572383379,0.4394523906735761,-0.207333848376607,-0.023090991318064025,-0.007861876055368248,steh+t gigantisch+er,4.384333968327237
-6.838944686846249,0.4597623596024789,-0.19766204517379538,-0.02321344173136057,-0.008546493867282921,Einbruch,4.339170098823429
-6.838944686846249,0.4597623596024789,-0.19766204517379538,-0.02321344173136057,-0.008546493867282921,gigantisch+er einbruch,4.339170098823429
-6.863544243735085,0.47209236586606695,-0.19173664104511376,-0.023288107509731096,-0.008966762745540625,Absatzvolumens,4.311749466240439
-6.863544243735085,0.47209236586606695,-0.19173664104511376,-0.023288107509731096,-0.008966762745540625,einbruch absatz+volumen+s,4.311749466240439
-4.842309730254537,-0.5417488957079466,-0.577510873319594,-0.017973117508274312,0.01706616902852026,knapp,6.566651027788546
-6.87509045197341,0.47787921884829054,-0.18894147064944194,-0.023323235167670597,-0.009165236392632482,absatz+volumen+s knapp,4.2988795455666455
-7.133978134014081,0.6075405970116898,-0.12379783939761255,-0.0241240338467196,-0.013831251493099099,knapp prozent,4.010389230523708
-6.862158427798105,0.4713977885452467,-0.1920715242058618,-0.023283894879832845,-0.008942993593328265,bevor,4.313294176340662
-6.862158427798105,0.4713977885452467,-0.1920715242058618,-0.023283894879832845,-0.008942993593328265,prozent bevor,4.313294176340662
-6.841364726998529,0.46097540853208585,-0.19708090757522673,-0.023220776562988512,-0.008587683761682473,IDC,4.336472477141089
-6.841364726998529,0.46097540853208585,-0.19708090757522673,-0.023220776562988512,-0.008587683761682473,bevor idc,4.336472477141089
-6.831119318522798,0.4558398010085345,-0.1995385377855068,-0.023189739921682474,-0.00841353364948292,prognostiziert,4.3478931221747095
-6.831119318522798,0.4558398010085345,-0.1995385377855068,-0.023189739921682474,-0.00841353364948292,idc prognostizier+t,4.3478931221747095
-6.1553869997398145,0.11684315215856911,-0.34785517990051945,-0.021238359912631188,0.0018941834825389643,Verantwortlich,5.101470861960182
-6.624653176952697,0.35230831211659375,-0.24763435912942933,-0.0225733220387701,-0.0050274571243758,verantwortlich groß,4.578081392210047
-6.54443626649153,0.3120683716901822,-0.26562050826944467,-0.02233856662395146,-0.0037719297615716844,Rückgang,4.667532418881722
-6.54443626649153,0.3120683716901822,-0.26562050826944467,-0.02233856662395146,-0.0037719297615716844,groß rückgang,4.667532418881722
-5.096236963483026,-0.4144893873349824,-0.5378357019331504,-0.018554400811066882,0.014514885638128732,Zeiten,6.283281285248405
-6.321634277545777,0.20027430170347849,-0.3136821912314101,-0.021700701460832538,-0.0004455951126990064,rückgang zeit+en,4.916023313370552
-6.54606281974208,0.31288438061751744,-0.2652595192385234,-0.022343300050484013,-0.0037970712719703065,zeit+en speicher+krise,4.665718540214932
-5.694873862585679,-0.11425371903939263,-0.43585439138785553,-0.020017365505524326,0.007822196767071809,-ähnlicher,5.615266712236061
-5.694873862585679,-0.11425371903939263,-0.43585439138785553,-0.020017365505524326,0.007822196767071809,tsunami -ähnlich+er,5.615266712236061
-6.500936667105192,0.2902446048101752,-0.2752186555744107,-0.02221239001511564,-0.003104317456967716,Schock,4.716042989165095
-6.500936667105192,0.2902446048101752,-0.2752186555744107,-0.02221239001511564,-0.003104317456967716,-ähnlich+er schock,4.716042989165095
-6.9360187970204645,0.5084109673532478,-0.1740411477158239,-0.023509458334985224,-0.010225648448121155,schock welle+n,4.230970562474075
-7.219386255282597,0.6502684048437422,-0.10120087892367977,-0.02439335813533008,-0.015468026814173419,welle+n der,3.9152529947167336
-8.065863561617892,1.0710162138572086,0.1603762976571052,-0.02711875533381377,-0.03512538874237595,Speic…,2.974127888585019
-8.065863561617892,1.0710162138572086,0.1603762976571052,-0.02711875533381377,-0.03512538874237595,zeit+en speic…,2.974127888585019
-8.07764539111189,1.0768144157265318,0.1646048750848424,-0.0271557954550523,-0.035454360479351375,+2721,2.9610630496978025
-8.07764539111189,1.0768144157265318,0.1646048750848424,-0.0271557954550523,-0.035454360479351375,speic… +2721,2.9610630496978025
-8.086130312860034,1.080988601185327,0.16766221786350718,-0.02718241450485413,-0.03569244549228485,+2721 chars,2.9516549855381076
-7.63372995401339,0.8570190659643888,0.017411164960606178,-0.02572621320166548,-0.02421658971238954,The,3.4540869104097798
-7.609392766050253,0.8449072191921423,0.009992194364017274,-0.025647152937034977,-0.023661525260618252,the big,3.481153383112124
-7.583469855411273,0.832000895594712,0.0021565367991922754,-0.025562989681364435,-0.023076439217065432,One,3.509986751620782
-7.583469855411273,0.832000895594712,0.0021565367991922754,-0.025562989681364435,-0.023076439217065432,big one,3.509986751620782
-7.548555847178674,0.8146098786960903,-0.008289993810117226,-0.025449740095451073,-0.022298236928380254,Warten,3.548825928378039
-7.548555847178674,0.8146098786960903,-0.008289993810117226,-0.025449740095451073,-0.022298236928380254,one wart+en,3.548825928378039
-7.422444038322489,0.7517209445949913,-0.04504019752796459,-0.025042165741773932,-0.019577134466760605,wart+en katastrophe,3.6891619642675213
-7.288284957417943,0.6847147154019153,-0.08254099781970745,-0.024612261133100662,-0.016826769492119288,Geologen,3.8385229241385037
-7.288284957417943,0.6847147154019153,-0.08254099781970745,-0.024612261133100662,-0.016826769492119288,katastrophe geologe+n,3.8385229241385037
-5.933645876409393,-0.01725524635679898,1.0832195392960462,0.005989990375297624,-0.009956002099135261,rechnen,5.381022605019863
-7.156820355355483,0.6189708148761885,-0.11781084954056065,-0.02419583270356509,-0.014263989947838937,geologe+n rechn+en,3.98494317572481
-6.736771828164844,0.4085380423693008,-0.2218488894197427,-0.022905905366770694,-0.00683761482806336,rechn+en gewaltig+en,4.453072019736365
-6.223914832039437,0.15123452519600722,-0.33393547045087657,-0.02142753310139086,0.0009436609889512081,gewaltig+en erdbeben,5.025025739791974
-5.258243776751126,-0.3332657651064266,-0.5114669985158012,-0.018937140450931783,0.012802872496259112,samt,6.102492448417568
-5.258243776751126,-0.3332657651064266,-0.5114669985158012,-0.018937140450931783,0.012802872496259112,erdbeben samt,6.102492448417568
-3.6859285090303455,-1.120426736395808,-0.7366604203529551,-0.015583892092092143,0.026991804165215308,samt tsunami,7.857067079181015
-6.346654977880627,0.21283023588155725,-0.3084178340685909,-0.021771291637839016,-0.0008079095598067625,US-Nordwestküste,4.888115077857104
-6.346654977880627,0.21283023588155725,-0.3084178340685909,-0.021771291637839016,-0.0008079095598067625,tsunami us+-+nordwest+küste,4.888115077857104
-7.0376065358516255,0.5594802366671527,-0.14838989306592912,0.0014147023177554121,-0.007866460621950788,Unglück,4.117676413612791
-7.0376065358516255,0.5594802366671527,-0.14838989306592912,0.0014147023177554121,-0.007866460621950788,der unglück,4.117676413612791
-3.426202258508421,-1.2530103233308885,-0.7670502060511031,0.09864108664284213,0.04848111277233954,viele,8.148076710291031
-7.149776621217814,0.6120753871871176,-0.11836535685178132,0.1086436257910758,0.008171683734184119,unglück viel+e,3.9942330763970983
-7.135658075821981,0.5986489809575417,-0.12126302791403776,0.17992367435738854,0.020767740454884255,Tausend,4.012722197229499
-7.135658075821981,0.5986489809575417,-0.12126302791403776,0.17992367435738854,0.020767740454884255,viel+e tausend,4.012722197229499
-6.923104557087297,0.45242705369818603,-0.17192974527661303,0.3965091058793235,0.06378215651239974,tausend tot+e,4.26688619064053
-7.18044715922553,0.6117504457831635,-0.1086581112848723,0.24910954164701724,0.03212788233009803,fordern,3.966876445272903
-7.18044715922553,0.6117504457831635,-0.1086581112848723,0.24910954164701724,0.03212788233009803,tot+e forder+n,3.966876445272903
-4.4426147873201955,-1.01826835164595,1.8657808096322157,0.07885661736596898,0.1805919160398978,Nur,7.170634308398926
-7.498039028782083,0.7865314352895729,-0.021996931081988583,0.1016956661754795,1.4207158431644995e-07,nur wiss,3.606271048055218
-7.5446818501287725,0.8106794994169557,-0.008401275953253028,0.08602545090932887,-0.003667571396837044,niemand,3.5539854642654056
-7.5446818501287725,0.8106794994169557,-0.008401275953253028,0.08602545090932887,-0.003667571396837044,wiss niemand,3.5539854642654056
-7.6143854652407015,0.8463387747974116,0.012351982235540413,0.06549512779217612,-0.008671494892003292,wann,3.476041484063795
-7.6143854652407015,0.8463387747974116,0.012351982235540413,0.06549512779217612,-0.008671494892003292,niemand wann,3.476041484063795
-7.6657374792073725,0.8723537727959025,0.02798248619477208,0.052414908852338335,-0.012027817327992692,wann passier+t,3.4187347305916087
-4.8887311439777035,-0.5184069006580625,-0.5701399997513176,0.010827842823809317,0.021488987974196214,Wenn,6.514804856503311
-7.762434816385815,0.9209162838624547,0.05822553086540094,0.031901267372976154,-0.017704615088320608,wenn erde,3.311020552591654
-7.822269543966602,0.9507612143405506,0.07748740481597367,0.02152821571389873,-0.020867757189515418,erde beb+t,3.244465683324132
-7.85657512985113,0.967818183165317,0.08872627328348195,0.01627094018204409,-0.02258150941069937,hätte,3.2063336172971284
-7.85657512985113,0.967818183165317,0.08872627328348195,0.01627094018204409,-0.02258150941069937,beb+t hab+e,3.2063336172971284
-7.887383123471688,0.9831070138323572,0.09894343273313898,0.011937793230761313,-0.024066117196107968,Riese,3.172103738247004
-7.887383123471688,0.9831070138323572,0.09894343273313898,0.011937793230761313,-0.024066117196107968,hab+e riese,3.172103738247004
-7.9126113034819054,0.9956080770970861,0.1073991239834134,0.008644001363606421,-0.02524703454355133,riese fundament,3.144082874617799
-7.938286862312053,1.0083147195089865,0.11608840716969267,0.005512338581219664,-0.02641948702296057,gerüttelt,3.115573343050462
-7.938286862312053,1.0083147195089865,0.11608840716969267,0.005512338581219664,-0.02641948702296057,fundament ge+rüttel+t,3.115573343050462
-7.964081339489379,1.0210647645410937,0.12490423511513933,0.002576996584707018,-0.02756997589251442,ge+rüttel+t wiss,3.086939759960983
-6.062037140672336,0.07012167218268717,-0.3663282258254107,-0.006582829604966363,0.005563671597235548,Tracy,5.205552762657094
-7.975060377920906,1.0264871185738451,0.12868314644401574,0.0013886333367161652,-0.02805191566636126,wiss tracy,3.0747546548632565
-7.987680212276537,1.032716590975754,0.13304662228796382,6.596621478632218e-05,-0.028600488798645678,Wallender,3.060750213392064
-7.987680212276537,1.032716590975754,0.13304662228796382,6.596621478632218e-05,-0.028600488798645678,tracy wall+end+er,3.060750213392064
-8.009388854168664,1.0434245830947926,0.14060273367751144,-0.002104712486143617,-0.029531365922260848,wall+end+er der,3.036663970703011
-8.016864039825203,1.0471094996511483,0.14321940216021778,-0.002822536610282123,-0.029848351355729837,der uhr,3.0283712942788927
-8.024132710209203,1.0506915026494243,0.1457711015143919,-0.003506380841798854,-0.030154911134346048,tickt,3.0203083102248236
-8.024132710209203,1.0506915026494243,0.1457711015143919,-0.003506380841798854,-0.030154911134346048,uhr tick+t,3.0203083102248236
-8.071458289266834,1.07398715063708,0.16256387982437523,-0.0076335392801977885,-0.03211370160392933,Haus,2.9678251972627963
-8.071458289266834,1.07398715063708,0.16256387982437523,-0.0076335392801977885,-0.03211370160392933,sie haus,2.9678251972627963
-7.8897268270376175,0.971808541667488,0.10138951686839305,0.20194303572758024,0.008004584971570933,zwölf,3.1748940861997474
-8.080227492918906,1.078298741890215,0.16571004722405422,-0.008339289023819928,-0.032470141558866704,haus zwölf,2.9581030113597504
-8.088693599564703,1.0824598375630254,0.168757867382933,-0.009003992909408346,-0.03281249328849958,Stufen,2.9487176569520073
-8.088693599564703,1.0824598375630254,0.168757867382933,-0.009003992909408346,-0.03281249328849958,zwölf stufe+n,2.9487176569520073
-8.098210829576104,1.0871358358495604,0.17219636292824736,-0.00973208385399034,-0.033195352639793355,hinunter,2.9381679832371645
-8.098210829576104,1.0871358358495604,0.17219636292824736,-0.00973208385399034,-0.033195352639793355,stufe+n hinunter,2.9381679832371645
-8.114938632515427,1.0953500957547089,0.1782716972203656,-0.01096397288605082,-0.033863403633156666,flink,2.9196279276468076
-8.114938632515427,1.0953500957547089,0.1782716972203656,-0.01096397288605082,-0.033863403633156666,hinunter flink,2.9196279276468076
-8.125859604874526,1.100709828764147,0.1822600636915074,-0.011736240553517754,-0.03429637517103044,eben,2.907525463226858
-8.125859604874526,1.100709828764147,0.1822600636915074,-0.011736240553517754,-0.03429637517103044,flink eben,2.907525463226858
-8.13171164270069,1.1035808607349247,0.18440445029482205,-0.01213992302008939,-0.03452740354551779,eben geh+t,2.9010408619857513
-8.146261055627182,1.1107158245265598,0.18975780762676472,-0.013113610593040878,-0.03509896441682663,kaputte…,2.8849204126958226
-8.146261055627182,1.1107158245265598,0.18975780762676472,-0.013113610593040878,-0.03509896441682663,geh+t kaputte…,2.8849204126958226
-8.156847125855109,1.1159044480283686,0.19367270406590037,-0.013795822418949208,-0.03551241903925683,+256,2.873192754983872
-8.156847125855109,1.1159044480283686,0.19367270406590037,-0.013795822418949208,-0.03551241903925683,kaputte… +256,2.873192754983872
-8.161957050417772,1.1184081804336325,0.19556845302582848,-0.014117395515322937,-0.035711303705453244,+256 char+s,2.867532235223407
-7.046985923499661,0.5639932134972439,-0.1462325402511208,-0.02385222528423855,-0.012215550433975292,Gletschersturz,4.107310726317056
-7.046985923499661,0.5639932134972439,-0.1462325402511208,-0.02385222528423855,-0.012215550433975292,grönland gletscher+sturz,4.107310726317056
-6.500936667105192,0.2902446048101752,-0.2752186555744107,-0.02221239001511564,-0.003104317456967716,Dickson,4.716042989165095
-6.500936667105192,0.2902446048101752,-0.2752186555744107,-0.02221239001511564,-0.003104317456967716,gletscher+sturz dickson,4.716042989165095
1.7052394844443164,-3.8008226556911207,-1.2106462968830054,-0.008058220170497404,0.05304322689090736,Fjord,13.869597479132075
-5.997625771603064,0.03766884754774358,-0.37905356686748115,-0.02081029718913433,0.004011894816796743,dickson fjord,5.277471953985181
-5.258243776751126,-0.3332657651064266,-0.5114669985158012,-0.018937140450931783,0.012802872496259112,fjord lös+t,6.102492448417568
-3.6859285090303455,-1.120426736395808,-0.7366604203529551,-0.015583892092092143,0.026991804165215308,lös+t tsunami,7.857067079181015
-6.079806513480736,0.07891200642093255,-0.36294604043748185,-0.021031993283599795,0.0029207295916223557,110,5.185787607001388
-6.079806513480736,0.07891200642093255,-0.36294604043748185,-0.021031993283599795,0.0029207295916223557,tsunami 110,5.185787607001388
-6.346654977880627,0.21283023588155725,-0.3084178340685909,-0.021771291637839016,-0.0008079095598067625,110 meter,4.888115077857104
-7.086048110862334,0.5835504439681944,-0.13622948959182749,-0.02397395020626149,-0.012934805594215955,Grünes,4.063787539331356
-7.086048110862334,0.5835504439681944,-0.13622948959182749,-0.02397395020626149,-0.012934805594215955,welle+n grün+es,4.063787539331356
-7.204425738329441,0.6427860781557795,-0.10520112632913331,-0.024346014110474615,-0.015177586357886533,Wissen,3.9319159794174863
-7.204425738329441,0.6427860781557795,-0.10520112632913331,-0.024346014110474615,-0.015177586357886533,grün+es wiss+en,3.9319159794174863
-7.381797859743785,0.7314303724993203,-0.05656970585911196,-0.024911456253208116,-0.018728729143058495,wiss+en der,3.7344067821695512
-7.422444038322489,0.7517209445949913,-0.04504019752796459,-0.025042165741773932,-0.019577134466760605,Permafrost,3.6891619642675213
-7.422444038322489,0.7517209445949913,-0.04504019752796459,-0.025042165741773932,-0.019577134466760605,der permafrost,3.6891619642675213
-7.518351057765447,0.7995572901419703,-0.01723038792747433,-0.025351887011058113,-0.021633893464869422,taut,3.582431125760644
-7.518351057765447,0.7995572901419703,-0.01723038792747433,-0.025351887011058113,-0.021633893464869422,permafrost tau+t,3.582431125760644
-1.5433111026697812,-2.1213597029079243,0.9860867485553281,-0.02957471848561705,0.015300382853009921,lässt,10.247345030667947
-7.609392766050253,0.8449072191921423,0.009992194364017274,-0.025647152937034977,-0.023661525260618252,tau+t lass+st,3.481153383112124
-7.645353780282198,0.862802112534419,0.020976262387765395,-0.025763985191083326,-0.02448369822318243,Berge,3.4411606369163312
-7.645353780282198,0.862802112534419,0.020976262387765395,-0.025763985191083326,-0.02448369822318243,lass+st berg+e,3.4411606369163312
-1.9810572610379307,-1.971495993721629,-0.922673228575382,-0.03051011088328753,0.06875360454786461,einstürzen,9.759339465829541
-7.678253543840595,0.8791638750357476,0.031143898875501452,-0.02587091833246008,-0.025246845347028347,berg+e ein+stürz+en,3.4045784456938892
-7.03113326284541,0.5560549201137888,-0.15025976728191567,-0.023802980670269397,-0.011926497113471865,Wissenschaftler,4.124974888035566
-7.80169935462948,0.9404633661493516,0.07034759046656285,-0.026271892891570454,-0.028208271208870622,wissenschaftler innen,3.2673721650045513
-7.8232745092914175,0.951160375601896,0.0773767732053846,-0.026341820993971903,-0.028742458593346946,lösen,3.2434019882565175
-7.8232745092914175,0.951160375601896,0.0773767732053846,-0.026341820993971903,-0.028742458593346946,innen lös+en,3.2434019882565175
-7.856357923861104,0.9675526711833264,0.08826193574606346,-0.026448889739805765,-0.029571625396507317,Rätsel,3.2066522737921606
-7.856357923861104,0.9675526711833264,0.08826193574606346,-0.026448889739805765,-0.029571625396507317,lös+en rätsel,3.2066522737921606
-7.892004266282928,0.9851998641117192,0.10013771490682076,-0.026563982190351658,-0.030478956244104384,Seismografen,3.1670644148569074
-7.892004266282928,0.9851998641117192,0.10013771490682076,-0.026563982190351658,-0.030478956244104384,rätsel seismografe+n,3.1670644148569074
-7.926471913543747,1.0022478871032783,0.11176958115028485,-0.026674935484508045,-0.03137040374211938,seismografe+n seit,3.1287946949185805
-7.113662788227552,0.5973732390897228,-0.12908852620008168,-0.02406032440065836,-0.013449392194689602,2023,4.03302157928967
-7.938740104526447,1.0083119694610923,0.1159457165975475,-0.026714334980914002,-0.031691123628685786,seit 2023,3.115175464991321
-7.950516012123304,1.014130741454202,0.11997227641816831,-0.026752102882880557,-0.03200069152752072,2023 weltweit,3.1021038712141933
-7.970573409360227,1.0240370364820535,0.12687154667253595,-0.026816308419239113,-0.032531884633244336,beschäftigte,3.0798422116511626
-7.970573409360227,1.0240370364820535,0.12687154667253595,-0.026816308419239113,-0.032531884633244336,weltweit beschäftig+te,3.0798422116511626
-6.51628788495025,0.2979465082230406,-0.27184367837881973,-0.0222568277168387,-0.0033388792307655867,neun,4.698923104365372
-8.006850693669191,1.0419391103658375,0.13948341081441104,-0.026931996616989695,-0.03350541971556283,beschäftig+te neun,3.039586810547033
-6.541183607612722,0.31043657084640675,-0.266341931880013,-0.022329104396338978,-0.0037216923997690082,neun tag+e,4.671159687312565
-6.5652589104985095,0.32251447685798373,-0.26098772928279235,-0.022399246154101236,-0.004094763693026075,lang,4.644311952833862
-6.5652589104985095,0.32251447685798373,-0.26098772928279235,-0.022399246154101236,-0.004094763693026075,tag+e lang,4.644311952833862
-8.033781009392733,1.0552154202756214,0.1489590239253319,-0.02701746343471577,-0.03423901099476217,andauerndes,3.009710869107594
-8.033781009392733,1.0552154202756214,0.1489590239253319,-0.02701746343471577,-0.03423901099476217,lang an+dauer+nd+es,3.009710869107594
-8.05350587454806,1.0649320479189361,0.15596177788395554,-0.027079811398473888,-0.034782347913127606,an+dauer+nd+es erdbeben,2.987832733387449
-7.362838860745815,0.7219628463373116,-0.0618968890568382,-0.0248506180075668,-0.01833757118020942,dauerte,3.7555129410254326
-8.07182361463894,1.0739496414381868,0.16251297795530553,-0.027137503876663287,-0.035291570083784314,erdbeben dauer+te,2.9675186330396897
-7.241048996624151,0.661101092925642,-0.0953762543044632,-0.024462033367004466,-0.01589145858919435,dauer+te neun,3.8911263173972523
-7.4484331576150025,0.7646895755589038,-0.03758932074460594,-0.025125926257491774,-0.02012674715930428,wusste,3.660235933573967
-7.4484331576150025,0.7646895755589038,-0.03758932074460594,-0.025125926257491774,-0.02012674715930428,lang wiss+e,3.660235933573967
-4.431283162099648,-0.7476021630355563,-0.6378362403966599,-0.017077722881855193,0.02088755726356678,warum,7.02533452973912
-7.466432709524411,0.7736689311151661,-0.03239229730018346,-0.02518401501635231,-0.02051072736404174,wiss+e warum,3.6402039726424515
-8.07182361463894,1.0739496414381868,0.16251297795530553,-0.027137503876663287,-0.035291570083784314,warum dauer+te,2.9675186330396897
-8.19523705288194,1.1345432152218242,0.20790393181007197,-0.027519783838274733,-0.03884452110474559,warum 16.,2.8307446400594056
-8.198657766838416,1.1362183841943396,0.20919425767952088,-0.02753019119508341,-0.038946159065770126,September,2.8269559915531492
-8.198657766838416,1.1362183841943396,0.20919425767952088,-0.02753019119508341,-0.038946159065770126,16. september,2.8269559915531492
-7.938740104526447,1.0083119694610923,0.1159457165975475,-0.026714334980914002,-0.031691123628685786,september 2023,3.115175464991321
-8.211009233050937,1.1422649610409001,0.21386830959381314,-0.02756767151412024,-0.0393146290224874,zeichneten,2.813277138973776
-8.211009233050937,1.1422649610409001,0.21386830959381314,-0.02756767151412024,-0.0393146290224874,2023 zeichn+eten,2.813277138973776
-8.222662588588058,1.1479667206977358,0.2182998134819893,-0.02760288786685216,-0.039664411202049936,Messgeräte,2.800373090558607
-8.222662588588058,1.1479667206977358,0.2182998134819893,-0.02760288786685216,-0.039664411202049936,zeichn+eten mess+gerät+e,2.800373090558607
-7.950516012123304,1.014130741454202,0.11997227641816831,-0.026752102882880557,-0.03200069152752072,mess+gerät+e weltweit,3.1021038712141933
-8.05350587454806,1.0649320479189361,0.15596177788395554,-0.027079811398473888,-0.034782347913127606,weltweit erdbeben,2.987832733387449
-8.261610557526888,1.1670008566661931,0.2332656689368602,-0.027719491719168134,-0.040848809120686204,Periodendauer,2.757257176701577
-8.261610557526888,1.1670008566661931,0.2332656689368602,-0.027719491719168134,-0.040848809120686204,erdbeben periode+n+dauer,2.757257176701577
-8.27418204902593,1.1731370217283734,0.2381480003757908,-0.027756743861077893,-0.041236247289768525,periode+n+dauer sekunde+n,2.743344485982846
-8.279320902874979,1.1756442010783794,0.24015112370204525,-0.027771914152617896,-0.04139535564399779,fortsetzte,2.73765798452566
-8.279320902874979,1.1756442010783794,0.24015112370204525,-0.027771914152617896,-0.04139535564399779,sekunde+n fort+setz+te,2.73765798452566
-8.28595675855281,1.1788807876176546,0.242744145194319,-0.027791453305893464,-0.041601449728438704,Lange,2.7303154628610686
-8.289186272409495,1.1804555627475541,0.2440087137338857,-0.027800941684522323,-0.041702011288638464,rätse…,2.7267422438514664
-8.289186272409495,1.1804555627475541,0.2440087137338857,-0.027800941684522323,-0.041702011288638464,lange rätse…,2.7267422438514664
-8.293404484412951,1.1825120542331848,0.2456630024020727,-0.027813314012619928,-0.04183361715371508,+3467,2.722075314214368
-8.293404484412951,1.1825120542331848,0.2456630024020727,-0.027813314012619928,-0.04183361715371508,rätse… +3467,2.722075314214368
-8.296504406787454,1.1840230644115428,0.24688059041774485,-0.027822391087230863,-0.04193051986111148,+3467 chars,2.7186457868491933
-7.569857944761686,0.8252217707274105,-0.0019307148113922833,-0.02551882120084374,-0.02277171453092739,Drohender,3.525128262251367
-7.494202839416302,0.7875183758403066,-0.024314454772969212,-0.025273750990700766,-0.021108574152992145,Preis-Knall,3.6093009076325018
-7.494202839416302,0.7875183758403066,-0.024314454772969212,-0.025273750990700766,-0.021108574152992145,drohender preis+-+knall,3.6093009076325018
-7.381797859743785,0.7314303724993203,-0.05656970585911196,-0.024911456253208116,-0.018728729143058495,preis+-+knall wegen,3.7344067821695512
-4.547756255711875,-0.6892874175546759,-0.6212014592029766,-0.017325956975397083,0.019840858047432956,Iran-Krieg,6.895357716825021
-7.31340287285211,0.6972670902033957,-0.0756393011865148,-0.024692401857021512,-0.017330969856738723,wegen iran+-+krieg,3.8105538898019047
-5.601648355717301,-0.16102621898517633,-0.4525915173266787,-0.019780576737075364,0.008933746210250115,Lebensmittel-Industrie,5.719290658151755
-7.1225706232684125,0.6018315831940129,-0.12677259209983788,-0.024088242413520495,-0.013616482964457603,iran+-+krieg leben+s+mittel+-+industrie,4.023097650501866
-4.370566592432243,-0.7779953917224396,-0.6463709085050373,-0.016949985853646973,0.021422469522440334,leben+s+mittel+-+industrie warn+t,7.093090044140617
-5.568563040459621,-0.1776243075372923,-0.4584509406706791,-0.019697358414353668,0.009321671609127388,Kosten-Tsunami,5.756208972943077
-5.568563040459621,-0.1776243075372923,-0.4584509406706791,-0.019697358414353668,0.009321671609127388,warn+t kosten-tsunami,5.756208972943077
-5.806893183836208,-0.058045996809949596,-0.4152860313683788,-0.020306441437235305,0.00644920484624914,kosten-tsunami berlin,5.490276371447571
-6.452892263927108,0.2661388917999936,-0.28569610556319247,-0.02207395421476221,-0.002377440398653563,berlin der,4.769624590876932
-5.425583550781716,-0.24934508847590342,-0.4833043093083922,-0.019342574311477758,0.010960086003399849,deutsche,5.915756377632769
-6.628673055537386,0.35432465069457875,-0.24672305432984476,-0.022585156747306094,-0.005091226441202135,der deutsch+e,4.573599003644827
-7.1225706232684125,0.6018315831940129,-0.12677259209983788,-0.024088242413520495,-0.013616482964457603,deutsch+e leben+s+mittel+-+industrie,4.023097650501866
-7.381797859743785,0.7314303724993203,-0.05656970585911196,-0.024911456253208116,-0.018728729143058495,warn+t wegen,3.7344067821695512
-7.477322489967042,0.7791004579938638,-0.029233343565294837,-0.025219187999210236,-0.020744376035034796,Iran-Kriegs,3.628085245480465
-7.477322489967042,0.7791004579938638,-0.029233343565294837,-0.025219187999210236,-0.020744376035034796,wegen iran+-+krieg+s,3.628085245480465
-7.596640261383277,0.8385587593642949,0.006128991776625245,-0.02560574255611727,-0.023372913275305697,explodierenden,3.495337233218
-7.596640261383277,0.8385587593642949,0.006128991776625245,-0.02560574255611727,-0.023372913275305697,iran+-+krieg+s explodier+end+en,3.495337233218
-5.568563040459621,-0.1776243075372923,-0.4584509406706791,-0.019697358414353668,0.009321671609127388,Kosten,5.756208972943077
-5.568563040459621,-0.1776243075372923,-0.4584509406706791,-0.019697358414353668,0.009321671609127388,explodier+end+en kosten,5.756208972943077
-7.128782096027508,0.6049402405087081,-0.1251540649244124,-0.024107725674752636,-0.013733315694360024,Energie,4.016177778879399
-7.736453481155262,0.9080833888695015,0.04941569498855557,-0.026060078306866408,-0.026623329551561714,kosten energie,3.339879367823563
-7.786506551204658,0.9329276077228075,0.06543019815638544,-0.026222610854049443,-0.027835153525502733,Transporte,3.284253361581154
-7.786506551204658,0.9329276077228075,0.06543019815638544,-0.026222610854049443,-0.027835153525502733,energie transport+e,3.284253361581154
-7.846782499976747,0.9628095476172303,0.08509801108602535,-0.02641792282174414,-0.029330372633930568,transport+e möglich+en,3.217288052631374
-7.877640647969654,0.9780908913700233,0.09533378283192072,-0.026517644022095298,-0.030111586243558336,Preiseffekt,3.183015132256591
-7.877640647969654,0.9780908913700233,0.09533378283192072,-0.026517644022095298,-0.030111586243558336,möglich+en preis+effekt,3.183015132256591
-7.908400900512987,0.9933117662375837,0.10565266283229036,-0.026616809060605342,-0.030901272439695975,preis+effekt ...,3.148857948942233
-7.076532029159832,0.578786486438285,-0.1386768945688824,-0.02394424676136338,-0.01275865850011744,+++Kranke,4.074390023313585
-7.918860036942133,0.9984843497843698,0.10918802163079964,-0.026650464214187167,-0.031172321186857692,... +++krank+e,3.1372454324143413
-7.12697110225749,0.6040339061862816,-0.1256262642535756,-0.024102043863226234,-0.0136992251853707,Schwangere,4.0181952998665675
-7.12697110225749,0.6040339061862816,-0.1256262642535756,-0.024102043863226234,-0.0136992251853707,+++krank+e schwanger+e,4.0181952998665675
-7.189026307559526,0.6350832754908113,-0.1092998894960702,-0.024297354088197616,-0.014880300883474057,schwanger+e kind+er,3.9490685325272112
-6.492062869721497,0.28579241674574796,-0.2771635202396732,-0.022186747865101317,-0.0029692421488427337,dürfen,4.725939299322406
-7.21568611768267,0.6484179112899529,-0.10219193524526932,-0.024381642248165445,-0.015396042883326716,kind+er dürf+en,3.919374134549769
-7.254999908985933,0.6680763152707729,-0.0916047529295335,-0.02450633497495605,-0.016165971236092834,Erster,3.875589403614754
-7.254999908985933,0.6680763152707729,-0.0916047529295335,-0.02450633497495605,-0.016165971236092834,dürf+en erst+er,3.875589403614754
-7.278528575172815,0.6798382652660535,-0.08520735357595395,-0.024581179728210337,-0.016632218280744168,deutscher,3.849387324656837
-7.278528575172815,0.6798382652660535,-0.08520735357595395,-0.024581179728210337,-0.016632218280744168,erst+er deutsch+er,3.849387324656837
-7.310332125692044,0.6957326867745395,-0.07648594359364401,-0.0246825951762392,-0.017269070862174878,Rückholflug,3.8139730790808275
-7.310332125692044,0.6957326867745395,-0.07648594359364401,-0.0246825951762392,-0.017269070862174878,deutsch+er rück+hol+flug,3.8139730790808275
-7.345963545956306,0.7135342100078064,-0.06661189365897284,-0.024796539794796523,-0.017991808414332643,startet,3.774300556382416
-7.345963545956306,0.7135342100078064,-0.06661189365897284,-0.024796539794796523,-0.017991808414332643,rück+hol+flug start+et,3.774300556382416
-7.368333733390707,0.7247070151879147,-0.0603561958143522,-0.02486824184719824,-0.018450644487381505,start+et mittwoch,3.749395619804512
-8.098332844928601,1.0869894262335713,0.17207693882704794,-0.02722061066622618,-0.036036578375981204,Oman,2.938126099044489
-8.098332844928601,1.0869894262335713,0.17207693882704794,-0.02722061066622618,-0.036036578375981204,mittwoch oman,2.938126099044489
-7.918860036942133,0.9984843497843698,0.10918802163079964,-0.026650464214187167,-0.031172321186857692,oman +++krank+e,3.1372454324143413
-8.206156287200745,1.1398896288279496,0.2120290515131762,-0.027552963932431247,-0.039169578742329396,+838,2.8186514054771017
-8.206156287200745,1.1398896288279496,0.2120290515131762,-0.027552963932431247,-0.039169578742329396,mittwoch +838,2.8186514054771017
-8.21020827614015,1.141872958553995,0.21356449765714736,-0.027565245773537927,-0.03929066435381042,+838 chars,2.8141641182010995
-7.859487173942329,0.9691024827085721,0.08929829307157053,-0.026459005437598063,-0.02965069232611057,Mehrfach,3.20317664182615
-7.83016529097472,0.9545757139637288,0.07963328393988586,-0.026364138945435787,-0.028914151961700697,feuerte,3.235746940536592
-7.83016529097472,0.9545757139637288,0.07963328393988586,-0.026364138945435787,-0.028914151961700697,mehrfach feuer+te,3.235746940536592
-7.786506551204658,0.9329276077228075,0.06543019815638544,-0.026222610854049443,-0.027835153525502733,US-Küstenwache,3.284253361581154
-7.786506551204658,0.9329276077228075,0.06543019815638544,-0.026222610854049443,-0.027835153525502733,feuer+te us+-+küste+n+wache,3.284253361581154
-7.693688224536736,0.8868364983651682,0.03595372904749338,-0.025921090104380755,-0.025608555421178125,versank,3.387418265419172
-7.693688224536736,0.8868364983651682,0.03595372904749338,-0.025921090104380755,-0.025608555421178125,us+-+küste+n+wache versink,3.387418265419172
-7.62778535223341,0.854061082913554,0.015593357311846981,-0.02570689861862884,-0.024080488508480574,versink japanisch+e,3.4606978812173974
-7.555779004976399,0.8182085615733032,-0.006138721676267583,-0.025473158294212817,-0.022458322217424928,Geisterschiff,3.5407902325442593
-7.555779004976399,0.8182085615733032,-0.006138721676267583,-0.025473158294212817,-0.022458322217424928,japanisch+e geist+er+schiff,3.5407902325442593
-3.4847881382116954,-1.2209308732145479,-0.7612965225820281,-0.015206756368203426,0.028482249478724395,Millionen,8.081502193860102
-7.441492126965127,0.7612263906197518,-0.03958535655375048,-0.025103542615240913,-0.019979406861936465,geist+er+schiff million+en,3.6679610677851526
-5.997625771603064,0.03766884754774358,-0.37905356686748115,-0.02081029718913433,0.004011894816796743,million+en tonne+n,5.277471953985181
-4.687110164604513,-0.6268575490977035,-0.5986943473062628,0.1565545844464732,0.04964274536018863,Trümmern,6.743023327351247
-5.724107119525818,-0.09958599890010289,-0.43053564570964425,-0.020092322415977408,0.007467895602606699,tonne+n trümmer+n,5.5826479686930055
-4.829140371385185,-0.548347191121235,-0.5795161348151214,-0.017943572722946804,0.01719432217047337,riesigen,6.581347402594781
-4.829140371385185,-0.548347191121235,-0.5795161348151214,-0.017943572722946804,0.01719432217047337,trümmer+n riesig+en,6.581347402594781
-4.067211895550881,-0.9297867057696672,-0.6876754936322343,-0.01632829663122012,0.023990781932430573,riesig+en welle+n,7.4316070095027635
0.7113585639317108,-3.3084841394014393,-1.1447108099452614,-0.009137137654907713,0.04980411396734449,welle+n tsunami-katastroph+e,12.761624849646967
0.5321111513793877,-3.2196174001954394,-1.132054369045952,-0.00934303252014793,0.049165463001953694,2011 japan,12.561780712521605
-5.752494794106806,-0.0853421301406363,-0.42533793591137103,-0.02016543615826065,0.007121158706963983,japan meer,5.550973054097364
-5.1906026517207815,-0.36893526390790043,-0.5215665882056171,0.07930960990364677,0.030215478345120877,gerissen,6.178720204995681
-5.8830813274067335,-0.019814088923035378,-0.40100075311630934,-0.020505930564231355,0.005491096322521153,meer ge+reiß+en,5.405269365819135
-6.223914832039437,0.15123452519600722,-0.33393547045087657,-0.02142753310139086,0.0009436609889512081,trieben,5.025025739791974
-6.223914832039437,0.15123452519600722,-0.33393547045087657,-0.02142753310139086,0.0009436609889512081,ge+reiß+en treib+en,5.025025739791974
-6.346654977880627,0.21283023588155725,-0.3084178340685909,-0.021771291637839016,-0.0008079095598067625,jahrelang,4.888115077857104
-6.346654977880627,0.21283023588155725,-0.3084178340685909,-0.021771291637839016,-0.0008079095598067625,treib+en jahrelang,4.888115077857104
-6.512479823523643,0.29603597361111555,-0.27268212404142605,-0.022245795163433852,-0.0032805878682250454,jahrelang pazifik,4.703169878527902
-6.608899159861181,0.34440603940030234,-0.2511965192877743,-0.022527006178635154,-0.004778335897171564,Vieles,4.595648221797493
-6.675796101117622,0.37795966749726806,-0.23596778977372557,-0.022724388114056013,-0.005844968808848383,landete,4.521055957838655
-6.675796101117622,0.37795966749726806,-0.23596778977372557,-0.022724388114056013,-0.005844968808848383,viele+s land+ete,4.521055957838655
6.406818676205749,-6.122316662558028,-1.4495177451567456,-0.001170426929042595,0.06375865074725942,Küsten,19.108720463455665
-6.800271826109178,0.4403759684540316,-0.20689639513284885,-0.02309654501507857,-0.007892804476811247,land+ete küste+n,4.3822802668057355
-7.809047023907526,0.9441069503263098,0.07273536264870133,-0.02629571574877215,-0.028389621457825157,Hawaii,3.259208490486957
-7.809047023907526,0.9441069503263098,0.07273536264870133,-0.02629571574877215,-0.028389621457825157,küste+n hawaii,3.259208490486957
5.405902425098109,-5.6289780306565795,-1.4067283166221214,-0.004777932471842792,0.06163969293975053,Alaska,17.99362981612286
-7.7665153702855925,0.9230079887450335,0.05900005096053847,-0.026157722480575758,-0.027347974069234934,hawaii alaska,3.306468473236556
-7.6886138857939414,0.8843142738485195,0.03436961137077145,-0.025904595574446534,-0.025489376372064693,Geisterschiffe,3.3930597333748627
-7.6886138857939414,0.8843142738485195,0.03436961137077145,-0.025904595574446534,-0.025489376372064693,darunter geist+er+schiff+e,3.3930597333748627
-7.541205383914615,0.8109473749882958,-0.010473898282950658,-0.02542591584383465,-0.022135814033418487,Ryou-un,3.557003504015426
-7.541205383914615,0.8109473749882958,-0.010473898282950658,-0.02542591584383465,-0.022135814033418487,geist+er+schiff+e ryou-un,3.557003504015426
-7.477322489967042,0.7791004579938638,-0.029233343565294837,-0.025219187999210236,-0.020744376035034796,Ma…,3.628085245480465
-7.477322489967042,0.7791004579938638,-0.029233343565294837,-0.025219187999210236,-0.020744376035034796,ryou-un ma…,3.628085245480465
-7.441492126965127,0.7612263906197518,-0.03958535655375048,-0.025103542615240913,-0.019979406861936465,ma… million+en,3.6679610677851526
-7.812661316119732,0.9458989927097035,0.07391220475941664,-0.026307431180994375,-0.028479043741652048,Ha…,3.2551929412315914
-7.812661316119732,0.9458989927097035,0.07391220475941664,-0.026307431180994375,-0.028479043741652048,küste+n ha…,3.2551929412315914
-7.83016529097472,0.9545757139637288,0.07963328393988586,-0.026364138945435787,-0.028914151961700697,+4849,3.235746940536592
-7.83016529097472,0.9545757139637288,0.07963328393988586,-0.026364138945435787,-0.028914151961700697,ha… +4849,3.235746940536592
-7.850006110820357,0.9644064661667895,0.0861619346062503,-0.026428350141605095,-0.02941147564849375,+4849 chars,3.2137073954136026
-6.904743503366179,0.49273970799525957,-0.18172149540343221,-0.023413688497606017,-0.009678555518325666,atom+katastrophe jahr+e,4.265828149195675
-6.829849693651472,0.4552033750114297,-0.19984260701934695,-0.023185896717516058,-0.008391994631312863,Fukushima-GAU,4.349308397722342
-6.829849693651472,0.4552033750114297,-0.19984260701934695,-0.023185896717516058,-0.008391994631312863,jahr+e fukushima-gau,4.349308397722342
-4.908355667036772,-0.4812273337853221,0.8622186606772227,-0.017068107088248605,-0.00728788293833036,Erinnerung,6.502541078851182
-6.711306772955427,0.3957683885772212,-0.2277733904186737,-0.022829913880157357,-0.006420646454903325,fukushima-gau erinnerung,4.481463162350044
-6.578166964625245,0.3289898468606891,-0.25810325021620334,-0.02243695268715849,-0.004295963461315833,erinnerung japan,4.629917766429484
-6.512479823523643,0.29603597361111555,-0.27268212404142605,-0.022245795163433852,-0.0032805878682250454,verblasst,4.703169878527902
-6.512479823523643,0.29603597361111555,-0.27268212404142605,-0.022245795163433852,-0.0032805878682250454,japan verblass+t,4.703169878527902
-5.29743386766248,-0.31361402335492006,-0.5049579126913483,-0.019031159122371504,0.012378267007775648,Tausende,6.058759412672316
-6.388218510779956,0.23368709322158665,-0.29960027755464735,-0.02188913681517088,-0.0014158883031368912,verblass+t tausend+e,4.841756258037997
-4.885105267186877,-0.5203056770556342,-0.5709597009194294,-0.0180695311431905,0.016646958993058413,fielen,6.518893262530854
-4.885105267186877,-0.5203056770556342,-0.5709597009194294,-0.0180695311431905,0.016646958993058413,mensch+en fall+en,6.518893262530854
-5.539468922201257,-0.192219525241474,-0.4635693702824054,-0.019624529623112504,0.009660023864478205,fall+en jahr,5.788673970010392
-3.2487796344943973,-1.3388006441289946,-0.7892211593878667,-0.014777160649800758,0.030155999557494956,japan verheerend+en,8.344833791457601
-1.6395197913228152,-2.1409474691661763,-0.9558595161795934,-0.012170841621903095,0.039775939971719104,verheerend+en erdbeben,10.140080298022879
-1.4427995636761342,-2.2388279554553274,-0.97382193179702,-0.011885835076378299,0.04077259562507913,tsunami opfer,10.359495998082469
-4.67731862867088,-0.6244022283992572,-0.6022779110223083,-0.017607133020324933,0.018643588365360016,daiichi komm,6.750773063503003
-6.172700813477709,0.1255323122971732,-0.34435988408783963,-0.021285969558269745,0.0016558320031797719,Super-GAU,5.082156362614706
-6.172700813477709,0.1255323122971732,-0.34435988408783963,-0.021285969558269745,0.0016558320031797719,komm super+-+gau,5.082156362614706
-6.346654977880627,0.21283023588155725,-0.3084178340685909,-0.021771291637839016,-0.0008079095598067625,Dennoch,4.888115077857104
-6.452892263927108,0.2661388917999936,-0.28569610556319247,-0.02207395421476221,-0.002377440398653563,dennoch halt,4.769624590876932
-6.512479823523643,0.29603597361111555,-0.27268212404142605,-0.022245795163433852,-0.0032805878682250454,halt japan,4.703169878527902
-6.647906397779954,0.363971664163222,-0.24234947231784487,-0.022641873314142743,-0.0053974803061894935,japan atom+kraft,4.5521530810261845
-6.736771828164844,0.4085380423693008,-0.2218488894197427,-0.022905905366770694,-0.00683761482806336,atom+kraft fest,4.453072019736365
-7.548555847178674,0.8146098786960903,-0.008289993810117226,-0.025449740095451073,-0.022298236928380254,hin+zu+füg+en tausend+e,3.548825928378039
-7.468632259326361,0.774766068843515,-0.03175514174270888,-0.02519111763136839,-0.02055783864076638,+2644,3.63775615571946
-7.468632259326361,0.774766068843515,-0.03175514174270888,-0.02519111763136839,-0.02055783864076638,komm +2644,3.63775615571946
-7.518351057765447,0.7995572901419703,-0.01723038792747433,-0.025351887011058113,-0.021633893464869422,+2644 char+s,3.582431125760644
-3.6859285090303455,-1.120426736395808,-0.7366604203529551,-0.015583892092092143,0.026991804165215308,beb+en tsunami,7.857067079181015
-4.492674316866439,-0.7168671891109111,-0.6291119065298545,-0.01720803506591379,0.020339277314503332,Kernschmelze,6.9568259021706895
-5.806893183836208,-0.058045996809949596,-0.4152860313683788,-0.020306441437235305,0.00644920484624914,tsunami kern+schmelz+e,5.490276371447571
-6.66662371334122,0.37335939617868963,-0.23807181813572625,-0.022697215148062028,-0.005697351361388617,kern+schmelz+e fukushima,4.531283074563293
-7.1225706232684125,0.6018315831940129,-0.12677259209983788,-0.024088242413520495,-0.013616482964457603,lange,4.023097650501866
-7.1225706232684125,0.6018315831940129,-0.12677259209983788,-0.024088242413520495,-0.013616482964457603,fukushima lang+e,4.023097650501866
-7.219386255282597,0.6502684048437422,-0.10120087892367977,-0.02439335813533008,-0.015468026814173419,Schatten,3.9152529947167336
-7.219386255282597,0.6502684048437422,-0.10120087892367977,-0.02439335813533008,-0.015468026814173419,lang+e schatten,3.9152529947167336
-7.381797859743785,0.7314303724993203,-0.05656970585911196,-0.024911456253208116,-0.018728729143058495,schatten katastrophe,3.7344067821695512
-7.518351057765447,0.7995572901419703,-0.01723038792747433,-0.025351887011058113,-0.021633893464869422,katastrophe 11.,3.582431125760644
-6.512479823523643,0.29603597361111555,-0.27268212404142605,-0.022245795163433852,-0.0032805878682250454,2011 ereign+et,4.703169878527902
-6.684847988687937,0.3824993904024365,-0.23388636087402603,-0.022751238078463736,-0.005991079460139652,ereign+et japan,4.510963324347365
-6.769284978765696,0.4248405053664419,-0.21422518717211164,-0.023003312840896475,-0.007375109006643822,japan schlimm+st+e,4.416824485431718
-6.85117203071742,0.46589121288647606,-0.19472183901147874,-0.023250524942261652,-0.008754952957007595,schlimm+st+e atom+katastrophe,4.325540378220319
-6.954041853650107,0.5174407786079578,-0.1695842755320663,-0.02356481742230807,-0.010543617518086315,atom+katastrophe seit,4.210884081202524
-6.982930104582561,0.5319124615330808,-0.16239279031312526,-0.023653805343905272,-0.011057448646297097,Tschernobyl,4.178689966103032
-6.982930104582561,0.5319124615330808,-0.16239279031312526,-0.023653805343905272,-0.011057448646297097,seit tschernobyl,4.178689966103032
-7.071713122719944,0.5763739246074828,-0.1399136533473931,-0.02392921716592157,-0.012669687140284616,der folge+n,4.079759168510861
1.2237546546123905,-3.4479252570488277,-0.020304157568484613,0.027867648049511005,0.031671706296615976,Mensch,13.300418059905804
-7.1225706232684125,0.6018315831940129,-0.12677259209983788,-0.024088242413520495,-0.013616482964457603,folge+n mensch,4.023097650501866
-7.169125849093347,0.6251276591010655,-0.11456861017382505,-0.024234583168975293,-0.014498614804149039,Umwelt,3.971235565487784
-7.169125849093347,0.6251276591010655,-0.11456861017382505,-0.024234583168975293,-0.014498614804149039,mensch umwelt,3.971235565487784
-7.21568611768267,0.6484179112899529,-0.10219193524526932,-0.024381642248165445,-0.015396042883326716,verheerend,3.919374134549769
-7.21568611768267,0.6484179112899529,-0.10219193524526932,-0.024381642248165445,-0.015396042883326716,umwelt verheerend,3.919374134549769
-7.509777457817354,0.7952834461761216,-0.01975194209260762,-0.02532413516036524,-0.021446797794279535,auch jahr+e,3.591970691973331
-3.3988160277814607,-1.2638750356620672,-0.7715883480763015,-0.01504868340967822,0.029101073884731557,jahr+e spät+er,8.177428705244871
-7.54738844732446,0.8140282267350583,-0.008637196671437003,-0.02544595587185336,-0.02227240840293461,spät+er weit+e,3.5501246731096265
-7.57795340290645,0.8292537156316546,0.000497868694074196,-0.025545087401772557,-0.022952738636903336,teil+e fukushima,3.5161229900531588
-8.097006771116806,1.0863374344467849,0.17159615903466618,-0.02721646483566745,-0.03599908122520709,verstrahlt,2.939596238007607
-8.097006771116806,1.0863374344467849,0.17159615903466618,-0.02721646483566745,-0.03599908122520709,fukushima ver+strahl+t,2.939596238007607
-8.12342196991489,1.0993189192920794,0.1812206627416802,-0.027298807562869815,-0.03675064173112392,doch atom+kraft,2.9103146726670612
-8.135031503613591,1.1050201637032053,0.18548253445887533,-0.027334829148614053,-0.03708406593135815,atom+kraft erleb+t,2.897447664092164
-8.147161086444198,1.1109740162321728,0.18995636851109052,-0.027372347946150923,-0.03743448517600161,Comeback,2.8840058144042744
-8.147161086444198,1.1109740162321728,0.18995636851109052,-0.027372347946150923,-0.03743448517600161,erleb+t comeback,2.8840058144042744
-8.295477052141539,1.1835223228164327,0.2464768903168963,-0.027819384264697038,-0.04189838746974673,verstrah…,2.719782362459217
-8.295477052141539,1.1835223228164327,0.2464768903168963,-0.027819384264697038,-0.04189838746974673,fukushima verstrah…,2.719782362459217
-7.717821214718322,0.8988285801028286,0.04352584949028655,-0.02599953057214958,-0.026178911448663376,+42,3.360590115448906
-8.301055582318254,1.1862410253590627,0.2486710773377126,-0.027835694014740314,-0.042073076202231975,verstrah… +42,2.7136109356747014
-8.303041438801394,1.1872086436106644,0.2494534116903205,-0.027841489701866718,-0.04213538676487536,+42 char+s,2.711414121138309
-7.6886138857939414,0.8843142738485195,0.03436961137077145,-0.025904595574446534,-0.025489376372064693,Gebeten,3.3930597333748627
-7.6886138857939414,0.8843142738485195,0.03436961137077145,-0.025904595574446534,-0.025489376372064693,mit ge+bitt+en,3.3930597333748627
-7.639585352785024,0.8599323689128231,0.019205288066989627,-0.02574523973062564,-0.02435098037153695,Blumen,3.4475753251904564
-7.639585352785024,0.8599323689128231,0.019205288066989627,-0.02574523973062564,-0.02435098037153695,ge+bitt+en blume+n,3.4475753251904564
-7.569857944761686,0.8252217707274105,-0.0019307148113922833,-0.02551882120084374,-0.02277171453092739,Kerzen,3.525128262251367
-7.569857944761686,0.8252217707274105,-0.0019307148113922833,-0.02551882120084374,-0.02277171453092739,blume+n kerze+n,3.525128262251367
-7.468632259326361,0.774766068843515,-0.03175514174270888,-0.02519111763136839,-0.02055783864076638,kerze+n mensch+en,3.63775615571946
-7.348817744213147,0.7149598896315481,-0.06581617900372942,-0.02480568130252473,-0.018050130834547,mensch+en japan,3.771122848773568
-7.219386255282597,0.6502684048437422,-0.10120087892367977,-0.02439335813533008,-0.015468026814173419,Tausenden,3.9152529947167336
-7.219386255282597,0.6502684048437422,-0.10120087892367977,-0.02439335813533008,-0.015468026814173419,japan tausend+en,3.9152529947167336
-7.046985923499661,0.5639932134972439,-0.1462325402511208,-0.02385222528423855,-0.012215550433975292,tausend+en opfer,4.107310726317056
-6.800271826109178,0.4403759684540316,-0.20689639513284885,-0.02309654501507857,-0.007892804476811247,opfer verheerend+en,4.3822802668057355
-6.223914832039437,0.15123452519600722,-0.33393547045087657,-0.02142753310139086,0.0009436609889512081,verheerend+en erdbeben+s,5.025025739791974
-3.6859285090303455,-1.120426736395808,-0.7366604203529551,-0.015583892092092143,0.026991804165215308,erdbeben+s tsunami+s,7.857067079181015
-6.346654977880627,0.21283023588155725,-0.3084178340685909,-0.021771291637839016,-0.0008079095598067625,tsunami+s jahr+en,4.888115077857104
-6.66662371334122,0.37335939617868963,-0.23807181813572625,-0.022697215148062028,-0.005697351361388617,gedacht,4.531283074563293
-6.66662371334122,0.37335939617868963,-0.23807181813572625,-0.022697215148062028,-0.005697351361388617,jahr+en ge+denk+t,4.531283074563293
-7.005070769363071,0.543002389701345,-0.15684073189422124,-0.023722218482670886,-0.011454789769224843,14.46,4.154016889802433
-7.1225706232684125,0.6018315831940129,-0.12677259209983788,-0.024088242413520495,-0.013616482964457603,14.46 uhr,4.023097650501866
-5.737653721959932,-0.09278887257449231,-0.4280593536474627,-0.020127172273822724,0.007302764679068145,Ortszeit,5.567532654520613
-5.737653721959932,-0.09278887257449231,-0.4280593536474627,-0.020127172273822724,0.007302764679068145,uhr ort+s+zeit,5.567532654520613
-7.325496930469761,0.703309840408129,-0.07229694396403745,-0.02473104966035301,-0.017575464409832472,6.46,3.7970878226133986
-7.325496930469761,0.703309840408129,-0.07229694396403745,-0.02473104966035301,-0.017575464409832472,ort+s+zeit 6.46,3.7970878226133986
-7.1225706232684125,0.6018315831940129,-0.12677259209983788,-0.024088242413520495,-0.013616482964457603,6.46 uhr,4.023097650501866
-7.422444038322489,0.7517209445949913,-0.04504019752796459,-0.025042165741773932,-0.019577134466760605,MEZ,3.6891619642675213
-7.422444038322489,0.7517209445949913,-0.04504019752796459,-0.025042165741773932,-0.019577134466760605,uhr mez,3.6891619642675213
-7.468632259326361,0.774766068843515,-0.03175514174270888,-0.02519111763136839,-0.02055783864076638,legten,3.63775615571946
-7.468632259326361,0.774766068843515,-0.03175514174270888,-0.02519111763136839,-0.02055783864076638,mez leg+ten,3.63775615571946
-7.5767206361294175,0.8286397684517919,0.00012762281258453523,-0.025541087177751096,-0.022925133567069426,leg+ten viel+en,3.517494281492623
-7.621749234246966,0.8510572580259077,0.013751311342094986,-0.02568728875033382,-0.023942637778186115,Ort…,3.4674108171427873
-7.621749234246966,0.8510572580259077,0.013751311342094986,-0.02568728875033382,-0.023942637778186115,viel+en ort…,3.4674108171427873
-7.6566382628487215,0.8684152110611363,0.02445082210793543,-0.02580065968412967,-0.024744260538275005,+2488,3.4286124267561298
-7.6566382628487215,0.8684152110611363,0.02445082210793543,-0.02580065968412967,-0.024744260538275005,ort… +2488,3.4286124267561298
-7.6886138857939414,0.8843142738485195,0.03436961137077145,-0.025904595574446534,-0.025489376372064693,+2488 char+s,3.3930597333748627
-3.6859285090303455,-1.120426736395808,-0.7366604203529551,-0.015583892092092143,0.026991804165215308,jahr+e tsunami,7.857067079181015
-5.806893183836208,-0.058045996809949596,-0.4152860313683788,-0.020306441437235305,0.00644920484624914,tsunami wie,5.490276371447571
-2.3346695876379098,-1.7947695739573688,-0.8884890367985264,-0.013232957542477063,0.035965605951243595,sieht,9.364661144671171
-6.154911706449223,0.11660461979713999,-0.34795092802962657,-0.021237054715551134,0.0019007096446319906,wie seh+t,5.102001080688203
-6.858123580196611,0.46937548126126627,-0.19304581365230708,-0.023271633969088042,-0.008873852614566677,ehemaligen,4.317791670734953
-6.858123580196611,0.46937548126126627,-0.19304581365230708,-0.023271633969088042,-0.008873852614566677,seh+t ehemalig+en,4.317791670734953
-7.1046091679928045,0.5928416471848521,-0.1314361288230022,-0.024031977214932856,-0.013280117464963125,Sperrzone,4.043108141632757
-7.1046091679928045,0.5928416471848521,-0.1314361288230022,-0.024031977214932856,-0.013280117464963125,ehemalig+en sperr+zone,4.043108141632757
-7.31340287285211,0.6972670902033957,-0.0756393011865148,-0.024692401857021512,-0.017330969856738723,sperr+zone fukushima,3.8105538898019047
-6.183168345089155,0.1307855646047611,-0.3422396769118547,-0.021314814088045895,0.0015111432845369456,fukushima heute,5.070479376165299
-6.905332206590527,0.4930347136834887,-0.18157754928571979,-0.023415487724288867,-0.00968879931984283,Schwarze,4.265171996625289
-6.976237663496773,0.5285600535467605,-0.16406409203915046,-0.02363316198843854,-0.010937949936433357,Säcke,4.186148098557468
-6.976237663496773,0.5285600535467605,-0.16406409203915046,-0.02363316198843854,-0.010937949936433357,schwarz+e sack+e,4.186148098557468
-7.018394596087544,0.5496754303013793,-0.1534825510598527,-0.02376347524556639,-0.011695396753211691,voller,4.139169658356456
-7.018394596087544,0.5496754303013793,-0.1534825510598527,-0.02376347524556639,-0.011695396753211691,sack+e voll,4.139169658356456
-7.06332286950443,0.572173207736633,-0.142062837917089,-0.023903068505470425,-0.012515143523847028,kontaminierter,4.089107589992629
-7.06332286950443,0.572173207736633,-0.142062837917089,-0.023903068505470425,-0.012515143523847028,voll kontaminier+t+er,4.089107589992629
-7.147207984783821,0.6141610318089177,-0.12033523275410449,-0.0241655975218389,-0.014081447315719912,kontaminier+t+er erde,3.9956511023524603
-7.176909318879689,0.6290216855646278,-0.1125116542654312,-0.02425911899413878,-0.014647567343278184,Geigerzähler,3.9625654547882783
-7.176909318879689,0.6290216855646278,-0.1125116542654312,-0.02425911899413878,-0.014647567343278184,erde geiger+zähler,3.9625654547882783
-7.247685283000051,0.6644192323845222,-0.09358420020743274,-0.02448309994333707,-0.016021862109614607,Straßenrand,3.883735510954569
-7.247685283000051,0.6644192323845222,-0.09358420020743274,-0.02448309994333707,-0.016021862109614607,geiger+zähler straße+n+rand,3.883735510954569
-7.308640703153021,0.694887489975113,-0.0769519445168865,-0.024677194564914857,-0.017235006721965797,Lost,3.815856443759655
-7.308640703153021,0.694887489975113,-0.0769519445168865,-0.024677194564914857,-0.017235006721965797,straße+n+rand lost,3.815856443759655
-7.326047995296628,0.7035851603199044,-0.07214434947787172,-0.02473281156493751,-0.017586631739669477,Places,3.7964742545383463
-7.326047995296628,0.7035851603199044,-0.07214434947787172,-0.02473281156493751,-0.017586631739669477,lost place+s,3.7964742545383463
-4.948899487656853,-0.46150893727176,0.8594273688204963,-0.03025204299577178,0.014989547216259188,neben,6.457390001558002
-7.349279315178471,0.715190441524203,-0.06568743185584339,-0.024807159827575764,-0.018059568556722208,place+s neben,3.770608963794027
-7.368220715851308,0.7246505752770203,-0.06038791140949244,-0.024867879289678665,-0.01844831639238855,Neubauten,3.7495214386182028
-7.368220715851308,0.7246505752770203,-0.06038791140949244,-0.024867879289678665,-0.01844831639238855,neben neubau+ten,3.7495214386182028
-7.410819114183908,0.745918762185007,-0.048352930951848186,-0.02500474517570808,-0.01933310834693283,neubau+ten seh+t,3.702101450753478
-7.427168500423463,0.7540787678261791,-0.04369035080987102,-0.025057381957282517,-0.01967662778286937,seh+t fukushima,3.683903408037879
-7.479688180336388,0.7802802977988572,-0.028545615632476585,-0.025226831755488947,-0.02079526823870672,Unterwegs,3.625452646703437
-8.048713480874206,1.0625718716346348,0.15425547164208236,-0.02706468389392421,-0.034649863678924,betroffene,2.993147954839048
-8.048713480874206,1.0625718716346348,0.15425547164208236,-0.02706468389392421,-0.034649863678924,unterwegs betreff+en+e,2.993147954839048
-8.065863561617892,1.0710162138572086,0.1603762976571052,-0.02711875533381377,-0.03512538874237595,betreff+en+e gebiet,2.974127888585019
-8.14500310804575,1.1099149743864578,0.18915884555913676,-0.02736568188016114,-0.03737198710491101,hin+zu+füg+en schwarz+e,2.8863971426194945
-8.261610557526888,1.1670008566661931,0.2332656689368602,-0.027719491719168134,-0.040848809120686204,du…,2.757257176701577
-8.261610557526888,1.1670008566661931,0.2332656689368602,-0.027719491719168134,-0.040848809120686204,unterwegs du…,2.757257176701577
-8.26468083882965,1.1684998166426652,0.23445570607321503,-0.027728607738392277,-0.04094319691193401,+7277,2.753859150783568
-8.26468083882965,1.1684998166426652,0.23445570607321503,-0.027728607738392277,-0.04094319691193401,du… +7277,2.753859150783568
-8.268300462395374,1.1702666840039215,0.23586061840781938,-0.027739339892776452,-0.0410546671613727,+7277 chars,2.749853298401329
-7.703633186866569,0.8917789880707079,0.0390664455103759,-0.025953416155211212,-0.025842879356842124,PODCAST,3.3763622430093796
-7.6566382628487215,0.8684152110611363,0.02445082210793543,-0.02580065968412967,-0.024744260538275005,NZZ,3.4286124267561298
-7.6566382628487215,0.8684152110611363,0.02445082210793543,-0.02580065968412967,-0.024744260538275005,podcast nzz,3.4286124267561298
-7.63372995401339,0.8570190659643888,0.017411164960606178,-0.02572621320166548,-0.02421658971238954,AKZENT,3.4540869104097798
-7.63372995401339,0.8570190659643888,0.017411164960606178,-0.02572621320166548,-0.02421658971238954,nzz akzent,3.4540869104097798
-7.569857944761686,0.8252217707274105,-0.0019307148113922833,-0.02551882120084374,-0.02277171453092739,akzent fukushima,3.525128262251367
-6.590604038741509,0.3352287819821904,-0.255314830065483,-0.02247334920077735,-0.004490605629028286,fukushima jahr+e,4.616048998308691
-7.31340287285211,0.6972670902033957,-0.0756393011865148,-0.024692401857021512,-0.017330969856738723,Reaktorunfall,3.8105538898019047
-7.31340287285211,0.6972670902033957,-0.0756393011865148,-0.024692401857021512,-0.017330969856738723,jahr+e reaktor+unfall,3.8105538898019047
-6.265906669907053,0.1723081455420732,-0.3252914204394184,-0.021544426392650064,0.00035163422270007016,Warum,4.978184348171605
-7.086048110862334,0.5835504439681944,-0.13622948959182749,-0.02397395020626149,-0.012934805594215955,reaktor+unfall warum,4.063787539331356
-6.959931993794573,0.5203916449279549,-0.16812277197800896,-0.023582936071614456,-0.010647965334237827,warum mensch+en,4.204319744289842
-6.702600792635051,0.39140247924379823,-0.22978957738485917,-0.02280399475125825,-0.00627889144583179,zurückkehren,4.491169753044911
-6.702600792635051,0.39140247924379823,-0.22978957738485917,-0.02280399475125825,-0.00627889144583179,mensch+en zurück+kehr+en,4.491169753044911
-5.997625771603064,0.03766884754774358,-0.37905356686748115,-0.02081029718913433,0.004011894816796743,zurück+kehr+en erdbeben,5.277471953985181
-3.174024707256475,-1.3761227826944968,-0.7978551847663271,-0.014643891041125203,0.03067008822868899,Atomunfall,8.428240892141293
-3.174024707256475,-1.3761227826944968,-0.7978551847663271,-0.014643891041125203,0.03067008822868899,tsunami atom+unfall,8.428240892141293
-4.750468211496872,-0.5877609388323419,-0.5913918837571307,-0.017768283193816774,0.01795170533021269,kehren,6.669141751683243
-5.499031507283425,-0.2125042199878906,-0.4706310073814042,-0.01952384789326961,0.0101260412257052,spät+er kehr+en,5.83379689996153
-4.984326449828586,-0.4705827353595531,-0.5555623319046751,-0.018295468415552876,0.015658466764342634,kehr+en mensch+en,6.408167332390977
-5.534378539293461,-0.19477308478626654,-0.4644616475866626,-0.019611820904568898,0.009718958350323926,ehemalige,5.7943541552887075
-5.534378539293461,-0.19477308478626654,-0.4644616475866626,-0.019611820904568898,0.009718958350323926,mensch+en ehemalig+e,5.7943541552887075
-5.1149847265964095,-0.4050912268195148,-0.5348277056875472,-0.01859821010942811,0.014320246551896886,Sperrgebiet,6.26235988836111
-5.1149847265964095,-0.4050912268195148,-0.5348277056875472,-0.01859821010942811,0.014320246551896886,ehemalig+e sperr+gebiet,6.26235988836111
-4.276405623228742,-0.8251221045363075,-0.6594263736384745,-0.016754101581546697,0.02223793719561859,sperr+gebiet zurück,7.198166491207837
-7.621749234246966,0.8510572580259077,0.013751311342094986,-0.02568728875033382,-0.023942637778186115,Kommentieren,3.4674108171427873
-7.038528986233098,0.5597584574251422,-0.14838325238403013,-0.02382594343499835,-0.012061146534291967,Zusammenfassung,4.1167339705979495
-7.6986941451906645,0.8893244789126722,0.03751921373407044,-0.02593736200494387,-0.025726380766656426,kommentier+en zusammenfassung,3.381853007286597
-7.130072377969897,0.6055859709778271,-0.12481748156777203,-0.02411177447884027,-0.013757617896273264,Merken,4.014740357618313
-7.130072377969897,0.6055859709778271,-0.12481748156777203,-0.02411177447884027,-0.013757617896273264,zusammenfassung merk+en,4.014740357618313
-7.805393280092175,0.9422951968152213,0.07154722134543727,-0.0262838704403164,-0.02829936850408525,merk+en fukushima,3.2632679605479016
-7.892004266282928,0.9851998641117192,0.10013771490682076,-0.026563982190351658,-0.030478956244104384,spät+er warum,3.1670644148569074
-7.908400900512987,0.9933117662375837,0.10565266283229036,-0.026616809060605342,-0.030901272439695975,warum kehr+en,3.148857948942233
-7.948198617538489,1.0129858134796657,0.11917848463640954,-0.026744674558362068,-0.031939637562582106,mensch+en zurück,3.1046761562488108
-7.968413100155473,1.0229703467088265,0.1261259513743338,-0.026809400882507817,-0.032474432507825966,Nad…,3.082239772785978
-7.9811338241818754,1.0292504292663693,0.13052504894717645,-0.026850046623614947,-0.03281357075370894,+1208,3.068122586962407
-7.9811338241818754,1.0292504292663693,0.13052504894717645,-0.026850046623614947,-0.03281357075370894,nad… +1208,3.068122586962407
-7.993301628791223,1.035255274071066,0.13475276138917106,-0.02688885918380003,-0.03313986944511924,+1208 chars,3.0546203135046626
-6.702600792635051,0.39140247924379823,-0.22978957738485917,-0.02280399475125825,-0.00627889144583179,BILDSTRECKE,4.491169753044911
-5.907161573858059,-0.007729970283304688,-0.3964344024483993,-0.020569471191187648,0.005184051495820723,bild+strecke erdbeben,5.378402402003857
-6.346654977880627,0.21283023588155725,-0.3084178340685909,-0.021771291637839016,-0.0008079095598067625,explodierendes,4.888115077857104
-6.346654977880627,0.21283023588155725,-0.3084178340685909,-0.021771291637839016,-0.0008079095598067625,tsunami explodier+end+es,4.888115077857104
-6.91112725884391,0.4959386353430484,-0.18015930795807203,-0.023433206017348558,-0.009789747430214518,explodier+end+es atom+kraft+werk,4.258713027574234
-7.412612855220665,0.7468140986383198,-0.04784257438280344,-0.025010517321366266,-0.01937068927410776,fukushima 11.,3.700104835968763
-7.53372378775939,0.8072191272820932,-0.012691315802700744,-0.02540167380660005,-0.021970992103840466,stand,3.565327228517627
-7.53372378775939,0.8072191272820932,-0.012691315802700744,-0.02540167380660005,-0.021970992103840466,2011 steh,3.565327228517627
-7.596640261383277,0.8385587593642949,0.006128991776625245,-0.02560574255611727,-0.023372913275305697,steh japan,3.495337233218
-6.603700287470792,0.3417982026612969,-0.25236881457950894,-0.02251174445391128,-0.004696401030758263,Zeit,4.601445404791799
-7.6566382628487215,0.8684152110611363,0.02445082210793543,-0.02580065968412967,-0.024744260538275005,japan zeit,3.4286124267561298
-7.683469539528415,0.8817570074879191,0.03276646914513547,-0.025887873381794872,-0.025368815872727678,zeit still,3.3987791832566994
-7.596640261383277,0.8385587593642949,0.006128991776625245,-0.02560574255611727,-0.023372913275305697,still japan,3.495337233218
-7.740907488590203,0.9102952203976076,0.05082934387256929,-0.026074549456427572,-0.02673009770120119,gedenkt,3.334928814642447
-7.740907488590203,0.9102952203976076,0.05082934387256929,-0.026074549456427572,-0.02673009770120119,japan gedenk+t,3.334928814642447
-7.79036889669397,0.9348436046762627,0.0666777861268894,-0.026235142244127256,-0.027929771594846622,Dreifachkatastrophe,3.279961645398794
-7.79036889669397,0.9348436046762627,0.0666777861268894,-0.026235142244127256,-0.027929771594846622,gedenk+t dreifachkatastroph+e,3.279961645398794
-7.450723193976275,0.7658321093764375,-0.03692979350158561,-0.025133313307353418,-0.020175447717400243,dreifachkatastroph+e märz,3.6576872437363703
-7.913675824663753,0.9959206722870926,0.10743396439263544,-0.026633786862244595,-0.03103780963071035,2011 mehr,3.143001226813038
-7.943507662044404,1.0106679750854226,0.11757376476456902,-0.026729631724689902,-0.03181625072424091,000,3.1098832043854263
-7.943507662044404,1.0106679750854226,0.11757376476456902,-0.026729631724689902,-0.03181625072424091,mehr 000,3.1098832043854263
-7.952815017669767,1.0152665085693566,0.1207604495466832,-0.026759470247200892,-0.03206132601729623,000 mensch+en+leben,3.0995520412789355
-7.983199078657343,1.030269795471223,0.13124125244784193,-0.026856639004132352,-0.03286882224782995,mensch+en+leben ge+forder+t,3.0658307418689903
-5.591948096646864,-0.16589820219691598,-0.45423024061727035,-0.021553878389510023,0.012134393857873287,Bilder,5.73011414730484
-8.03885402865482,1.0577150456525983,0.15075497510741476,-0.027033519850388245,-0.03437826034659342,bild+er erst+en,3.0040837056654985
-8.050320870111685,1.063363527794558,0.15482742189494958,-0.02706975923588945,-0.034694265389204754,erst+en tag+en,2.9913651827653887
-8.0732918099838,1.0746721654019773,0.16304008696986164,-0.027142118903100414,-0.03533258085458896,tag+en ereignis,2.9658905665561965
-3.647102161815895,-1.156771653372164,-0.7378065420529739,0.23490135544634994,0.07305425528103561,zeigen,7.907739168398393
-8.086130312860034,1.080988601185327,0.16766221786350718,-0.02718241450485413,-0.03569244549228485,ereignis zeig+en,2.9516549855381076
-8.100963416387147,1.0882827068592287,0.17303141677526285,-0.02722883118000895,-0.036111034705241025,unglaubliche,2.9352097939947424
-8.100963416387147,1.0882827068592287,0.17303141677526285,-0.02722883118000895,-0.036111034705241025,zeig+en un+glaublich+e,2.9352097939947424
-4.3914744019103455,-0.7694601548492432,-0.6423843265788343,0.0826769962590412,0.03828107818581028,Ausmass,7.070580126343816
-8.117393580270837,1.096357470236293,0.17901535210978017,-0.02728006142414731,-0.03657826112903859,un+glaublich+e aus+mess,2.9169965804653355
-8.131609167785538,1.1033397809384753,0.18422415074921594,-0.027324221584689393,-0.03698557743492075,aus+mess zerstörung,2.9012405383650886
-8.14500310804575,1.1099149743864578,0.18915884555913676,-0.02736568188016114,-0.03737198710491101,Jede,2.8863971426194945
-8.150360009654031,1.1125437396732882,0.19113985710032308,-0.027382222297818493,-0.03752725433600262,Japanerin,2.8804610734518454
-8.150360009654031,1.1125437396732882,0.19113985710032308,-0.027382222297818493,-0.03752725433600262,jed+e japaner+in,2.8804610734518454
-8.170592088766902,1.1224669592602396,0.19866020555789668,-0.027444468276112122,-0.038117439549443986,genau,2.8580444254460904
-8.170592088766902,1.1224669592602396,0.19866020555789668,-0.027444468276112122,-0.038117439549443986,japaner+in genau,2.8580444254460904
-8.176316967173873,1.1252733291557022,0.20079927842229991,-0.027462014734136043,-0.03828553012121711,genau daran,2.8517022298199137
-8.181894936951922,1.1280070321097408,0.20288821078791835,-0.02747908161851028,-0.038449774633965726,erinnern,2.8455231414510496
-8.181894936951922,1.1280070321097408,0.20288821078791835,-0.02747908161851028,-0.038449774633965726,daran erinner+n,2.8455231414510496
-8.199504327706812,1.136632917583407,0.2095138651405338,-0.027532765013165598,-0.03897133980115373,erinner+n 11.,2.8260183951057445
-8.215750585782931,1.1445851746190447,0.21566879222782057,-0.027582017212242578,-0.039456691666225695,2011 uhr,2.808026724794918
-8.230801928331887,1.151947345770119,0.22140757612349599,-0.027627398145920284,-0.039909961491349365,uhr gerade,2.791361175259526
-8.235814302549171,1.1543979524323407,0.223326571808827,-0.027642455648424363,-0.04006168900550169,tat,2.7858118555182916
-8.235814302549171,1.1543979524323407,0.223326571808827,-0.027642455648424363,-0.04006168900550169,gerade tu,2.7858118555182916
-8.239318572683015,1.156110889535061,0.22467053829504266,-0.02765296592093093,-0.040167998534728876,ebenso,2.781932378689208
-8.239318572683015,1.156110889535061,0.22467053829504266,-0.02765296592093093,-0.040167998534728876,tu ebenso,2.781932378689208
-8.150360009654031,1.1125437396732882,0.19113985710032308,-0.027382222297818493,-0.03752725433600262,Japaner,2.8804610734518454
-8.150360009654031,1.1125437396732882,0.19113985710032308,-0.027382222297818493,-0.03752725433600262,ebenso japaner,2.8804610734518454
-8.254033288385173,1.1633005545988973,0.23033520526359713,-0.027696944924320344,-0.040616510521075726,Damals,2.7656438180566028
-8.260990489465087,1.166698102302157,0.23302551535031385,-0.027717649265666385,-0.040829765071450565,fünfzehn,2.7579434501813473
-8.260990489465087,1.166698102302157,0.23302551535031385,-0.027717649265666385,-0.040829765071450565,damals fünfzehn,2.7579434501813473
-8.266499348725516,1.1693875355446828,0.2351612741048133,-0.02773400163431901,-0.040999173575610524,fünfzehn jahr+en,2.7518465771113494
-8.270675364783457,1.171425787072285,0.2367835571236721,-0.02774637260270431,-0.04112791945199574,jahr+en erschütter+t,2.7472250766282635
-7.496892875892421,0.7888680841126041,-0.023480762131301357,-0.02630617243326964,-0.01941627783829771,gewaltiges,3.6063022471441806
-8.279883156438668,1.1759184779494283,0.24037055074688507,-0.02777357191326351,-0.041412790082202965,erschütter+t gewaltig+es,2.7370358327532576
-8.28595675855281,1.1788807876176546,0.242744145194319,-0.027791453305893464,-0.041601449728438704,gewaltig+es erdbeben,2.7303154628610686
-8.294961153309282,1.1832708591851542,0.24627423299862133,-0.027817873813000434,-0.04188225836594169,+11392,2.720353113345409
-8.294961153309282,1.1832708591851542,0.24627423299862133,-0.027817873813000434,-0.04188225836594169,erdbeben +11392,2.720353113345409
-8.298541542136789,1.185015902941048,0.24768160037089987,-0.027828349059247828,-0.041994286588032594,+11392 char+s,2.71639212030196
-7.06685285521663,0.5739405799148198,-0.141159264520281,-0.023914066857579557,-0.012580107361561357,mehrere fall+e,4.085174457566788
-6.9360187970204645,0.5084109673532478,-0.1740411477158239,-0.023509458334985224,-0.010225648448121155,dokumentiert,4.230970562474075
-6.9360187970204645,0.5084109673532478,-0.1740411477158239,-0.023509458334985224,-0.010225648448121155,fall+e dokumentier+t,4.230970562474075
-6.401595341760048,0.24039948566176417,-0.2967429181438421,-0.021927219059198533,-0.0016132064507222987,Unesco,4.826836491253488
-6.401595341760048,0.24039948566176417,-0.2967429181438421,-0.021927219059198533,-0.0016132064507222987,dokumentier+t unesco,4.826836491253488
-3.3692059336016618,-1.2786637679884225,-0.7751009366966901,-0.014994663999388409,0.029311758374951973,unesco warn+t,8.21046691287979
-3.6859285090303455,-1.120426736395808,-0.7366604203529551,-0.015583892092092143,0.026991804165215308,warn+t tsunami+s,7.857067079181015
-6.079806513480736,0.07891200642093255,-0.36294604043748185,-0.021031993283599795,0.0029207295916223557,Frankreichs,5.185787607001388
-6.079806513480736,0.07891200642093255,-0.36294604043748185,-0.021031993283599795,0.0029207295916223557,tsunami+s frankreich+s,5.185787607001388
-6.66662371334122,0.37335939617868963,-0.23807181813572625,-0.022697215148062028,-0.005697351361388617,frankreich+s küste,4.531283074563293
-6.401595341760048,0.24039948566176417,-0.2967429181438421,-0.021927219059198533,-0.0016132064507222987,UNESCO,4.826836491253488
-6.401595341760048,0.24039948566176417,-0.2967429181438421,-0.021927219059198533,-0.0016132064507222987,küste unesco,4.826836491253488
-3.6859285090303455,-1.120426736395808,-0.7366604203529551,-0.015583892092092143,0.026991804165215308,warn+t tsunami-gefahr,7.857067079181015
-5.3322389852917915,-0.2961600444319479,-0.4991332992631259,-0.019115133086169796,0.011997644021364532,Mittelmeer,6.0199198646693315
-6.452892263927108,0.2661388917999936,-0.28569610556319247,-0.02207395421476221,-0.002377440398653563,tsunami-gefahr mittelmeer,4.769624590876932
-6.885187781659115,0.4829396697169137,-0.1864896719696549,-0.0233539975466472,-0.009339445672382422,Nizza,4.287624826643995
-7.026406639948027,0.553687895918588,-0.15145695030085116,-0.02378831548535329,-0.011840626923706035,nizza erleb+te,4.130241745811801
-7.173165778933542,0.6271488427489682,-0.11350156745120282,-0.024247315794551104,-0.014575873934129006,erleb+te fall+e,3.9667354118301743
-7.27523377213244,0.6781913508304298,-0.0861059921430302,-0.024570689379377435,-0.016566678809760843,Warnsystem,3.8530563855137245
-7.27523377213244,0.6781913508304298,-0.0861059921430302,-0.024570689379377435,-0.016566678809760843,fall+e warn+system,3.8530563855137245
-7.402566860067086,0.7417994505215084,-0.050697110518665364,-0.024978199017235723,-0.01916055405867885,warn+system seit,3.7112872057158883
-7.450723193976275,0.7658321093764375,-0.03692979350158561,-0.025133313307353418,-0.020175447717400243,zweitausendzwölf,3.6576872437363703
-7.450723193976275,0.7658321093764375,-0.03692979350158561,-0.025133313307353418,-0.020175447717400243,seit zweitausendzwölf,3.6576872437363703
-2.788446304766154,-1.5686473120375748,-0.840547381289988,-0.02079337125778099,0.044956548468657466,TTS-Player,8.858467357227624
-3.4123650289632694,-1.2571828455920246,-0.7697205414966505,-0.020454152347489978,0.03827180840632378,überspringenArtikel,8.162334978427644
-3.4123650289632694,-1.2571828455920246,-0.7697205414966505,-0.020454152347489978,0.03827180840632378,tts-player überspringenartikel,8.162334978427644
-7.722749695987057,0.9012769330444055,0.04508006720268341,-0.026015547765609486,-0.026296118826876144,weiterlesenNizza,3.3551116456555645
-7.722749695987057,0.9012769330444055,0.04508006720268341,-0.026015547765609486,-0.026296118826876144,überspringenartikel weiterlesennizza,3.3551116456555645
-7.62778535223341,0.854061082913554,0.015593357311846981,-0.02570689861862884,-0.024080488508480574,weiterlesennizza frankreich,3.4606978812173974
-7.548555847178674,0.8146098786960903,-0.008289993810117226,-0.025449740095451073,-0.022298236928380254,frankreich der,3.548825928378039
-7.518351057765447,0.7995572901419703,-0.01723038792747433,-0.025351887011058113,-0.021633893464869422,der mittelmeer,3.582431125760644
-6.159301199964841,0.1088865844117799,-0.3424200637697108,-0.11133845414144283,0.1578983144521061,gilt,5.101289019092967
-7.422444038322489,0.7517209445949913,-0.04504019752796459,-0.025042165741773932,-0.019577134466760605,mittelmeer gelt,3.6891619642675213
-7.371057462620519,0.7260671991919423,-0.05959150591558929,-0.02487698043374514,-0.018506782557416168,gelt viel+en,3.7463633935889686
-7.233928567786253,0.6575406682422615,-0.09729501542473988,-0.024439444530827983,-0.015751901099863,harmlos,3.8990564667658174
-7.233928567786253,0.6575406682422615,-0.09729501542473988,-0.024439444530827983,-0.015751901099863,viel+en harmlos,3.8990564667658174
-6.401595341760048,0.24039948566176417,-0.2967429181438421,-0.021927219059198533,-0.0016132064507222987,warn+en der,4.826836491253488
-6.154911706449223,0.11660461979713999,-0.34795092802962657,-0.021237054715551134,0.0019007096446319906,der gefahr,5.102001080688203
4.853716174509989,-5.356626400869619,-1.381499714078836,-0.00520704587948251,0.060635454643478595,gefahr tsunami+s,17.37839866917674
-6.154911706449223,0.11660461979713999,-0.34795092802962657,-0.021237054715551134,0.0019007096446319906,real,5.102001080688203
-6.154911706449223,0.11660461979713999,-0.34795092802962657,-0.021237054715551134,0.0019007096446319906,tsunami+s real,5.102001080688203
-6.885187781659115,0.4829396697169137,-0.1864896719696549,-0.0233539975466472,-0.009339445672382422,französischen,4.287624826643995
-6.885187781659115,0.4829396697169137,-0.1864896719696549,-0.0233539975466472,-0.009339445672382422,real französisch+en,4.287624826643995
-7.173165778933542,0.6271488427489682,-0.11350156745120282,-0.024247315794551104,-0.014575873934129006,französisch+en küste,3.9667354118301743
-7.33729796047837,0.7092054657629812,-0.0690233930476251,-0.024768798056650308,-0.017815128546494752,Ang…,3.7839485242774136
-7.33729796047837,0.7092054657629812,-0.0690233930476251,-0.024768798056650308,-0.017815128546494752,nach ang…,3.7839485242774136
-7.402566860067086,0.7417994505215084,-0.050697110518665364,-0.024978199017235723,-0.01916055405867885,+2246,3.7112872057158883
-7.402566860067086,0.7417994505215084,-0.050697110518665364,-0.024978199017235723,-0.01916055405867885,ang… +2246,3.7112872057158883
-7.459767817348586,0.7703442862191683,-0.034320183373456145,-0.025162498717225867,-0.02036822641922726,+2246 chars,3.6476212684398117
7.339267419803505,-6.581577338709689,-1.486368358765552,-0.0034057814908108846,0.06456516912243512,Silver,20.147437033265465
16.596314142201525,-11.127416358065693,-1.7404829730925842,0.0012713443917370323,0.07013745390304126,silver tsunami,30.45525666434113
-5.806893183836208,-0.058045996809949596,-0.4152860313683788,-0.020306441437235305,0.00644920484624914,tsunami wenn,5.490276371447571
-4.597227811928389,-0.6645140250924664,-0.6140288370892553,-0.017432685465539464,0.019387872930041333,Babyboomer-Häuser,6.840150219094629
-6.223914832039437,0.15123452519600722,-0.33393547045087657,-0.02142753310139086,0.0009436609889512081,wenn baby+boom+er+-+haus+er,5.025025739791974
-5.0121348884598325,-0.4566453106165764,-0.5511936473787616,-0.01835940068442227,0.01537718446443875,Markt,6.3771345573406695
-7.026406639948027,0.553687895918588,-0.15145695030085116,-0.02378831548535329,-0.011840626923706035,baby+boom+er+-+haus+er markt,4.130241745811801
-7.139964472032472,0.6105363381586699,-0.12223274111592253,-0.02414283365253841,-0.013944312600162642,fluten,4.003720355860528
-7.139964472032472,0.6105363381586699,-0.12223274111592253,-0.02414283365253841,-0.013944312600162642,markt flut+en,4.003720355860528
-7.219386255282597,0.6502684048437422,-0.10120087892367977,-0.02439335813533008,-0.015468026814173419,flut+en experte+n,3.9152529947167336
-7.06685285521663,0.5739405799148198,-0.141159264520281,-0.023914066857579557,-0.012580107361561357,experte+n sprech+en,4.085174457566788
-6.500936667105192,0.2902446048101752,-0.2752186555744107,-0.02221239001511564,-0.003104317456967716,sprech+en sogenannt+en,4.716042989165095
-5.568563040459621,-0.1776243075372923,-0.4584509406706791,-0.019697358414353668,0.009321671609127388,sogenannt+en silver,5.756208972943077
-6.91112725884391,0.4959386353430484,-0.18015930795807203,-0.023433206017348558,-0.009789747430214518,zukunft viel+e,4.258713027574234
-6.017894321551321,0.04784072012894702,-0.3751094886731648,-0.020864715511671454,0.003745146494874896,Immobilien,5.254859092951006
-6.017894321551321,0.04784072012894702,-0.3751094886731648,-0.020864715511671454,0.003745146494874896,viel+e immobilie+n,5.254859092951006
-6.296921043769876,0.1878724220673429,-0.31885006353195117,-0.021631237625234927,-9.040688542179265e-05,immobilie+n deutschland,4.943589190295392
-7.450723193976275,0.7658321093764375,-0.03692979350158561,-0.025133313307353418,-0.020175447717400243,Besitzer,3.6576872437363703
-7.450723193976275,0.7658321093764375,-0.03692979350158561,-0.025133313307353418,-0.020175447717400243,deutschland besitzer,3.6576872437363703
-7.5261070672626555,0.8034231299212506,-0.014943161738299317,-0.025377001769517956,-0.021803707342994368,wechseln,3.5738015539758075
-7.5261070672626555,0.8034231299212506,-0.014943161738299317,-0.025377001769517956,-0.021803707342994368,besitzer wechsel+n,3.5738015539758075
-6.196471905469497,0.13746209276988086,-0.33953733642817496,-0.02135153985306642,0.0013266106741575238,Babyboomer,5.055638802134037
-7.412612855220665,0.7468140986383198,-0.04784257438280344,-0.025010517321366266,-0.01937068927410776,wechsel+n baby+boom+er,3.700104835968763
-7.139964472032472,0.6105363381586699,-0.12223274111592253,-0.02414283365253841,-0.013944312600162642,Eigenheimen,4.003720355860528
-7.139964472032472,0.6105363381586699,-0.12223274111592253,-0.02414283365253841,-0.013944312600162642,baby+boom+er eigenheim+en,4.003720355860528
-6.885187781659115,0.4829396697169137,-0.1864896719696549,-0.0233539975466472,-0.009339445672382422,ausziehen,4.287624826643995
-6.885187781659115,0.4829396697169137,-0.1864896719696549,-0.0233539975466472,-0.009339445672382422,eigenheim+en aus+zieh+en,4.287624826643995
-5.568563040459621,-0.1776243075372923,-0.4584509406706791,-0.019697358414353668,0.009321671609127388,was silver,5.756208972943077
-6.079806513480736,0.07891200642093255,-0.36294604043748185,-0.021031993283599795,0.0029207295916223557,tsunami warum,5.185787607001388
-6.452892263927108,0.2661388917999936,-0.28569610556319247,-0.02207395421476221,-0.002377440398653563,warum heiß+t,4.769624590876932
-5.568563040459621,-0.1776243075372923,-0.4584509406706791,-0.019697358414353668,0.009321671609127388,als silver,5.756208972943077
-5.104112263326246,-0.41054157801110813,-0.5365735042466802,-0.01857278839866113,0.014433233023322964,Entwicklung,6.274492911899203
-6.452892263927108,0.2661388917999936,-0.28569610556319247,-0.02207395421476221,-0.002377440398653563,tsunami entwicklung,4.769624590876932
-7.06685285521663,0.5739405799148198,-0.141159264520281,-0.023914066857579557,-0.012580107361561357,Immobilienmarkt,4.085174457566788
-7.06685285521663,0.5739405799148198,-0.141159264520281,-0.023914066857579557,-0.012580107361561357,entwicklung immobilie+n+markt,4.085174457566788
-7.31340287285211,0.6972670902033957,-0.0756393011865148,-0.024692401857021512,-0.017330969856738723,bezeichnet,3.8105538898019047
-7.31340287285211,0.6972670902033957,-0.0756393011865148,-0.024692401857021512,-0.017330969856738723,immobilie+n+markt bezeichn+et,3.8105538898019047
-7.51045141157921,0.7956194231329026,-0.01955398460269193,-0.025326316274832176,-0.021461481564873618,innerhalb,3.5912207934839118
-7.51045141157921,0.7956194231329026,-0.01955398460269193,-0.025326316274832176,-0.021461481564873618,bezeichn+et innerhalb,3.5912207934839118
-7.008555207179802,0.5448718563847528,-0.15585538438820654,-0.0138205534055802,-0.009190705851905907,relativ,4.1500770344641715
-7.583469855411273,0.832000895594712,0.0021565367991922754,-0.025562989681364435,-0.023076439217065432,innerhalb relativ,3.509986751620782
-7.63372995401339,0.8570190659643888,0.017411164960606178,-0.02572621320166548,-0.02421658971238954,kurzer,3.4540869104097798
-7.63372995401339,0.8570190659643888,0.017411164960606178,-0.02572621320166548,-0.02421658971238954,relativ kurz+er,3.4540869104097798
-7.672964202109741,0.876534024737126,0.029501484650301592,-0.025853725065189258,-0.02512343535643942,kurz+er zeit,3.410459412358655
-7.722749695987057,0.9012769330444055,0.04508006720268341,-0.026015547765609486,-0.026296118826876144,zeit viel+e,3.3551116456555645
-7.749651678528721,0.9146369435800505,0.05361107883509601,-0.02610295576535506,-0.026940307497730694,Wohnimmobilien,3.3252101512092787
-7.749651678528721,0.9146369435800505,0.05361107883509601,-0.02610295576535506,-0.026940307497730694,viel+e wohn+immobilie+n,3.3252101512092787
-7.8232745092914175,0.951160375601896,0.0773767732053846,-0.026341820993971903,-0.028742458593346946,den…,3.2434019882565175
-7.8232745092914175,0.951160375601896,0.0773767732053846,-0.026341820993971903,-0.028742458593346946,wohn+immobilie+n den…,3.2434019882565175
-7.8435263668204325,0.9611963912044619,0.08402461395629156,-0.026407388141891322,-0.029248570361426078,+8575,3.2209049090651956
-7.8435263668204325,0.9611963912044619,0.08402461395629156,-0.026407388141891322,-0.029248570361426078,den… +8575,3.2209049090651956
-7.862585998221335,0.9706371068602315,0.09032573637308217,-0.026469020616616247,-0.029729100402219752,+8575 chars,3.199734873123545
-7.005070769363071,0.543002389701345,-0.15684073189422124,-0.023722218482670886,-0.011454789769224843,Kolumne,4.154016889802433
-6.66662371334122,0.37335939617868963,-0.23807181813572625,-0.022697215148062028,-0.005697351361388617,kolumne geh+t,4.531283074563293
-6.452892263927108,0.2661388917999936,-0.28569610556319247,-0.02207395421476221,-0.002377440398653563,geh+t um,4.769624590876932
-6.223914832039437,0.15123452519600722,-0.33393547045087657,-0.02142753310139086,0.0009436609889512081,Geld,5.025025739791974
-6.223914832039437,0.15123452519600722,-0.33393547045087657,-0.02142753310139086,0.0009436609889512081,um geld,5.025025739791974
-5.568563040459621,-0.1776243075372923,-0.4584509406706791,-0.019697358414353668,0.009321671609127388,geld silver,5.756208972943077
-6.079806513480736,0.07891200642093255,-0.36294604043748185,-0.021031993283599795,0.0029207295916223557,Anmarsch,5.185787607001388
-6.079806513480736,0.07891200642093255,-0.36294604043748185,-0.021031993283599795,0.0029207295916223557,tsunami anmarsch,5.185787607001388
-6.628673055537386,0.35432465069457875,-0.24672305432984476,-0.022585156747306094,-0.005091226441202135,Schwemmen,4.573599003644827
-6.628673055537386,0.35432465069457875,-0.24672305432984476,-0.022585156747306094,-0.005091226441202135,anmarsch schwemm+en,4.573599003644827
-6.9360187970204645,0.5084109673532478,-0.1740411477158239,-0.023509458334985224,-0.010225648448121155,schwemm+en baby+boom+er+-+haus+er,4.230970562474075
-7.2618347756755925,0.6714933167964876,-0.08975112515880908,-0.024528060218853363,-0.01630098649468622,bald,3.8679777477839408
-7.2618347756755925,0.6714933167964876,-0.08975112515880908,-0.024528060218853363,-0.01630098649468622,baby+boom+er+-+haus+er bald,3.8679777477839408
-7.371057462620519,0.7260671991919423,-0.05959150591558929,-0.02487698043374514,-0.018506782557416168,bald markt,3.7463633935889686
-7.477322489967042,0.7791004579938638,-0.029233343565294837,-0.025219187999210236,-0.020744376035034796,der baby+boom+er,3.628085245480465
-7.5628785293008125,0.8217452686220821,-0.0040192341362744015,-0.02549618171565583,-0.022616129075445926,besitzen,3.5328923208912313
-7.5628785293008125,0.8217452686220821,-0.0040192341362744015,-0.02549618171565583,-0.022616129075445926,baby+boom+er besitz+en,3.5328923208912313
-7.621749234246966,0.8510572580259077,0.013751311342094986,-0.02568728875033382,-0.023942637778186115,besitz+en viel+e,3.4674108171427873
-7.782600073091661,0.9309895524098555,0.06417009611368063,-0.026209934455284776,-0.027739617642868718,Bald,3.2885942154944092
-7.80169935462948,0.9404633661493516,0.07034759046656285,-0.026271892891570454,-0.028208271208870622,bald könn+ten,3.2673721650045513
-7.846782499976747,0.9628095476172303,0.08509801108602535,-0.02641792282174414,-0.029330372633930568,Menge,3.217288052631374
-7.846782499976747,0.9628095476172303,0.08509801108602535,-0.02641792282174414,-0.029330372633930568,könn+ten menge,3.217288052631374
-4.3984392711535145,-0.7640103742778703,-0.6420986720686038,0.01608760423171021,0.028874604595864696,Häuser,7.061962268539229
-7.865654891025189,0.9721567912998392,0.09134439813108355,-0.026478936891942615,-0.029806859199667066,menge haus+er,3.196326416921099
-7.245692587160675,0.6634229059655725,-0.09412268674396967,-0.024476772850174668,-0.015982671445220552,gleichzeitig,3.885954753847084
-7.886338305706884,0.9823959309428674,0.09823970580868747,-0.02654570989024048,-0.030333754778602985,haus+er gleichzeitig,3.173356248070886
-7.941133589529675,1.0094948087143678,0.11676269335587776,-0.026722015524409858,-0.031753907383489516,gleichzeitig markt,3.1125185372463706
-5.702089386311836,-0.11063338829828817,-0.4345447528053893,-0.02003583532602039,0.0077350048357674485,kommen,5.607215532673137
-7.955095878153118,1.016393236869973,0.12154307257987156,-0.02676677745833592,-0.03212154604276269,markt komm+en,3.0970203947446766
-8.010601374946063,1.0437888401350437,0.1407972752272664,-0.02694392225799519,-0.03360702719241922,These,3.03542549029591
-8.010601374946063,1.0437888401350437,0.1407972752272664,-0.02694392225799519,-0.03360702719241922,doch these,3.03542549029591
-8.021550320328068,1.0491872798663058,0.14464346950920542,-0.026978694751548397,-0.0339046761679916,these steck+t,3.023278532277153
-8.04218221476489,1.0593547105821943,0.15193512614291468,-0.027044045908196618,-0.03446979985672287,Makler-Kalkül,3.00039209945765
-8.04218221476489,1.0593547105821943,0.15193512614291468,-0.027044045908196618,-0.03446979985672287,steck+t makler+-+kalkül,3.00039209945765
-6.982930104582561,0.5319124615330808,-0.16239279031312526,-0.023653805343905272,-0.011057448646297097,Drohende,4.178689966103032
-6.736771828164844,0.4085380423693008,-0.2218488894197427,-0.022905905366770694,-0.00683761482806336,Leerstandswelle,4.453072019736365
-6.736771828164844,0.4085380423693008,-0.2218488894197427,-0.022905905366770694,-0.00683761482806336,droh+end+e leerstand+s+welle,4.453072019736365
-5.568563040459621,-0.1776243075372923,-0.4584509406706791,-0.019697358414353668,0.009321671609127388,leerstand+s+welle silver,5.756208972943077
-6.401595341760048,0.24039948566176417,-0.2967429181438421,-0.021927219059198533,-0.0016132064507222987,Wohnungsmarkt,4.826836491253488
-6.401595341760048,0.24039948566176417,-0.2967429181438421,-0.021927219059198533,-0.0016132064507222987,tsunami wohnung+s+markt,4.826836491253488
-6.91112725884391,0.4959386353430484,-0.18015930795807203,-0.023433206017348558,-0.009789747430214518,wohnung+s+markt ein,4.258713027574234
-7.026406639948027,0.553687895918588,-0.15145695030085116,-0.02378831548535329,-0.011840626923706035,fragwürdige,4.130241745811801
-7.026406639948027,0.553687895918588,-0.15145695030085116,-0.02378831548535329,-0.011840626923706035,ein fragwürdig+e,4.130241745811801
-7.233928567786253,0.6575406682422615,-0.09729501542473988,-0.024439444530827983,-0.015751901099863,Statistik,3.8990564667658174
-7.233928567786253,0.6575406682422615,-0.09729501542473988,-0.024439444530827983,-0.015751901099863,fragwürdig+e statistik,3.8990564667658174
-7.450723193976275,0.7658321093764375,-0.03692979350158561,-0.025133313307353418,-0.020175447717400243,drohenden,3.6576872437363703
-7.450723193976275,0.7658321093764375,-0.03692979350158561,-0.025133313307353418,-0.020175447717400243,statistik droh+end+en,3.6576872437363703
-7.53372378775939,0.8072191272820932,-0.012691315802700744,-0.02540167380660005,-0.021970992103840466,Zusammenbruch,3.565327228517627
-7.53372378775939,0.8072191272820932,-0.012691315802700744,-0.02540167380660005,-0.021970992103840466,droh+end+en zusammenbruch,3.565327228517627
-7.651037390438062,0.8656293784886466,0.02272460641732023,-0.02578245633366231,-0.024614779811840556,Markts,3.4348404437423445
-7.651037390438062,0.8656293784886466,0.02272460641732023,-0.02578245633366231,-0.024614779811840556,zusammenbruch markt+s,3.4348404437423445
-7.70850684038872,0.8942007741480817,0.04059579341333196,-0.025969257286024176,-0.025958077371685408,Wohneigentum,3.3709443104826553
-7.70850684038872,0.8942007741480817,0.04059579341333196,-0.025969257286024176,-0.025958077371685408,markt+s wohn+eigentum,3.3709443104826553
-4.042739045522819,-0.9420278858975277,-0.690914417169942,-0.016279308810664694,0.02419072865794754,sorgt,7.458916031841149
-7.7665153702855925,0.9230079887450335,0.05900005096053847,-0.026157722480575758,-0.027347974069234934,wohn+eigentum sorg+t,3.306468473236556
-7.805393280092175,0.9422951968152213,0.07154722134543727,-0.0262838704403164,-0.02829936850408525,Aufsehen,3.2632679605479016
-7.805393280092175,0.9422951968152213,0.07154722134543727,-0.0262838704403164,-0.02829936850408525,sorg+t aufsehen,3.2632679605479016
-7.836914296973315,0.957920243966784,0.08184880455647968,-0.02638598941410438,-0.029082825175965096,Glückwunsch,3.228249711720965
-7.836914296973315,0.957920243966784,0.08184880455647968,-0.02638598941410438,-0.029082825175965096,aufsehen glück+wunsch,3.228249711720965
-7.8947987159515005,0.9865826100811328,0.1010752671118044,-0.026572990835068755,-0.03055070760268333,Bild-Zeitung,3.163961374088591
-7.8947987159515005,0.9865826100811328,0.1010752671118044,-0.026572990835068755,-0.03055070760268333,glück+wunsch bild-zeitung,3.163961374088591
-7.941133589529675,1.0094948087143678,0.11676269335587776,-0.026722015524409858,-0.031753907383489516,geschätzten,3.1125185372463706
-7.941133589529675,1.0094948087143678,0.11676269335587776,-0.026722015524409858,-0.031753907383489516,der ge+schätz+t+en,3.1125185372463706
-7.968413100155473,1.0229703467088265,0.1261259513743338,-0.026809400882507817,-0.032474432507825966,Kollegen,3.082239772785978
-7.968413100155473,1.0229703467088265,0.1261259513743338,-0.026809400882507817,-0.032474432507825966,ge+schätz+t+en kollege+n,3.082239772785978
-6.8604813016049375,0.47055719974733234,-0.19247663026946038,-0.023278797728250443,-0.008914242925008059,wissen,4.315163602612741
-7.987284294407042,1.0322859830844249,0.13265960064783533,-0.02686967359883673,-0.03297827164893068,kollege+n wiss+en,3.0612974220817875
-8.001125856081362,1.0391153593275702,0.13748161380842497,-0.026913780640151555,-0.03335067929385401,wiss+en immer,3.045938665611371
-8.043830503446165,1.0601666890209227,0.15252015802613866,-0.02704925661696019,-0.03451518908296889,immer thema,2.99856386470325
-8.062829941748435,1.0695228872055702,0.15929064244445815,-0.027109203892252326,-0.035040987766281534,Verwendung,2.9774920792372135
-8.062829941748435,1.0695228872055702,0.15929064244445815,-0.027109203892252326,-0.035040987766281534,thema verwendung,2.9774920792372135
-8.08751656688793,1.081670452159505,0.16816268571656387,-0.027186758895451406,-0.03573143709887403,knackigen,2.950117977617398
-8.08751656688793,1.081670452159505,0.16816268571656387,-0.027186758895451406,-0.03573143709887403,verwendung knackig+en,2.950117977617398
-8.100963416387147,1.0882827068592287,0.17303141677526285,-0.02722883118000895,-0.036111034705241025,Überschrift,2.9352097939947424
-8.100963416387147,1.0882827068592287,0.17303141677526285,-0.02722883118000895,-0.036111034705241025,knackig+en überschrift,2.9352097939947424
-8.116169184728887,1.095755901952526,0.17856808427195017,-0.027276250602220588,-0.03654331240570241,überschrift setz+t,2.918353755032977
-8.14500310804575,1.1099149743864578,0.18915884555913676,-0.02736568188016114,-0.03737198710491101,als woche,2.8863971426194945
-8.157652114501875,1.116121243608304,0.19384333966966802,-0.02740469864046883,-0.03773928130116128,Artikel,2.8723810780771832
-8.157652114501875,1.116121243608304,0.19384333966966802,-0.02740469864046883,-0.03773928130116128,woche artikel,2.8723810780771832
-8.16570437790001,1.1200704427602766,0.19683782962527774,-0.027429464012590585,-0.03797431212134674,veröffentlicht…,2.8634594729293603
-8.16570437790001,1.1200704427602766,0.19683782962527774,-0.027429464012590585,-0.03797431212134674,artikel veröffentlicht…,2.8634594729293603
-8.181894936951922,1.1280070321097408,0.20288821078791835,-0.02747908161851028,-0.038449774633965726,+183,2.8455231414510496
-8.181894936951922,1.1280070321097408,0.20288821078791835,-0.02747908161851028,-0.038449774633965726,veröffentlicht… +183,2.8455231414510496
-8.18643552023909,1.1302318441888766,0.20459212108744718,-0.027492952683224586,-0.03858381526983624,+183 char+s,2.840493497615161
-7.233928567786253,0.6575406682422615,-0.09729501542473988,-0.024439444530827983,-0.015751901099863,Let,3.8990564667658174
-5.814913640691177,-0.05402136546563119,-0.4137936669759382,-0.020327331612073406,0.006349285935147834,Dance,5.48132740897673
-7.139964472032472,0.6105363381586699,-0.12223274111592253,-0.02414283365253841,-0.013944312600162642,let danc+e,4.003720355860528
-7.026406639948027,0.553687895918588,-0.15145695030085116,-0.02378831548535329,-0.011840626923706035,-Star,4.130241745811801
-7.026406639948027,0.553687895918588,-0.15145695030085116,-0.02378831548535329,-0.011840626923706035,danc+e -star,4.130241745811801
-4.070603862652921,-0.9280900106318404,-0.6872255091662753,-0.016335099845892494,0.02396298647292441,Esther,7.42782193881321
-6.885187781659115,0.4829396697169137,-0.1864896719696549,-0.0233539975466472,-0.009339445672382422,-star esther,4.287624826643995
-3.7289617242681894,-1.098918423409041,-0.7312850280349776,-0.015665940621477633,0.026664906303649517,Schweins,7.809049095119146
-3.7289617242681894,-1.098918423409041,-0.7312850280349776,-0.015665940621477633,0.026664906303649517,esther schwein+s,7.809049095119146
-3.6859285090303455,-1.120426736395808,-0.7366604203529551,-0.015583892092092143,0.026991804165215308,schwein+s tsunami,7.857067079181015
-0.17468256374511704,-2.868971288721013,-1.079605552354109,-0.010192271749645319,0.04646471538977677,fast,11.773708386060878
-5.694873862585679,-0.11425371903939263,-0.43585439138785553,-0.020017365505524326,0.007822196767071809,tsunami fast,5.615266712236061
-6.401595341760048,0.24039948566176417,-0.2967429181438421,-0.021927219059198533,-0.0016132064507222987,fast leben,4.826836491253488
-6.66662371334122,0.37335939617868963,-0.23807181813572625,-0.022697215148062028,-0.005697351361388617,verloren,4.531283074563293
-6.66662371334122,0.37335939617868963,-0.23807181813572625,-0.022697215148062028,-0.005697351361388617,leben verlier+en,4.531283074563293
-6.885187781659115,0.4829396697169137,-0.1864896719696549,-0.0233539975466472,-0.009339445672382422,verlier+en esther,4.287624826643995
-7.402566860067086,0.7417994505215084,-0.050697110518665364,-0.024978199017235723,-0.01916055405867885,schwein+s vergeh+en+en,3.7112872057158883
-7.301003299036282,0.6910709361145071,-0.07905306928236257,-0.024652818445206642,-0.017081467301074793,vergeh+en+en jahr+en,3.8243606612778316
-7.204425738329441,0.6427860781557795,-0.10520112632913331,-0.024346014110474615,-0.015177586357886533,jahr+en hart+e,3.9319159794174863
-7.1046091679928045,0.5928416471848521,-0.1314361288230022,-0.024031977214932856,-0.013280117464963125,Schicksalsschläge,4.043108141632757
-7.1046091679928045,0.5928416471848521,-0.1314361288230022,-0.024031977214932856,-0.013280117464963125,hart+e schicksal+s+schlag+e,4.043108141632757
-6.628673055537386,0.35432465069457875,-0.24672305432984476,-0.022585156747306094,-0.005091226441202135,verkraften,4.573599003644827
-6.628673055537386,0.35432465069457875,-0.24672305432984476,-0.022585156747306094,-0.005091226441202135,schicksal+s+schlag+e verkraft+en,4.573599003644827
0.7113585639317108,-3.3084841394014393,-1.1447108099452614,-0.009137137654907713,0.04980411396734449,bei tsunami,12.761624849646967
-6.54606281974208,0.31288438061751744,-0.2652595192385234,-0.022343300050484013,-0.0037970712719703065,komm knapp,4.665718540214932
-6.982930104582561,0.5319124615330808,-0.16239279031312526,-0.023653805343905272,-0.011057448646297097,knapp leben,4.178689966103032
-7.1046091679928045,0.5928416471848521,-0.1314361288230022,-0.024031977214932856,-0.013280117464963125,davon,4.043108141632757
-7.1046091679928045,0.5928416471848521,-0.1314361288230022,-0.024031977214932856,-0.013280117464963125,leben davon,4.043108141632757
-7.27523377213244,0.6781913508304298,-0.0861059921430302,-0.024570689379377435,-0.016566678809760843,Lets,3.8530563855137245
-7.27523377213244,0.6781913508304298,-0.0861059921430302,-0.024570689379377435,-0.016566678809760843,bei let+s,3.8530563855137245
-7.33729796047837,0.7092054657629812,-0.0690233930476251,-0.024768798056650308,-0.017815128546494752,let+s danc+e,3.7839485242774136
-7.402566860067086,0.7417994505215084,-0.050697110518665364,-0.024978199017235723,-0.01916055405867885,schwingt,3.7112872057158883
-7.402566860067086,0.7417994505215084,-0.050697110518665364,-0.024978199017235723,-0.01916055405867885,danc+e schwing+t,3.7112872057158883
-7.4858442044962,0.7833503161922166,-0.02675351988686411,-0.025246726980712716,-0.020927926453962957,schwing+t esther,3.6186021843371954
-7.583469855411273,0.832000895594712,0.0021565367991922754,-0.025562989681364435,-0.023076439217065432,schwein+s woche,3.509986751620782
-7.51045141157921,0.7956194231329026,-0.01955398460269193,-0.025326316274832176,-0.021461481564873618,Tanzbein,3.5912207934839118
-7.51045141157921,0.7956194231329026,-0.01955398460269193,-0.025326316274832176,-0.021461481564873618,woche tanz+bein,3.5912207934839118
-7.219386255282597,0.6502684048437422,-0.10120087892367977,-0.02439335813533008,-0.015468026814173419,Schauspielerin,3.9152529947167336
-7.219386255282597,0.6502684048437422,-0.10120087892367977,-0.02439335813533008,-0.015468026814173419,leben schau+spieler+in,3.9152529947167336
-6.9360187970204645,0.5084109673532478,-0.1740411477158239,-0.023509458334985224,-0.010225648448121155,schau+spieler+in geh,4.230970562474075
-6.702600792635051,0.39140247924379823,-0.22978957738485917,-0.02280399475125825,-0.00627889144583179,turbulent,4.491169753044911
-6.702600792635051,0.39140247924379823,-0.22978957738485917,-0.02280399475125825,-0.00627889144583179,geh turbulent,4.491169753044911
-5.907161573858059,-0.007729970283304688,-0.3964344024483993,-0.020569471191187648,0.005184051495820723,turbulent bei,5.378402402003857
-6.079806513480736,0.07891200642093255,-0.36294604043748185,-0.021031993283599795,0.0029207295916223557,tsunami sri,5.185787607001388
-6.959931993794573,0.5203916449279549,-0.16812277197800896,-0.023582936071614456,-0.010647965334237827,lanka jahr,4.204319744289842
-2.871713143251432,-1.4533240803545722,0.700962635109446,-0.014701588563997036,0.003542796859217996,2004,8.756517816073346
-7.06685285521663,0.5739405799148198,-0.141159264520281,-0.023914066857579557,-0.012580107361561357,jahr 2004,4.085174457566788
-7.156820355355483,0.6189708148761885,-0.11781084954056065,-0.02419583270356509,-0.014263989947838937,beinahe,3.98494317572481
-7.156820355355483,0.6189708148761885,-0.11781084954056065,-0.02419583270356509,-0.014263989947838937,2004 beinahe,3.98494317572481
-7.348817744213147,0.7149598896315481,-0.06581617900372942,-0.02480568130252473,-0.018050130834547,beinahe leben,3.771122848773568
-6.884613892826817,0.4826533823211756,-0.18661693926574968,-0.023618138491001184,-0.00887420282133404,verl…,4.28826348274713
-7.392298016883759,0.73667296047609,-0.05360554597174956,-0.02494518700587584,-0.01894660914750486,leben verl…,3.7227180392498087
-7.459767817348586,0.7703442862191683,-0.034320183373456145,-0.025162498717225867,-0.02036822641922726,+2423,3.6476212684398117
-7.459767817348586,0.7703442862191683,-0.034320183373456145,-0.025162498717225867,-0.02036822641922726,verl… +2423,3.6476212684398117
-7.51045141157921,0.7956194231329026,-0.01955398460269193,-0.025326316274832176,-0.021461481564873618,+2423 chars,3.5912207934839118
-7.609392766050253,0.8449072191921423,0.009992194364017274,-0.025647152937034977,-0.023661525260618252,jahr+e katastrophe,3.481153383112124
-7.502403587473816,0.7916072467476316,-0.021914982444572465,-0.025300275740173118,-0.021286399982181667,katastrophe japan+s,3.600175622731439
-7.441492126965127,0.7612263906197518,-0.03958535655375048,-0.025103542615240913,-0.019979406861936465,japan+s pazifikküste,3.6679610677851526
-7.288284957417943,0.6847147154019153,-0.08254099781970745,-0.024612261133100662,-0.016826769492119288,Wandern,3.8385229241385037
-7.288284957417943,0.6847147154019153,-0.08254099781970745,-0.024612261133100662,-0.016826769492119288,pazifikküste wander+n,3.8385229241385037
-7.06685285521663,0.5739405799148198,-0.141159264520281,-0.023914066857579557,-0.012580107361561357,Schönheit,4.085174457566788
-7.06685285521663,0.5739405799148198,-0.141159264520281,-0.023914066857579557,-0.012580107361561357,wander+n schönheit,4.085174457566788
-6.800271826109178,0.4403759684540316,-0.20689639513284885,-0.02309654501507857,-0.007892804476811247,Erzählen,4.3822802668057355
-6.800271826109178,0.4403759684540316,-0.20689639513284885,-0.02309654501507857,-0.007892804476811247,schönheit erzähl+en,4.3822802668057355
-6.223914832039437,0.15123452519600722,-0.33393547045087657,-0.02142753310139086,0.0009436609889512081,Schrecken,5.025025739791974
-6.223914832039437,0.15123452519600722,-0.33393547045087657,-0.02142753310139086,0.0009436609889512081,erzähl+en schrecken,5.025025739791974
-3.6859285090303455,-1.120426736395808,-0.7366604203529551,-0.015583892092092143,0.026991804165215308,schrecken tsunami,7.857067079181015
-5.806893183836208,-0.058045996809949596,-0.4152860313683788,-0.020306441437235305,0.00644920484624914,premium,5.490276371447571
-5.806893183836208,-0.058045996809949596,-0.4152860313683788,-0.020306441437235305,0.00644920484624914,tsunami premium,5.490276371447571
-6.452892263927108,0.2661388917999936,-0.28569610556319247,-0.02207395421476221,-0.002377440398653563,premium ein,4.769624590876932
-6.66662371334122,0.37335939617868963,-0.23807181813572625,-0.022697215148062028,-0.005697351361388617,dünn,4.531283074563293
-6.66662371334122,0.37335939617868963,-0.23807181813572625,-0.022697215148062028,-0.005697351361388617,ein dünn,4.531283074563293
-6.829849693651472,0.4552033750114297,-0.19984260701934695,-0.023185896717516058,-0.008391994631312863,besiedelte,4.349308397722342
-6.829849693651472,0.4552033750114297,-0.19984260701934695,-0.023185896717516058,-0.008391994631312863,dünn besiedel+t+e,4.349308397722342
-7.086048110862334,0.5835504439681944,-0.13622948959182749,-0.02397395020626149,-0.012934805594215955,besiedel+t+e gegend,4.063787539331356
-6.021636617059978,0.04971881711873838,-0.3743792416999369,-0.02087478161027136,0.003695727114139208,wenig,5.250683982072329
-7.288284957417943,0.6847147154019153,-0.08254099781970745,-0.024612261133100662,-0.016826769492119288,gegend wenig,3.8385229241385037
-7.3600674066047045,0.7205787052728205,-0.06267295848401654,-0.024841731843007774,-0.018280631416932716,besuchte,3.758598382731782
-7.3600674066047045,0.7205787052728205,-0.06267295848401654,-0.024841731843007774,-0.018280631416932716,wenig besuch+t+e,3.758598382731782
-7.450723193976275,0.7658321093764375,-0.03692979350158561,-0.025133313307353418,-0.020175447717400243,Route,3.6576872437363703
-7.450723193976275,0.7658321093764375,-0.03692979350158561,-0.025133313307353418,-0.020175447717400243,besuch+t+e route,3.6576872437363703
-7.502403587473816,0.7916072467476316,-0.021914982444572465,-0.025300275740173118,-0.021286399982181667,route japan,3.600175622731439
-6.755617948822026,0.4179879155036801,-0.21743802278241492,-0.022962315013390095,-0.007148465929768581,Michinoku,4.43206105924922
-7.60306734607056,0.8417584588483638,0.008073918252565412,-0.02562661119708942,-0.023518178783387994,der michinoku,3.488188666880624
-6.835884408293036,0.4582283732866259,-0.19839637064793206,-0.02320416973913678,-0.008494455093766236,Coastal,4.342581410918654
-6.835884408293036,0.4582283732866259,-0.19839637064793206,-0.02320416973913678,-0.008494455093766236,michinoku coastal,4.342581410918654
-6.8932012096980895,0.48695557627026353,-0.18453895257640318,-0.023378439406833762,-0.009478129609662413,Trail,4.278693018883199
-6.8932012096980895,0.48695557627026353,-0.18453895257640318,-0.023378439406833762,-0.009478129609662413,coastal trail,4.278693018883199
-7.73194332074338,0.9058434689993153,0.047986468912948464,-0.026045423554145863,-0.026515424808776514,trail führ+t,3.344892457212762
-7.441492126965127,0.7612263906197518,-0.03958535655375048,-0.025103542615240913,-0.019979406861936465,führ+t pazifik,3.6679610677851526
1.0417302616890645,-3.4722148548731187,-1.1674023457639877,-0.008767033640173378,0.05093583656168259,entlang,13.129942003188562
-7.6986941451906645,0.8893244789126722,0.03751921373407044,-0.02593736200494387,-0.025726380766656426,pazifik entlang,3.381853007286597
-7.621749234246966,0.8510572580259077,0.013751311342094986,-0.02568728875033382,-0.023942637778186115,eindrucksvolle,3.4674108171427873
-7.621749234246966,0.8510572580259077,0.013751311342094986,-0.02568728875033382,-0.023942637778186115,entlang eindrucksvoll+e,3.4674108171427873
-7.518351057765447,0.7995572901419703,-0.01723038792747433,-0.025351887011058113,-0.021633893464869422,eindrucksvoll+e natur,3.582431125760644
-6.420328385670319,0.24979941177825227,-0.29272529324633817,-0.02198067655234635,-0.0018908968932359188,Man,4.805943028233315
-7.422444038322489,0.7517209445949913,-0.04504019752796459,-0.025042165741773932,-0.019577134466760605,begegnet,3.6891619642675213
-7.422444038322489,0.7517209445949913,-0.04504019752796459,-0.025042165741773932,-0.019577134466760605,man begegn+et,3.6891619642675213
-7.325496930469761,0.703309840408129,-0.07229694396403745,-0.02473104966035301,-0.017575464409832472,begegn+et mensch+en,3.7970878226133986
-5.629050554193326,-0.14727869396836857,-0.4477069204729952,-0.019849823371688415,0.008609878826550715,deren,5.6887141199080595
-7.189026307559526,0.6350832754908113,-0.1092998894960702,-0.024297354088197616,-0.014880300883474057,mensch+en der,3.9490685325272112
-7.086048110862334,0.5835504439681944,-0.13622948959182749,-0.02397395020626149,-0.012934805594215955,Resilienz,4.063787539331356
-7.086048110862334,0.5835504439681944,-0.13622948959182749,-0.02397395020626149,-0.012934805594215955,der resilienz,4.063787539331356
-6.858123580196611,0.46937548126126627,-0.19304581365230708,-0.023271633969088042,-0.008873852614566677,erstaunt,4.317791670734953
-6.858123580196611,0.46937548126126627,-0.19304581365230708,-0.023271633969088042,-0.008873852614566677,resilienz erstaun+t,4.317791670734953
-6.287610553691728,0.18320006983549542,-0.3207888914867812,-0.021605134441405785,4.272474619832975e-05,erstaun+t jahr+e,4.953974536580164
-3.6859285090303455,-1.120426736395808,-0.7366604203529551,-0.015583892092092143,0.026991804165215308,jahr+e tsunami-katastroph+e,7.857067079181015
-6.800271826109178,0.4403759684540316,-0.20689639513284885,-0.02309654501507857,-0.007892804476811247,Sanriku-Küste,4.3822802668057355
-6.800271826109178,0.4403759684540316,-0.20689639513284885,-0.02309654501507857,-0.007892804476811247,tsunami-katastroph+e sanriku-küst+e,4.3822802668057355
-7.31340287285211,0.6972670902033957,-0.0756393011865148,-0.024692401857021512,-0.017330969856738723,sanriku-küst+e stadt,3.8105538898019047
-7.381797859743785,0.7314303724993203,-0.05656970585911196,-0.024911456253208116,-0.018728729143058495,Hachinohe,3.7344067821695512
-7.381797859743785,0.7314303724993203,-0.05656970585911196,-0.024911456253208116,-0.018728729143058495,stadt hachinohe,3.7344067821695512
-7.502403587473816,0.7916072467476316,-0.021914982444572465,-0.025300275740173118,-0.021286399982181667,hachinohe nordosten,3.600175622731439
-7.60306734607056,0.8417584588483638,0.008073918252565412,-0.02562661119708942,-0.023518178783387994,Hauptinsel,3.488188666880624
-7.60306734607056,0.8417584588483638,0.008073918252565412,-0.02562661119708942,-0.023518178783387994,nordosten haupt+insel,3.488188666880624
-7.667599760618496,0.8738665761351323,0.027838797637203486,-0.025836288044431843,-0.02499855556557847,Honsh,3.4164240386169293
-7.667599760618496,0.8738665761351323,0.027838797637203486,-0.025836288044431843,-0.02499855556557847,haupt+insel honsh,3.4164240386169293
-7.6986941451906645,0.8893244789126722,0.03751921373407044,-0.02593736200494387,-0.025726380766656426,weht,3.381853007286597
-7.6986941451906645,0.8893244789126722,0.03751921373407044,-0.02593736200494387,-0.025726380766656426,honsh weh+t,3.381853007286597
-7.745306510008447,0.9124795491232589,0.05222770973534545,-0.026088840733917776,-0.02683575021521129,kühle,3.330039496809313
-7.745306510008447,0.9124795491232589,0.05222770973534545,-0.026088840733917776,-0.02683575021521129,weh+t kühl+e,3.330039496809313
-7.770607171426377,0.9250386872863738,0.060312471853230284,-0.02617100725011934,-0.02744734317425815,Brise,3.301921268567403
-7.770607171426377,0.9250386872863738,0.060312471853230284,-0.02617100725011934,-0.02744734317425815,kühl+e brise,3.301921268567403
-7.797964498323488,0.9386110826821115,0.06913627499419653,-0.026259780678024206,-0.028116315573841394,Angenehm,3.2715219388035583
-7.856357923861104,0.9675526711833264,0.08826193574606346,-0.026448889739805765,-0.029571625396507317,Wanderer,3.2066522737921606
-7.856357923861104,0.9675526711833264,0.08826193574606346,-0.026448889739805765,-0.029571625396507317,angenehm wanderer,3.2066522737921606
-7.892004266282928,0.9851998641117192,0.10013771490682076,-0.026563982190351658,-0.030478956244104384,wanderer michinoku,3.1670644148569074
-7.955095878153118,1.016393236869973,0.12154307257987156,-0.02676677745833592,-0.03212154604276269,MCT,3.0970203947446766
-7.955095878153118,1.016393236869973,0.12154307257987156,-0.02676677745833592,-0.03212154604276269,trail mct,3.0970203947446766
-7.987284294407042,1.0322859830844249,0.13265960064783533,-0.02686967359883673,-0.03297827164893068,mct fast,3.0612974220817875
-7.997241587598926,1.0371991717970062,0.13612588575730653,-0.026901412217209937,-0.03324592722495745,alleine,3.050248526040908
-7.997241587598926,1.0371991717970062,0.13612588575730653,-0.026901412217209937,-0.03324592722495745,fast alleine,3.050248526040908
-5.714007720516248,-0.10465339992335476,-0.432377002883653,-0.020066388257859093,0.007590613566913325,unterwegs,5.59391693627866
-8.012457408490945,1.0447041016012222,0.14144813944072285,-0.026949821092297106,-0.03365737481355877,alleine unterwegs,3.0333662974243745
-8.045468404629686,1.060973505703323,0.15310187140258585,-0.027054432941628324,-0.03456032787135015,Vorjahr,2.9967471766254428
-8.058210472023944,1.067248609203814,0.15763990361027236,-0.027094648429881327,-0.034912703008908676,zählte,2.98261509806192
-8.058210472023944,1.067248609203814,0.15763990361027236,-0.027094648429881327,-0.034912703008908676,vorjahr zähl+te,2.98261509806192
-8.06886121576939,1.0724916804539082,0.1614503386084683,-0.027128187871336685,-0.03520891092140573,zähl+te der…,2.970803670036658
-8.07764539111189,1.0768144157265318,0.1646048750848424,-0.0271557954550523,-0.035454360479351375,+15014,2.9610630496978025
-8.07764539111189,1.0768144157265318,0.1646048750848424,-0.0271557954550523,-0.035454360479351375,der… +15014,2.9610630496978025
-8.08751656688793,1.081670452159505,0.16816268571656387,-0.027186758895451406,-0.03573143709887403,+15014 chars,2.950117977617398
-7.20969287822148,0.645610785560065,-0.10354366167501039,0.0033613452528686717,-0.010699281200909967,erschütter+t großraum,3.925960610211442
-7.143339862813027,0.6123962866248611,-0.12105140349560209,0.008609500390729902,-0.008586300253496666,tokio erneut,3.999878815752231
-6.355825544685161,0.21743291307654244,-0.30640410254479367,-0.023441326164582738,0.0018775590926104965,erneut japan,4.877883318504163
-6.3205382834108566,0.19972526945465763,-0.3138557544050666,-0.022914808629081077,0.0016572467517133108,heimgesucht,4.917243397734292
-6.3205382834108566,0.19972526945465763,-0.3138557544050666,-0.022914808629081077,0.0016572467517133108,erdbeben heim+ge+such+t,4.917243397734292
-5.816327851641525,-0.053311717601451036,-0.4135302476904499,-0.02033101776798317,0.006331644906665393,ein gefahr,5.479749481854553
-7.985249173370551,1.0312816157356257,0.13195275194405012,-0.026863181123323896,-0.03292372124441202,gefahr flut+welle,3.0635557559719837
-7.9640425927277345,1.0208121244885333,0.12461939381948994,-0.02679542040146724,-0.03235837876367043,flut+welle besteh,3.087090382758389
-6.240308593961941,0.1594617886004963,-0.3305712829732926,-0.021473080492611717,0.0007134095290189622,durch erschütterung,5.006738513631531
-5.694873862585678,-0.11425371903939308,-0.4358543913878557,-0.02001736550552412,0.007822196767071878,"5,0",5.615266712236062
-5.694873862585678,-0.11425371903939308,-0.4358543913878557,-0.02001736550552412,0.007822196767071878,"stärke 5,0",5.615266712236062
-5.568563040459621,-0.1776243075372923,-0.4584509406706791,-0.019697358414353668,0.009321671609127388,"5,0 besteh+e",5.756208972943077
-5.258243776751126,-0.3332657651064266,-0.5114669985158012,-0.018937140450931783,0.012802872496259112,besteh+e jedoch,6.102492448417568
-4.458768482901566,-0.7338423681067408,-0.6339421863225876,-0.017135920091102066,0.02064302030915863,jedoch gefahr,6.994662695985792
-3.185266583421206,-1.3705105535855369,-0.7965630855658565,-0.014663848203595328,0.030593257542849715,tsunami geb,8.415697948732534
-4.276405623228742,-0.8251221045363075,-0.6594263736384745,-0.016754101581546697,0.02223793719561859,geb wetter+behörde,7.198166491207837
-5.212457712718629,-0.35622338210675064,-0.5190063629996268,-0.01882800992154905,0.013293699649291271,bekan…,6.153586344572506
-5.212457712718629,-0.35622338210675064,-0.5190063629996268,-0.01882800992154905,0.013293699649291271,wetter+behörde bekan…,6.153586344572506
-7.086048110862334,0.5835504439681944,-0.13622948959182749,-0.02397395020626149,-0.012934805594215955,+154,4.063787539331356
-7.086048110862334,0.5835504439681944,-0.13622948959182749,-0.02397395020626149,-0.012934805594215955,bekan… +154,4.063787539331356
-7.173165778933542,0.6271488427489682,-0.11350156745120282,-0.024247315794551104,-0.014575873934129006,+154 char+s,3.9667354118301743
-7.997165538252809,1.0373881176134017,0.1363070647754807,-0.004521143067242622,-0.029601061268817785,Keine,3.050229765316508
-7.985036883569423,1.0314058444850185,0.1320959454577688,-0.0034682522944160005,-0.029108522548231916,kein+e flut+welle,3.0636868752344553
-7.956766595559304,1.0174509773192713,0.12235628406559637,-0.0008803922955226651,-0.02794529984039116,flut+welle japan,3.095059527686124
-5.2993636245087155,-0.3125476834616241,-0.5043712467116214,-0.010702739022782572,0.020330088285734953,japan stark+es,6.056554582716429
-7.741511324916948,0.910622901666934,0.051501521978331515,0.026285060227459762,-0.01813846245238189,erneut haupt+stadt,3.3342349767605453
-7.686499670680395,0.8831126061305354,0.03427764847866613,0.03587124756400084,-0.015262949108348856,haupt+stadt japan+s,3.3954635158306203
-7.620748878982292,0.8500695163557321,0.01413574560726005,0.04912239759192661,-0.011556673761497327,Stößen,3.4687218218343117
-7.620748878982292,0.8500695163557321,0.01413574560726005,0.04912239759192661,-0.011556673761497327,japan+s stoß+en,3.4687218218343117
-7.895796910780946,0.9873009591134212,0.10170490271843301,0.005387081487368964,-0.025354785958035995,stoß+en erschütter+t,3.162748736696105
-7.395261483540004,0.7344975006095009,-0.051447859198518076,0.11307130502417502,0.00410237237758037,über möglich+e,3.7209852834604575
-7.2494446230445355,0.656415608609445,-0.09113153680255465,0.17225812505686894,0.017244874411776634,möglich+e opfer,3.8856113525892444
-6.8541547911935155,0.42176183086457764,-0.18888508119941613,0.38099670376838396,0.06210954139393266,opfer schaden,4.34204503642821
-7.059335416038867,0.5665066656156899,-0.14173224419540648,0.11296705156417916,0.010580115481813888,bisher,4.095123603036912
-7.059335416038867,0.5665066656156899,-0.14173224419540648,0.11296705156417916,0.010580115481813888,schaden bisher,4.095123603036912
-6.933218087939626,0.5071854692905742,-0.17453044129219566,-0.0010980935905889316,-0.006464464913751564,bekannt,4.234009717608117
-6.933218087939626,0.5071854692905742,-0.17453044129219566,-0.0010980935905889316,-0.006464464913751564,bisher bekannt,4.234009717608117
-5.694873862585679,-0.11425371903939263,-0.43585439138785553,-0.020017365505524326,0.007822196767071809,tsunami besteh,5.615266712236061
-6.346654977880627,0.21283023588155725,-0.3084178340685909,-0.021771291637839016,-0.0008079095598067625,besteh wohl,4.888115077857104
-7.086048110862334,0.5835504439681944,-0.13622948959182749,-0.02397395020626149,-0.012934805594215955,+461,4.063787539331356
-7.086048110862334,0.5835504439681944,-0.13622948959182749,-0.02397395020626149,-0.012934805594215955,bekan… +461,4.063787539331356
-7.173165778933542,0.6271488427489682,-0.11350156745120282,-0.024247315794551104,-0.014575873934129006,+461 chars,3.9667354118301743
1.4487726896234498,-3.564777058098717,-0.1365900484588206,-0.01096972326374026,0.02694351005065066,erdbeben indonesien,13.552102018667794
-6.54606281974208,0.31288438061751744,-0.2652595192385234,-0.022343300050484013,-0.0037970712719703065,indonesien behörde+n,4.665718540214932
-5.694873862585679,-0.11425371903939263,-0.43585439138785553,-0.020017365505524326,0.007822196767071809,tsunami ein,5.615266712236061
15.910150377635148,-10.563819036207013,1.0327319561035984,0.04645462228684772,0.024655612065334682,"7,4",29.633882699373206
15.434686799093384,-10.334391613443662,1.0430549734279801,0.04749043954129792,0.025225072122293288,"stärke 7,4",29.10617581189772
-5.745320445500734,-0.06190569314288474,0.6868797441937441,-0.019544566263004874,-0.011928066140045143,"7,4 indonesisch+en",5.563978657665452
-0.6370894252145582,-2.5319169557756385,0.620386768381567,-0.014558361891298421,0.014225240393255692,indonesisch+en insel,11.236297261745385
3.641046433457104,-4.606549895565999,0.3496639186371084,0.04674933840149197,0.032170830652852964,insel sulawesi,15.986260336617889
-5.907161573858059,-0.007729970283304688,-0.3964344024483993,-0.020569471191187648,0.005184051495820723,sulawesi lös+t,5.378402402003857
-3.0680954601917083,-1.3509330948039326,0.49726781535068154,-0.020131085365065714,0.012988624065140545,küste indonesisch+en,8.532088319221385
-5.500205149168896,-0.2119227138724198,-0.47033492534637383,-0.02150526292295109,0.013510045615144597,sulawesi schwer+en,5.832487169722165
-5.196775662143134,-0.3640861103835906,-0.5215726805553689,-0.018790807240758517,0.013460529938983038,erdbeben ge+komm+en,6.171086427262431
-4.576873187332684,-0.6747071289320821,-0.6169877983644594,-0.01738867875118025,0.01957486665641206,lösten,6.86286486251173
-4.576873187332684,-0.6747071289320821,-0.6169877983644594,-0.01738867875118025,0.01957486665641206,behörde+n lös+ten,6.86286486251173
-2.5261132774361155,-1.699347774514297,-0.8687759285322643,-0.013541641387354204,0.03482989145465389,Inseln,9.151092104024018
-3.9230832948026935,-1.001869415916219,-0.7065589623307477,-0.01604221800312859,0.02515350090308742,lös+ten insel+n,7.592437498576159
-3.4816556512992616,-1.2224957335210922,-0.7616739733700637,-0.015200964452524097,0.028504984710928973,insel+n rund,8.084997405089329
-1.0115251831012664,-2.4532897403465452,-1.0116577949654126,-0.011283047478295222,0.042844145715085796,Molukkensee,10.84049571501159
-2.285573019288906,-1.8192348896884654,-0.8934597590607466,-0.013154969123474653,0.03625052615144871,rund molukkense+e,9.419430524578427
4.853716174509989,-5.356626400869619,-1.381499714078836,-0.00520704587948251,0.060635454643478595,molukkense+e tsunami-warnung,17.37839866917674
7.590234761697072,-6.5299434581017906,0.1928548632574117,-0.019232090260985633,0.04496575528268906,der beben,20.37603710228548
-5.4137292963713595,-0.2555642611417972,-0.4846473125890943,-0.03374434330772558,0.035910652741883396,na…,5.929080308796374
-5.4137292963713595,-0.2555642611417972,-0.4846473125890943,-0.03374434330772558,0.035910652741883396,beben na…,5.929080308796374
-7.117995995356106,0.599494146796884,-0.12750929024416824,-0.03383981556329568,0.003201264302983918,+725,4.028199129461805
-7.117995995356106,0.599494146796884,-0.12750929024416824,-0.03383981556329568,0.003201264302983918,na… +725,4.028199129461805
-7.200735846737434,0.6409164239159915,-0.10579088851634083,-0.03283264148838293,-0.0005510879678668167,+725 chars,3.9360226067579536
-7.913675824663753,0.9959206722870926,0.10743396439263544,-0.026633786862244595,-0.03103780963071035,indonesien nan,3.143001226813038
-7.903032563329653,0.9906562794169052,0.10384337404345038,-0.02659952191966021,-0.030762655591631785,nan vor,3.1548186075835787
-7.117995995356106,0.599494146796884,-0.12750929024416824,-0.03383981556329568,0.003201264302983918,+395,4.028199129461805
-7.117995995356106,0.599494146796884,-0.12750929024416824,-0.03383981556329568,0.003201264302983918,na… +395,4.028199129461805
-7.200735846737434,0.6409164239159915,-0.10579088851634083,-0.03283264148838293,-0.0005510879678668167,+395 chars,3.9360226067579536
-2.065927067107726,-1.9308895692080745,-0.9132976186635113,-0.05154195043985354,0.10453581907540738,tsunami-warnung schwer+es,9.665360499774586
5.164561282463902,-5.512149128803705,-1.394584106779205,0.08627558080085188,0.08329163542476259,Osten,17.7256699456736
-4.94937986653672,-0.48826074870298086,-0.5601104277253803,0.02832668146421386,0.03976954761460624,erschütter+t osten,6.447211820291367
0.31539527704230075,-3.1163881552593593,-1.1146522370449639,0.1194172875274862,0.07605254155661847,osten indonesien+s,12.32197658175079
-6.335548151104136,0.20701491258122884,-0.30989492404578417,0.03766032489260295,0.01967422568382043,indonesien+s indonesien,4.900586396239583
-5.754467354437061,-0.08703990841692377,-0.42300328270581655,0.09296535804923352,0.05297500206472275,indonesien erdbeben,5.549895511218091
-6.305890489009649,0.19237359776157703,-0.31697806137781226,-0.021656419161204053,-0.00021901413400613953,"7,4 ge+komm+en",4.933584337263755
-7.31340287285211,0.6972670902033957,-0.0756393011865148,-0.024692401857021512,-0.017330969856738723,Überwachungszentrum,3.8105538898019047
-7.31340287285211,0.6972670902033957,-0.0756393011865148,-0.024692401857021512,-0.017330969856738723,ein überwachung+s+zentrum,3.8105538898019047
-6.982930104582561,0.5319124615330808,-0.16239279031312526,-0.023653805343905272,-0.011057448646297097,überwachung+s+zentrum warn+t,4.178689966103032
-6.702600792635051,0.39140247924379823,-0.22978957738485917,-0.02280399475125825,-0.00627889144583179,warn+t möglich+en,4.491169753044911
-6.154911706449223,0.11660461979713999,-0.34795092802962657,-0.021237054715551134,0.0019007096446319906,gefährlichen,5.102001080688203
-6.154911706449223,0.11660461979713999,-0.34795092802962657,-0.021237054715551134,0.0019007096446319906,möglich+en gefährlich+en,5.102001080688203
-3.6859285090303455,-1.120426736395808,-0.7366604203529551,-0.015583892092092143,0.026991804165215308,gefährlich+en tsunami-well+en,7.857067079181015
-7.086048110862334,0.5835504439681944,-0.13622948959182749,-0.02397395020626149,-0.012934805594215955,indonesien schwer+es,4.063787539331356
-5.87952964366452,-0.046021872925389395,-0.3974892303674414,0.28034094706479684,0.06351297528803403,"7,4 osten",5.419830658563415
-7.596640261383277,0.8385587593642949,0.006128991776625245,-0.02560574255611727,-0.023372913275305697,osten land+es,3.495337233218
-7.639585352785024,0.8599323689128231,0.019205288066989627,-0.02574523973062564,-0.02435098037153695,land+es erschütter+t,3.4475753251904564
-7.83016529097472,0.9545757139637288,0.07963328393988586,-0.026364138945435787,-0.028914151961700697,ereign+ete angabe+n,3.235746940536592
-0.4848904148280351,-2.606701326562501,0.500181225849714,0.1088129140933538,0.03668779725609689,US-Erdbebenwarte,11.403997537179801
-4.608656921781032,-0.6588074896136491,-0.6122510056550006,-0.019841912134454104,0.023382404300160118,angabe+n us+-+erdbeben+warte,6.827399489973807
-2.134198287339517,-1.819008076817362,0.7624839206187369,0.13192799294173874,0.03115416600893797,USGS,9.58045028983508
-2.134198287339517,-1.819008076817362,0.7624839206187369,0.13192799294173874,0.03115416600893797,us+-+erdbeben+warte usg+s,9.58045028983508
-7.936326938686526,1.0071193230585398,0.11512275955130252,-0.026706589207793497,-0.031627893990757154,Donnerstagmorgen,3.1178542864814025
-7.936326938686526,1.0071193230585398,0.11512275955130252,-0.026706589207793497,-0.031627893990757154,usg+s donnerstag+morgen,3.1178542864814025
-7.9811338241818754,1.0292504292663693,0.13052504894717645,-0.026850046623614947,-0.03281357075370894,6.48,3.068122586962407
-7.9811338241818754,1.0292504292663693,0.13052504894717645,-0.026850046623614947,-0.03281357075370894,donnerstag+morgen 6.48,3.068122586962407
-7.991310343882115,1.0342727231613664,0.1340595542632907,-0.026882512037198623,-0.03308634199583839,6.48 uhr,3.056829899290765
-8.019756234326273,1.0483028260915452,0.1440121318972195,-0.026973001186717128,-0.033855797362250806,0.4…,3.02526884981489
-8.019756234326273,1.0483028260915452,0.1440121318972195,-0.026973001186717128,-0.033855797362250806,ort+s+zeit 0.4…,3.02526884981489
-8.030343792195987,1.0535215635115316,0.14774416807979712,-0.027006576346518384,-0.03414485475152145,+991,3.013523680817217
-8.030343792195987,1.0535215635115316,0.14774416807979712,-0.027006576346518384,-0.03414485475152145,0.4… +991,3.013523680817217
-8.03885402865482,1.0577150456525983,0.15075497510741476,-0.027033519850388245,-0.03437826034659342,+991 chars,3.0040837056654985
4.853716174509989,-5.356626400869619,-1.381499714078836,-0.00520704587948251,0.060635454643478595,indonesien tsunamiwarnung,17.37839866917674
-6.287610553691728,0.18320006983549542,-0.3207888914867812,-0.021605134441405785,4.272474619832975e-05,tsunamiwarnung unter,4.953974536580164
-4.1881107286308215,-0.8693040452891729,-0.6714742835961273,-0.01657282352183251,0.022987462154219648,unter meer,7.296695954398475
-6.885187781659115,0.4829396697169137,-0.1864896719696549,-0.0233539975466472,-0.009339445672382422,meer beb+t,4.287624826643995
-7.06685285521663,0.5739405799148198,-0.141159264520281,-0.023914066857579557,-0.012580107361561357,beb+t osten,4.085174457566788
-4.623258181694141,-0.6514780051688676,-0.6102286637874964,-0.017489156182146047,0.019147468791092956,indonesien+s erde,6.811101723115263
12.84235386367039,-9.28648380799213,-1.6571194805344087,-0.00248869831384909,0.07290894630490155,warn+en möglich+en,26.275975010293852
-6.54606281974208,0.31288438061751744,-0.2652595192385234,-0.022343300050484013,-0.0037970712719703065,erwarten,4.665718540214932
-6.54606281974208,0.31288438061751744,-0.2652595192385234,-0.022343300050484013,-0.0037970712719703065,was erwart+en,4.665718540214932
-7.117995995356106,0.599494146796884,-0.12750929024416824,-0.03383981556329568,0.003201264302983918,An…,4.028199129461805
-7.117995995356106,0.599494146796884,-0.12750929024416824,-0.03383981556329568,0.003201264302983918,beben an…,4.028199129461805
-7.200735846737434,0.6409164239159915,-0.10579088851634083,-0.03283264148838293,-0.0005510879678668167,+1496,3.9360226067579536
-7.200735846737434,0.6409164239159915,-0.10579088851634083,-0.03283264148838293,-0.0005510879678668167,an… +1496,3.9360226067579536
-7.285343099921877,0.6832382244468049,-0.08300659786051673,-0.031925177388753695,-0.0042313424550057335,+1496 chars,3.8417896778565175
-6.610426325989862,0.2771168115045253,1.2319495406216596,-0.017577120622235126,-0.02118792891022301,erinnerung flut+welle,4.645973042088988
-6.238638883633626,0.10393033640487692,1.208384306364906,-0.016986719111335508,-0.01755187141043072,flut+welle 2004,5.055654375126487
-5.978351420647239,-0.016400155141921946,1.186613058950772,-0.01665252325054709,-0.01530853773962177,2004 stark+es,5.341993062169963
-4.653882490713822,-0.6282065010216127,1.0470090440078463,-0.015406340053132907,-0.006309613438595561,beb+en lös+t,6.7983835608635985
1.393977490929613,-3.5141457928362168,0.48855970869109716,-0.010991038422747984,0.015722781428077474,Tsunami-Alarm,13.490145133883997
-3.033131797101082,-1.3884698183901096,0.872877648972124,-0.014139014689090061,0.0016698473872038579,lös+t tsunami-alarm,8.585587363418046
-5.700227986671691,-0.22346069292227577,1.4533091331382924,-0.012801652341710016,-0.010397223826456518,tsunami-alarm indonesien,5.686543509187479
-5.858176011452052,-0.34048814227504565,1.8617770230387227,-0.004886410974313541,-0.0005204788904842536,indonesien ein,5.601604199193663
-2.658321894863489,-2.597985765084488,2.5972380105293755,0.013259328156462219,0.05203705744077555,ein see+beben,9.476142013258722
-5.352244909504181,-0.5556210537822315,1.8205097248241826,-0.005579596301510535,0.002363012220157612,"7,4 ereign+et",6.150010373786511
-5.042870106348434,-0.5753615950861302,1.5554214240913546,-0.010394355573464482,-0.0033787180568948284,ereign+et küste,6.432995682795009
-4.787789663026418,-0.6677936838189376,1.4745026397240748,-0.011236463714262273,-0.0033978756257847346,Sulawesis,6.701596784963646
-4.787789663026418,-0.6677936838189376,1.4745026397240748,-0.011236463714262273,-0.0033978756257847346,küste sulawesi+s,6.701596784963646
-3.154894648330413,-1.316800583145279,0.7101905333496512,-0.015043384800225173,0.002402486920906201,der tsunami-warnung,8.442324601548268
-5.795908952865534,-0.07674590306412599,1.0361093394509602,-0.049827318489928545,0.04130510126597084,betrifft,5.530119464672093
-5.795908952865534,-0.07674590306412599,1.0361093394509602,-0.049827318489928545,0.04130510126597084,tsunami-warnung betreff+t,5.530119464672093
-6.2563334722722805,0.13553640611994844,1.0956838291536544,-0.036620855408490006,0.013633953256952666,betreff+t neben,5.024210898859058
-6.457627122682307,0.22803157082956638,1.1196458292969351,-0.032561646660537506,0.004280598456502131,neben indonesien,4.803133851950268
86.4179175068765,-44.978107410189565,-0.49597578255131436,0.0679450047176259,-0.01706559815832419,Philippinen,108.05988932732149
-4.870691691896619,-0.49164370005976066,0.7745500708311196,-0.0352853134590128,0.024189266935912106,indonesien philippinen,6.539609246773761
-7.080061433336304,0.5160922856811176,1.1748582710755158,-0.024820380917850927,-0.01778607252990822,Malaysia,4.1183408440499605
-7.080061433336304,0.5160922856811176,1.1748582710755158,-0.024820380917850927,-0.01778607252990822,philippinen malaysia,4.1183408440499605
-7.219476478874789,0.5818029424253162,1.1806934689346673,-0.02389974455060083,-0.02176219069001334,Prognosen,3.9643405816805433
-7.219476478874789,0.5818029424253162,1.1806934689346673,-0.02389974455060083,-0.02176219069001334,doch prognose+n,3.9643405816805433
-7.32187861368596,0.6305556906865482,1.1827102913543885,-0.023385769040609555,-0.024541291949912718,Wellenhöhe,3.850978666776059
-7.32187861368596,0.6305556906865482,1.1827102913543885,-0.023385769040609555,-0.024541291949912718,prognose+n welle+n+höhe,3.850978666776059
-7.372775677762576,0.6470996250006635,1.2166514440577936,-0.022704564106936546,-0.025884293227875797,welle+n+höhe geb+en,3.7984829421167445
-7.3967106547102155,0.6541511916170248,1.2348375754030532,-0.022358458635542956,-0.026480174401948414,vorerst,3.774147320789937
-7.3967106547102155,0.6541511916170248,1.2348375754030532,-0.022358458635542956,-0.026480174401948414,geb+en vorerst,3.774147320789937
-7.4250112551876715,0.6616215912382739,1.2589453614773656,-0.021914275044183935,-0.027146558165610832,vorerst entwarnung,3.7457904405416698
-7.470912296239878,0.6705182872718467,1.3075001085309503,-0.021051041017518674,-0.02809722975399513,der region,3.701344457430629
-7.495220565235052,0.6722025769723456,1.3418732225901122,-0.020450512577292454,-0.02848506082568434,region tektonisch,3.6792572272231316
-7.514132339782702,0.6702339523448717,1.37774612862264,-0.019821869615354693,-0.028664733851658873,extrem,3.6636407666839137
-7.514132339782702,0.6702339523448717,1.37774612862264,-0.019821869615354693,-0.028664733851658873,tektonisch extrem,3.6636407666839137
-7.523419157741387,0.6669569578675227,1.4016737029918511,-0.01939756621317028,-0.02866734689729035,aktiv,3.6570746231275635
-7.523419157741387,0.6669569578675227,1.4016737029918511,-0.01939756621317028,-0.02866734689729035,extrem aktiv,3.6570746231275635
-4.892464249942283,-0.4908448914608732,0.8803929536334206,-0.017625986397412672,-0.006098192344692631,liegt,6.521305715414744
-7.532890464028155,0.6592365331911203,1.4378431184914648,-0.018743799722223616,-0.028507368600008062,aktiv lieg+t,3.652464453880829
-7.537331766440792,0.6487639122097126,1.4729904681542376,-0.01808983658015833,-0.028176640028550123,lieg+t sogenannt+en,3.653564561367128
-7.536304121436059,0.62829073327281,1.5250917725138156,-0.017078334545975144,-0.02739493394381725,sogenannt+en pazifisch+en,3.6642012913206004
-1.0570670610569497,-2.32763977392626,0.5863209244954418,-0.023387878626525062,0.02805233259308295,Feuerring,10.768799207974759
-1.0570670610569497,-2.32763977392626,0.5863209244954418,-0.023387878626525062,0.02805233259308295,pazifisch+en feuer+ring,10.768799207974759
-7.319517796541854,0.3146950957075516,1.91678918285349,-0.0070979736133511126,-0.01212552553652873,Zoonar,4.001891019034828
-7.319517796541854,0.3146950957075516,1.91678918285349,-0.0070979736133511126,-0.01212552553652873,alliance zoonar,4.001891019034828
-7.073123098665313,0.030369746302363332,2.1251418997386673,0.0005305743301245465,0.0026893851324228633,zoonar ein,4.350695733042964
-6.932183863565939,0.402465519912774,1.341206808642127,-0.01752311001688328,-0.023123641431666495,Tsunam…,4.303457372920263
-7.739270494344755,0.7096455518974836,1.5626255407359717,-0.016235546396985597,-0.031224658386122567,der tsunam…,3.4466782347370124
-7.767501932809761,0.7349365448214871,1.5341799948346926,-0.016809789100544675,-0.032384079994578235,+1710,3.409821292239606
-7.767501932809761,0.7349365448214871,1.5341799948346926,-0.016809789100544675,-0.032384079994578235,tsunam… +1710,3.409821292239606
-7.784529913055547,0.7499058930216,1.5171494046249743,-0.017144067446764936,-0.03306500765769634,+1710 char+s,3.3877169995288496
-6.459331693380157,0.23661668538757663,-0.27964267333167736,0.3236111896564943,0.06342070491196838,behörde+n mindestens,4.776664857023537
-4.870397858925469,-0.7148410343878457,-0.5538321549760673,0.7575527337702239,0.16283301934718286,Toter,6.616927255657573
-6.774472799078753,0.18334743131453646,-0.19666423791155177,0.8621038076722157,0.1589720700478076,mindestens tot+er,4.517409652013329
-8.440703304996763,1.1688924939763208,0.30706898895334245,0.518707570694009,0.048397585033865195,tot+er erdbeben,2.596234318871325
-8.63113195097204,1.3199432334711017,0.39003613237975276,0.2893962977171913,-0.00033063292849631193,indonesien+s bei,2.360371054078222
-0.04096588784561561,-2.936825514991287,-1.0882073236275505,0.061463349496203204,0.08801720897118556,bei schwer+en,11.923415445842602
-7.504074483509751,0.7838154505408426,-0.019377954567712307,0.16993506867894356,0.017263025494722854,indonesien+s angabe+n,3.6020329609252046
-7.544136379260466,0.8038282014186984,-0.007587158888558775,0.16957415545980897,0.01582304575478668,örtlicher,3.557439938372588
-7.544136379260466,0.8038282014186984,-0.007587158888558775,0.16957415545980897,0.01582304575478668,angabe+n örtlich+er,3.557439938372588
-7.444408104902966,0.7358672014787799,-0.03534650066196304,0.2941445015325954,0.039471447694892636,örtlich+er behörde+n,3.6763423405588487
-2.723416693056244,-1.5184131425916978,0.315474391424928,0.048155450214184645,0.02098107596861544,mindestens mensch,8.912499034910267
-3.3528390128701178,-1.2874982047249257,-0.776335200037815,0.05059259127602814,0.04200792289074121,getötet,8.229001429622432
-7.701229734403058,0.882262983625721,0.04020766028191445,0.16735643947886208,0.010168582783449075,mensch ge+töt+et,3.3826203996491864
-7.725167958581905,0.8942074620561575,0.047719316742993706,0.16690219534943804,0.009301750034741173,ge+töt+et werd+en,3.3559878353083588
-7.831745228265309,0.9530859897981727,0.08131537672707928,0.09185511907390287,-0.006382262435956326,der opfer,3.234956057830864
-7.847157587282943,0.9607728882213964,0.0863727344120747,0.0909721208617975,-0.007042725514509789,sei,3.2178140413039196
-7.847157587282943,0.9607728882213964,0.0863727344120747,0.0909721208617975,-0.007042725514509789,opfer sei,3.2178140413039196
-7.8804704744261125,0.9773800311627854,0.0974011586464915,0.08899002938334753,-0.008479454502005351,sei trümmer+n,3.1807674337814826
-7.912602347890642,0.9933877868851224,0.10816689519986565,0.08698085821652939,-0.009878079360697976,eingestürzten,3.1450408296254615
-7.912602347890642,0.9933877868851224,0.10816689519986565,0.08698085821652939,-0.009878079360697976,trümmer+n ein+ge+stürz+t+en,3.1450408296254615
-8.733636458305835,1.3880938916677898,0.43767426662998976,0.1434626442655956,-0.029386378255113386,Gebäudes,2.23919972356926
-8.733636458305835,1.3880938916677898,0.43767426662998976,0.1434626442655956,-0.029386378255113386,ein+ge+stürz+t+en gebäude+s,2.23919972356926
-8.735982802999105,1.3895047499742987,0.43878636542590393,0.13990732157324445,-0.030075991435246932,Manado,2.2364915138693457
-8.735982802999105,1.3895047499742987,0.43878636542590393,0.13990732157324445,-0.030075991435246932,gebäude+s manado,2.2364915138693457
-8.738530175284158,1.3910280170936828,0.43999475868410476,0.13603590404599158,-0.030825946904936175,manado indonesisch+en,2.2335549850924257
-8.742174916859993,1.393192012342713,0.4417255295721724,0.1304758581465582,-0.03190125146993277,Nord-Sulawesi,2.22936022519112
-8.742174916859993,1.393192012342713,0.4417255295721724,0.1304758581465582,-0.03190125146993277,provinz nord-sulawesi,2.22936022519112
-8.74429655074394,1.3944432303287226,0.4427340045189115,0.1272279451432883,-0.03252843160219853,begrab…,2.2269221291554278
-8.74429655074394,1.3944432303287226,0.4427340045189115,0.1272279451432883,-0.03252843160219853,nord-sulawesi begrab…,2.2269221291554278
-8.745447686457995,1.3951194794750859,0.44328147267015794,0.12546221230095442,-0.032869101942290604,begrab… kopier+e,2.2256004405930363
-8.75225106319958,1.399078104082982,0.4465213478755043,0.11497579247838767,-0.03488798861559504,hin+zu+füg+en bei,2.217805768235797
-8.755036566238761,1.400679862318038,0.44784992827300285,0.11065719759988768,-0.03571728493254505,Opf…,2.2146227324267227
-8.755036566238761,1.400679862318038,0.44784992827300285,0.11065719759988768,-0.03571728493254505,der opf…,2.2146227324267227
-8.755036566238761,1.400679862318038,0.44784992827300285,0.11065719759988768,-0.03571728493254505,+1955,2.2146227324267227
-8.755036566238761,1.400679862318038,0.44784992827300285,0.11065719759988768,-0.03571728493254505,opf… +1955,2.2146227324267227
-8.755036566238761,1.400679862318038,0.44784992827300285,0.11065719759988768,-0.03571728493254505,+1955 char+s,2.2146227324267227
-6.982930104582561,0.5319124615330808,-0.16239279031312526,-0.023653805343905272,-0.011057448646297097,"7,4 schwer+es",4.178689966103032
-6.287610553691728,0.18320006983549542,-0.3207888914867812,-0.021605134441405785,4.272474619832975e-05,tsunamiwarnung auf+ge+heb+en,4.953974536580164
-6.769284978765696,0.4248405053664419,-0.21422518717211164,-0.023003312840896475,-0.007375109006643822,auf+ge+heb+en unter,4.416824485431718
-4.5196484912828065,-0.6505173936748516,0.5983632324279274,-0.017512500644550233,-0.002816411170735878,bebte,6.9221317263674305
-6.040677940376323,0.059274868544135106,-0.3706537829644123,-0.020926088975051375,0.0034434570488257148,meer beb+te,5.229440571041968
-6.114844549497364,0.09649634324305145,-0.35598368951586107,-0.02112736592795552,0.0024476309657688565,beb+te osten,5.146699052603346
-3.3692059336016618,-1.2786637679884225,-0.7751009366966901,-0.014994663999388409,0.029311758374951973,zunächst möglich+en,8.21046691287979
-3.185266583421206,-1.3705105535855369,-0.7965630855658565,-0.014663848203595328,0.030593257542849715,tsunami geb+en,8.415697948732534
-2.941523719937777,-1.412538972497428,0.5145444503979101,-0.01534494220218849,0.005357664471958845,kurz,8.673109540113805
-4.067211895550881,-0.9297867057696672,-0.6876754936322343,-0.01632829663122012,0.023990781932430573,geb+en kurz,7.4316070095027635
-4.54162398948556,-0.6923580313586428,-0.6220860448887258,-0.01731278148681409,0.019896654440216353,darauf,6.902200973446109
-4.54162398948556,-0.6923580313586428,-0.6220860448887258,-0.01731278148681409,0.019896654440216353,kurz darauf,6.902200973446109
-7.086048110862334,0.5835504439681944,-0.13622948959182749,-0.02397395020626149,-0.012934805594215955,darauf entwarnung,4.063787539331356
-7.33729796047837,0.7092054657629812,-0.0690233930476251,-0.024768798056650308,-0.017815128546494752,ein person,3.7839485242774136
-7.412612855220665,0.7468140986383198,-0.04784257438280344,-0.025010517321366266,-0.01937068927410776,starb,3.700104835968763
-7.412612855220665,0.7468140986383198,-0.04784257438280344,-0.025010517321366266,-0.01937068927410776,person sterb,3.700104835968763
-7.6886138857939414,0.8843142738485195,0.03436961137077145,-0.025904595574446534,-0.025489376372064693,hin+zu+füg+en unter,3.3930597333748627
-7.086048110862334,0.5835504439681944,-0.13622948959182749,-0.02397395020626149,-0.012934805594215955,Entw…,4.063787539331356
-7.086048110862334,0.5835504439681944,-0.13622948959182749,-0.02397395020626149,-0.012934805594215955,darauf entw…,4.063787539331356
-7.204425738329441,0.6427860781557795,-0.10520112632913331,-0.024346014110474615,-0.015177586357886533,+2120,3.9319159794174863
-7.204425738329441,0.6427860781557795,-0.10520112632913331,-0.024346014110474615,-0.015177586357886533,entw… +2120,3.9319159794174863
-7.288284957417943,0.6847147154019153,-0.08254099781970745,-0.024612261133100662,-0.016826769492119288,+2120 char+s,3.8385229241385037
-7.62169115058754,0.8218469721274373,0.016948798446560012,0.30697189624319887,0.033158653380652346,tot+er schwer+es,3.4801341119996225
-7.219386255282597,0.6502684048437422,-0.10120087892367977,-0.02439335813533008,-0.015468026814173419,mensch werd+e,3.9152529947167336
-7.1225706232684125,0.6018315831940129,-0.12677259209983788,-0.024088242413520495,-0.013616482964457603,beim,4.023097650501866
-7.1225706232684125,0.6018315831940129,-0.12677259209983788,-0.024088242413520495,-0.013616482964457603,werd+e bei,4.023097650501866
-6.224149120484206,0.14691949178475516,-0.33233533900422274,0.12296535137490264,0.026229812960570163,Einsturz,5.026668543820378
-7.026406639948027,0.553687895918588,-0.15145695030085116,-0.02378831548535329,-0.011840626923706035,bei einsturz,4.130241745811801
-6.588558507820697,0.33420267310027496,-0.2557740646076942,-0.022467358617718605,-0.004458539684185116,Hauses,4.618329986025826
-6.588558507820697,0.33420267310027496,-0.2557740646076942,-0.022467358617718605,-0.004458539684185116,einsturz haus+es,4.618329986025826
-6.223914832039437,0.15123452519600722,-0.33393547045087657,-0.02142753310139086,0.0009436609889512081,haus+es ge+töt+et,5.025025739791974
-6.255229775060142,0.1657594303086043,-0.32595258207896655,-0.05371042968550832,0.055901091476899575,tsunami-warnung werd+e,4.990561406142881
-4.824825121214944,-0.550796140262447,-0.5795047709999217,-0.031936862684162834,0.041337032290126766,werd+e auf+ge+heb+en,6.586265349452955
-8.038613662498994,1.0576114943328838,0.1507236468356747,-0.028190132016801966,-0.03239577679995072,Gebäudes…,3.004341986913008
-8.038613662498994,1.0576114943328838,0.1507236468356747,-0.028190132016801966,-0.03239577679995072,ein+ge+stürz+t+en gebäudes…,3.004341986913008
-6.939539466697303,0.5101801983855689,-0.17301375715408446,-0.026948504950968368,-0.00441561139157837,+1937,4.2270389014185
-8.056429301812216,1.0663858556023638,0.1570547897540659,-0.028175962646684802,-0.03300782370910531,gebäudes… +1937,2.98458252772381
-8.065649809709644,1.0709249344817076,0.16034871085287067,-0.028169645760809044,-0.03332438339601056,+1937 char+s,2.9743571735976726
-7.9640425927277345,1.0208121244885333,0.12461939381948994,-0.02679542040146724,-0.03235837876367043,"7,4 indonesien",3.087090382758389
-7.938740104526447,1.0083119694610923,0.1159457165975475,-0.026714334980914002,-0.031691123628685786,indonesien der,3.115175464991321
-6.694417492110923,0.38729858379475157,-0.23168043819536838,-0.02277966005322704,-0.006146014768265144,der osten,4.5002937004056855
-6.9660011811630005,0.523432117040677,-0.16661427929874292,-0.02360161916404579,-0.010755708982533842,indonesien+s erdbeben,4.197555946389985
-6.562305880655953,0.3202590215898278,-0.2608915024592427,0.05633621523443714,0.009159012772876805,laut us+-+erdbeben+warte,4.647926300251293
-6.302784675120418,0.1908149968261772,-0.31762673894060883,-0.021647695817260556,-0.0001744425925975998,us+-+erdbeben+warte stärke,4.9370486691354705
-5.953515699961362,0.015532267687045742,-0.3875734547421209,-0.020692452080873874,0.004587156322166511,"7,4 ereign+ete",5.326684758097463
-5.212457712718629,-0.35622338210675064,-0.5190063629996268,-0.01882800992154905,0.013293699649291271,ereign+ete küste,6.153586344572506
-4.619660529603078,-0.6532797535091359,-0.6107549679141593,-0.01748133843364734,0.019180780220036785,küste insel,6.815116511872083
-3.6859285090303455,-1.120426736395808,-0.7366604203529551,-0.015583892092092143,0.026991804165215308,ein tsunamiwarnung,7.857067079181015
-7.219386255282597,0.6502684048437422,-0.10120087892367977,-0.02439335813533008,-0.015468026814173419,02.04.2026,3.9152529947167336
-7.219386255282597,0.6502684048437422,-0.10120087892367977,-0.02439335813533008,-0.015468026814173419,stand 02.04.2026,3.9152529947167336
-7.3600674066047045,0.7205787052728205,-0.06267295848401654,-0.024841731843007774,-0.018280631416932716,05:30,3.758598382731782
-7.3600674066047045,0.7205787052728205,-0.06267295848401654,-0.024841731843007774,-0.018280631416932716,02.04.2026 05:30,3.758598382731782
-7.422444038322489,0.7517209445949913,-0.04504019752796459,-0.025042165741773932,-0.019577134466760605,05:30 uhr,3.6891619642675213
-7.468632259326361,0.774766068843515,-0.03175514174270888,-0.02519111763136839,-0.02055783864076638,uhr der,3.63775615571946
-8.067366839539158,1.0717561572761205,0.16091475649298645,-0.0271234863157878,-0.035167258685646574,+1475,2.972460832727447
-8.07620261537625,1.0761045112228604,0.1640860106335696,-0.027151264415635385,-0.035413974202706686,+1475 chars,2.962662867066462
-6.287610553691728,0.18320006983549542,-0.3207888914867812,-0.021605134441405785,4.272474619832975e-05,tsunamiwarnung durch,4.953974536580164
-4.619660529603078,-0.6532797535091359,-0.6107549679141593,-0.01748133843364734,0.019180780220036785,durch aufgrund,6.815116511872083
-5.3445537866515265,-0.28998421428921395,-0.4970624447491626,-0.019144952501311062,0.011862167494384578,aufgrund erdbeben+s,6.006177644656121
-5.806893183836208,-0.058045996809949596,-0.4152860313683788,-0.020306441437235305,0.00644920484624914,erdbeben+s stärke,5.490276371447571
-6.059967330931887,0.06895545989273,-0.36686288456590216,-0.020978217763955916,0.0031864981966199385,herabfallende,5.207920643534224
-6.059967330931887,0.06895545989273,-0.36686288456590216,-0.020978217763955916,0.0031864981966199385,"7,4 herab+fall+end+e",5.207920643534224
-6.302784675120418,0.1908149968261772,-0.31762673894060883,-0.021647695817260556,-0.0001744425925975998,Trümmer,4.9370486691354705
-6.302784675120418,0.1908149968261772,-0.31762673894060883,-0.021647695817260556,-0.0001744425925975998,herab+fall+end+e trümmer,4.9370486691354705
-6.414744795500872,0.2469976821706239,-0.29392477007156537,-0.021964727488257372,-0.0018079609236783326,trümmer komm,4.812170515211286
-6.4651943497835305,0.27231148410066286,-0.2830254800514547,-0.022109309142040297,-0.0025625281329991235,komm mindestens,4.755904409664317
-6.693782028806324,0.38697989719679526,-0.2318270974077049,-0.022777771524533103,-0.006135711271955113,mensch um,4.5010022128133835
-6.959931993794573,0.5203916449279549,-0.16812277197800896,-0.023582936071614456,-0.010647965334237827,Zentimeter,4.204319744289842
-6.959931993794573,0.5203916449279549,-0.16812277197800896,-0.023582936071614456,-0.010647965334237827,welle+n zentimeter,4.204319744289842
-7.021145414141017,0.5510530728435512,-0.15278761870046165,-0.023772001143306347,-0.011745213075836966,zentimeter werd+en,4.136104372851399
-7.076532029159832,0.578786486438285,-0.1386768945688824,-0.02394424676136338,-0.01275865850011744,werd+en insel+n,4.074390023313585
-7.1225706232684125,0.6018315831940129,-0.12677259209983788,-0.024088242413520495,-0.013616482964457603,insel+n norden,4.023097650501866
-7.169125849093347,0.6251276591010655,-0.11456861017382505,-0.024234583168975293,-0.014498614804149039,norden molukkense+e,3.971235565487784
-4.211743352867834,-0.8527256726267818,1.1143905429977254,-0.014153178910924893,-0.0039046232664584762,registriert,7.295125702563607
-7.21568611768267,0.6484179112899529,-0.10219193524526932,-0.024381642248165445,-0.015396042883326716,molukkense+e registrier+t,3.919374134549769
-8.240703036179534,1.1567875573769208,0.22520204569864058,-0.027657114462431697,-0.04021005224237998,+2091,2.780399721006485
-8.2447987929626,1.1587891332676525,0.2267762183805815,-0.02766937451217161,-0.04033463911040907,+2091 chars,2.775865691055758
-7.683747572617747,0.8254294263413449,1.081460171469028,-0.021929619658514723,-0.036618492197253986,südostasien schwer+es,3.4389002660818617
-7.578180604089999,0.775780524805262,1.0754352781832393,-0.021679736195743666,-0.034817421829140105,indonesien bei,3.555440813729559
-7.100973456422679,0.5561039958326892,1.0177665202390334,-0.020848701430484996,-0.02770201311433671,sulawesi mindestens,4.0797240523617555
-2.6002266311591526,-1.5776379105411333,0.3103835697684999,-0.01565061139797736,0.01024870257226292,gestorben,9.049115061005464
-3.28378300024882,-1.2454425447752748,0.3871209374362343,-0.016053438335207837,0.00578477863803864,mensch ge+sterb+en,8.290368189533488
-0.34894690790144267,-2.675180896813535,0.144528786028284,-0.012764153562086544,0.01835698996284757,kleinere,11.550865893839278
-5.459200469983065,-0.20400103512203183,0.7399498630618506,-0.01872678113550014,-0.01018250349054639,beben klein+er+e,5.884180388742564
-3.313088282934281,-1.2314625147698282,0.4463106041772454,-0.01599777267388238,0.004823119877426719,klein+er+e tsunamiwelle+n,8.258796158040424
17.881291138441124,-11.529277882562347,0.2183438996980201,-0.013521687615666671,0.03210797661192029,ausgelöst,31.81622512336835
-5.864568723218925,-0.018118221531093326,0.8510199403954409,-0.019008612699966246,-0.014109819780508369,tsunamiwelle+n aus+ge+lös+t,5.440063488698074
-7.182816158520701,0.5313656481199229,1.310857666381143,-0.018043531250293635,-0.02757561339150507,sulawesi stark+es,4.021289151861363
-6.943633335210414,0.3672237850802125,1.3958346028480508,0.2993963646416107,0.030612173606073555,der us+-+erdbeben+warte,4.3092377976681755
-6.952169396376897,0.31294440232253073,1.5607424592458201,0.2938525286671748,0.031763575181670556,usg+s geb,4.3277122500100695
-6.915314130775471,0.2528947738542273,1.6577043801760567,0.2934555439155208,0.03409719626931391,geb stärke,4.388517845027604
-6.589632502859761,-0.35026935620326727,2.27659688557338,0.008690253725934727,0.017754070613498766,der see+beben,4.953971225693266
0.6481889683032023,-3.173522867252372,0.9314780936373879,-0.010092841092024287,0.01028947253718207,löste,12.677239339759945
-7.121171548642586,0.18974021212983194,1.9602735567411098,-0.004345954307434962,-0.00905664080611742,see+beben lös+te,4.235494192356364
-7.361227815681376,0.428103479985142,1.7685776994596556,-0.010176331405819758,-0.020454754972561988,lös+te küste,3.9126836393181605
-7.420714928199284,0.4844094580090905,1.7174337617641826,-0.011525247705586175,-0.02303915900611469,küste indonesien+s,3.833838978475472
-7.509539085775845,0.5653616346204651,1.640180231724943,-0.013422100038316209,-0.02665606353099076,kleine…,3.717458763995658
-7.509539085775845,0.5653616346204651,1.640180231724943,-0.013422100038316209,-0.02665606353099076,indonesien+s kleine…,3.717458763995658
-7.560615523600259,0.6099851719983265,1.5959573635238344,-0.014438636949764449,-0.028595473657531997,+798,3.6513797712734455
-7.560615523600259,0.6099851719983265,1.5959573635238344,-0.014438636949764449,-0.028595473657531997,kleine… +798,3.6513797712734455
-7.585242556820059,0.6309660929758427,1.574833727174129,-0.014907842863349991,-0.02949358812615844,+798 chars,3.619755287763945
-7.368333733390707,0.7247070151879147,-0.0603561958143522,-0.02486824184719824,-0.018450644487381505,Zoll,3.749395619804512
-7.368333733390707,0.7247070151879147,-0.0603561958143522,-0.02486824184719824,-0.018450644487381505,frankreich zoll,3.749395619804512
-7.354475669611485,0.7177859111439995,-0.06423671131936523,-0.02482380870047863,-0.018165934143883893,zoll find+et,3.7648237132353572
-7.334374518430206,0.7077450226151465,-0.06983546745431836,-0.02475944337163337,-0.017755655996949317,find+et kokain,3.7872034461436836
-7.304132545735943,0.692634713782861,-0.07819278469795575,-0.024662804068369716,-0.017144322508932268,Millionenwert,3.8208762338870574
-7.304132545735943,0.692634713782861,-0.07819278469795575,-0.024662804068369716,-0.017144322508932268,kokain million+en+wert,3.8208762338870574
-7.248072034649396,0.6646126020009306,-0.09347965024639152,-0.024484328071216862,-0.016029471806265468,Blumenerde-Laster,3.88330479147377
-7.248072034649396,0.6646126020009306,-0.09347965024639152,-0.024484328071216862,-0.016029471806265468,million+en+wert blume+n+erde+-+laster,3.88330479147377
-7.181155128263473,0.6311457408205305,-0.11138757813318376,-0.024272511279203855,-0.01472899934943113,blume+n+erde+-+laster ein,3.95783606563513
-5.95018651623283,0.013861539312407078,-0.3882129884698166,-0.02068359020950601,0.004630284513606805,Lkw,5.330399113555243
-5.95018651623283,0.013861539312407078,-0.3882129884698166,-0.02068359020950601,0.004630284513606805,ein lkw,5.330399113555243
-5.96607673545792,0.021835962689754407,-0.3851560851146871,-0.02072592891737109,0.004424069424688589,voll,5.312670523654152
-5.96607673545792,0.021835962689754407,-0.3851560851146871,-0.02072592891737109,0.004424069424688589,lkw voll,5.312670523654152
-4.91615810140667,-0.5047451380590502,-0.5661724419682618,-0.018139878960755695,0.016340105034654107,Blumenerde,6.484239806452143
-6.095161699429681,0.0866182195829488,-0.35990191425115897,-0.02107372684125346,0.0027139859040250618,voll blume+n+erde,5.168657202258461
-6.003115368951063,0.040423822251141495,-0.3779871683295092,-0.020825019288772655,0.00393979925021418,entpuppt,5.271347391170087
-6.003115368951063,0.040423822251141495,-0.3779871683295092,-0.020825019288772655,0.00393979925021418,blume+n+erde entpupp+t,5.271347391170087
-6.003941153646473,0.04083824581922402,-0.37782663572681097,-0.02082723496763519,0.003928944407095479,Versteck,5.270426091996234
-6.003941153646473,0.04083824581922402,-0.37782663572681097,-0.02082723496763519,0.003928944407095479,entpupp+t versteck,5.270426091996234
-5.98156734349,0.02960989902953859,-0.3821652896120861,-0.020767302667418257,0.004222150155449526,998,5.295387917350128
-5.98156734349,0.02960989902953859,-0.3821652896120861,-0.020767302667418257,0.004222150155449526,versteck 998,5.295387917350128
-5.970939216668743,0.024276185260087235,-0.38421842647869153,-0.020738905465451516,0.004360782171272299,Kokainpakete,5.3072455214698815
-5.970939216668743,0.024276185260087235,-0.38421842647869153,-0.020738905465451516,0.004360782171272299,998 kokain+paket+e,5.3072455214698815
-4.070452627154344,-0.9281656603804782,-0.687245577881427,-0.01633479644540273,0.0239642262011562,Zöllner,7.427990701407646
-5.919396301498526,-0.0015901840766230357,-0.39410473652249656,-0.020601845526050048,0.005027257358103408,kokain+paket+e zöllner,5.364751911510215
-5.879226702121482,-0.021748426446126068,-0.4017293971304775,-0.02049578125162799,0.005540055895859236,greifen,5.409570100241399
-5.879226702121482,-0.021748426446126068,-0.4017293971304775,-0.02049578125162799,0.005540055895859236,zöllner greif+en,5.409570100241399
-5.802249223402619,-0.060376304083378685,-0.4161489114574179,-0.020294357554541828,0.0065069591482693236,Bagger,5.495457963313651
-5.802249223402619,-0.060376304083378685,-0.4161489114574179,-0.020294357554541828,0.0065069591482693236,greif+en bagger,5.495457963313651
-5.710738915951486,-0.10629352021676075,-0.43297210869825853,-0.02005800299531715,0.007630261401709259,legen,5.597564295681513
-5.710738915951486,-0.10629352021676075,-0.43297210869825853,-0.02005800299531715,0.007630261401709259,bagger leg+en,5.597564295681513
-5.650555279890338,-0.13648958159020808,-0.4438532787762598,-0.01990437260477214,0.00835405956141435,Drogen,5.664718405773298
-5.650555279890338,-0.13648958159020808,-0.4438532787762598,-0.01990437260477214,0.00835405956141435,leg+en droge+n,5.664718405773298
-5.53015879565503,-0.19688988019456266,-0.4652005816725465,-0.019601293404186433,0.009767753518412105,Wert,5.79906282921336
-5.53015879565503,-0.19688988019456266,-0.4652005816725465,-0.019601293404186433,0.009767753518412105,droge+n wert,5.79906282921336
-4.61050924370966,-0.6578627681814315,-0.6120921508761898,-0.017461471288349753,0.019265390536203783,"75,5",6.825328858224393
-5.394454659825072,-0.2649578664790684,-0.4886170775947478,-0.01926636319239921,0.011308843940212266,"wert 75,5",5.950493009911542
-5.752468135520936,-0.08535550660346525,-0.4253428323122713,-0.020165367347211985,0.007121485575344855,"75,5 million+en",5.5510027995450475
-4.99440367441528,-0.4655321758688884,-0.553981938363988,-0.018318605137203927,0.01555675313497678,million+en euro,6.396921668114804
-5.601648355717301,-0.16102621898517633,-0.4525915173266787,-0.019780576737075364,0.008933746210250115,euro frei,5.719290658151755
-5.385299093336972,-0.2695497237324078,-0.49017312916188127,-0.019244017521933287,0.011410892533093091,Fahnder,5.960709716211311
-5.008629569949264,-0.4584021963247382,-0.5517456343628668,-0.018351327050052883,0.015412744629343712,fahnder sprech+en,6.381046308831634
-2.7480373931215123,-1.5886860875152728,-0.8452402768491293,-0.01390889299053624,0.033462077794235844,sprech+en weiß+en,8.903509733575088
-8.017950039210163,1.047412350846198,0.14337697058782944,-0.02696726750131337,-0.03380663080976771,+984,3.027272630292286
-8.017950039210163,1.047412350846198,0.14337697058782944,-0.02696726750131337,-0.03380663080976771,million+en +984,3.027272630292286
-8.02686127082501,1.051805185262292,0.1465149332995483,-0.026995539208354485,-0.034049615099894584,+984 chars,3.0173868577077596
-5.907161573858059,-0.007729970283304688,-0.3964344024483993,-0.020569471191187648,0.005184051495820723,Französische,5.378402402003857
-6.66662371334122,0.37335939617868963,-0.23807181813572625,-0.022697215148062028,-0.005697351361388617,französisch+e zöllner,4.531283074563293
-7.189026307559526,0.6350832754908113,-0.1092998894960702,-0.024297354088197616,-0.014880300883474057,Kontrolle,3.9490685325272112
-7.189026307559526,0.6350832754908113,-0.1092998894960702,-0.024297354088197616,-0.014880300883474057,zöllner kontrolle,3.9490685325272112
-7.432068043166991,0.7565238258887022,-0.042288319874836236,-0.025073166966101342,-0.019780003923994448,kontrolle blume+n+erde,3.6784500737357497
-7.5261070672626555,0.8034231299212506,-0.014943161738299317,-0.025377001769517956,-0.021803707342994368,beladenen,3.5738015539758075
-7.5261070672626555,0.8034231299212506,-0.014943161738299317,-0.025377001769517956,-0.021803707342994368,blume+n+erde belad+en+en,3.5738015539758075
-7.596640261383277,0.8385587593642949,0.006128991776625245,-0.02560574255611727,-0.023372913275305697,Lastzugs,3.495337233218
-7.596640261383277,0.8385587593642949,0.006128991776625245,-0.02560574255611727,-0.023372913275305697,belad+en+en last+zug+s,3.495337233218
-7.651037390438062,0.8656293784886466,0.02272460641732023,-0.02578245633366231,-0.024614779811840556,last+zug+s mehr,3.4348404437423445
-7.6986941451906645,0.8893244789126722,0.03751921373407044,-0.02593736200494387,-0.025726380766656426,"1,1",3.381853007286597
-7.6986941451906645,0.8893244789126722,0.03751921373407044,-0.02593736200494387,-0.025726380766656426,"mehr 1,1",3.381853007286597
-7.718063716360222,0.8989490547378374,0.04360226100689196,-0.026000318705742702,-0.026184672722773035,"1,1 tonne+n",3.3603205487166017
-7.749651678528721,0.9146369435800505,0.05361107883509601,-0.02610295576535506,-0.026940307497730694,tonne+n kokain,3.3252101512092787
-7.79036889669397,0.9348436046762627,0.0666777861268894,-0.026235142244127256,-0.027929771594846622,Schwarzmarktwert,3.279961645398794
-7.79036889669397,0.9348436046762627,0.0666777861268894,-0.026235142244127256,-0.027929771594846622,kokain schwarzmarkt+wert,3.279961645398794
-7.862585998221335,0.9706371068602315,0.09032573637308217,-0.026469020616616247,-0.029729100402219752,"schwarzmarkt+wert 75,5",3.199734873123545
-7.918860036942133,0.9984843497843698,0.10918802163079964,-0.026650464214187167,-0.031172321186857692,entdeckt,3.1372454324143413
-7.918860036942133,0.9984843497843698,0.10918802163079964,-0.026650464214187167,-0.031172321186857692,euro entdeck+t,3.1372454324143413
-7.961831961703038,1.0197203756014979,0.12385830899423397,-0.02678834602324745,-0.03229976816984604,Portugal,3.08954391353553
-7.961831961703038,1.0197203756014979,0.12385830899423397,-0.02678834602324745,-0.03229976816984604,der portugal,3.08954391353553
-7.995278653099895,1.0362307284961485,0.13544152218541183,-0.026895159054665132,-0.03319306331857039,Niederlan…,3.0524265858040662
-7.995278653099895,1.0362307284961485,0.13544152218541183,-0.026895159054665132,-0.03319306331857039,portugal niederlan…,3.0524265858040662
-8.017950039210163,1.047412350846198,0.14337697058782944,-0.02696726750131337,-0.03380663080976771,+821,3.027272630292286
-8.017950039210163,1.047412350846198,0.14337697058782944,-0.02696726750131337,-0.03380663080976771,niederlan… +821,3.027272630292286
-8.02686127082501,1.051805185262292,0.1465149332995483,-0.026995539208354485,-0.034049615099894584,+821 chars,3.0173868577077596
-6.079806513480736,0.07891200642093255,-0.36294604043748185,-0.021031993283599795,0.0029207295916223557,Interview,5.185787607001388
-3.6859285090303455,-1.120426736395808,-0.7366604203529551,-0.015583892092092143,0.026991804165215308,interview tsunami,7.857067079181015
-5.997625771603064,0.03766884754774358,-0.37905356686748115,-0.02081029718913433,0.004011894816796743,Material,5.277471953985181
-5.997625771603064,0.03766884754774358,-0.37905356686748115,-0.02081029718913433,0.004011894816796743,tsunami material,5.277471953985181
-6.702600792635051,0.39140247924379823,-0.22978957738485917,-0.02280399475125825,-0.00627889144583179,Kindesmissbrauch,4.491169753044911
-6.702600792635051,0.39140247924379823,-0.22978957738485917,-0.02280399475125825,-0.00627889144583179,material kind+es+missbrauch,4.491169753044911
-7.233928567786253,0.6575406682422615,-0.09729501542473988,-0.024439444530827983,-0.015751901099863,Live-Streaming,3.8990564667658174
-7.233928567786253,0.6575406682422615,-0.09729501542473988,-0.024439444530827983,-0.015751901099863,kind+es+missbrauch live-streaming,3.8990564667658174
-6.636288323264345,0.3581443533857862,-0.24499402826640337,-0.02260759482657414,-0.005212257725122356,Live,4.565107620043121
-7.233928567786253,0.6575406682422615,-0.09729501542473988,-0.024439444530827983,-0.015751901099863,live-streaming live,3.8990564667658174
-6.894527717843809,0.48762033809699346,-0.18421561696525757,-0.023382487813403303,-0.00950112344257599,per,4.2772144986919765
-6.894527717843809,0.48762033809699346,-0.18421561696525757,-0.023382487813403303,-0.00950112344257599,live per,4.2772144986919765
-6.928725844616851,0.5047568634977642,-0.17583815262613056,-0.023487092648181815,-0.010097546294395611,Videochat,4.2390986698611695
-6.928725844616851,0.5047568634977642,-0.17583815262613056,-0.023487092648181815,-0.010097546294395611,per video+chat,4.2390986698611695
-7.0050848784264925,0.5430094562842145,-0.15683718260576476,-0.023722262136443042,-0.011455043959659607,gesteuert,4.154001167331382
-7.0050848784264925,0.5430094562842145,-0.15683718260576476,-0.023722262136443042,-0.011455043959659607,video+chat ge+steuer+t,4.154001167331382
-7.094936201930446,0.5879997456052923,-0.13393741843980475,-0.02400172196153213,-0.013099872759835533,ge+steuer+t werd+en,4.053884953078101
-7.134108100133984,0.6076056372930283,-0.12376388994083504,-0.024124441871733217,-0.013833703487667943,allein,4.010244445167986
-7.134108100133984,0.6076056372930283,-0.12376388994083504,-0.024124441871733217,-0.013833703487667943,werd+en allein,4.010244445167986
-7.203574946301795,0.6423605367100325,-0.10542807336580703,-0.024343323784091347,-0.01516111762475221,allein philippinen,3.9328636098346275
-7.275483775475126,0.6783163173149,-0.08603783712691013,-0.024571485258747965,-0.016571648960825858,halbe,3.8527779829411837
-7.275483775475126,0.6783163173149,-0.08603783712691013,-0.024571485258747965,-0.016571648960825858,philippinen halb+e,3.8527779829411837
-7.298259766015046,0.689699871887173,-0.079806628392034,-0.024644065862411288,-0.017026421168787206,Million,3.827415622724434
-7.298259766015046,0.689699871887173,-0.079806628392034,-0.024644065862411288,-0.017026421168787206,halb+e million,3.827415622724434
-7.32684859345426,0.7039851479258776,-0.07192261036832256,-0.02473537143743573,-0.017602860061155308,million kind+er,3.7955828523097446
-7.35036532226459,0.7157328910254652,-0.06538443558369945,-0.02481063878537241,-0.018081780720070273,sexuell,3.7693998727644384
-7.35036532226459,0.7157328910254652,-0.06538443558369945,-0.02481063878537241,-0.018081780720070273,kind+er sexuell,3.7693998727644384
-7.375710279404698,0.7283906425058941,-0.05828370022083865,-0.024891912250364096,-0.01860281779590637,missbraucht,3.7411836505726557
-7.375710279404698,0.7283906425058941,-0.05828370022083865,-0.024891912250364096,-0.01860281779590637,sexuell missbrauch+t,3.7411836505726557
-5.216390094044326,-0.35425171557642887,-0.5183615701219066,-0.018837352736428597,0.013251763846071928,erklärt,6.149198084027511
-7.413829762380305,0.747421500708433,-0.04749617257994097,-0.02501443364906237,-0.019396199929948447,missbrauch+t erklär+t,3.698750302754417
-7.43562454721237,0.7582985652598795,-0.04126922482772025,-0.025084628154759554,-0.01985516833771102,Menschenrechtler,3.6744916418348255
-7.43562454721237,0.7582985652598795,-0.04126922482772025,-0.025084628154759554,-0.01985516833771102,erklär+t menschenrechtler,3.6744916418348255
-7.478331460807693,0.7796036661116703,-0.028940091161001654,-0.02522244795364023,-0.020766075756942982,Haugen,3.6269624348086342
-7.478331460807693,0.7796036661116703,-0.028940091161001654,-0.02522244795364023,-0.020766075756942982,menschenrechtler hau+gen,3.6269624348086342
-8.059759625433685,1.0680113359035563,0.15819315460886793,-0.02709953110737872,-0.034955691795985705,ließe,2.980897055143764
-8.059759625433685,1.0680113359035563,0.15819315460886793,-0.02709953110737872,-0.034955691795985705,doch lass+e,2.980897055143764
-8.07620261537625,1.0761045112228604,0.1640860106335696,-0.027151264415635385,-0.035413974202706686,technisch,2.962662867066462
-8.07620261537625,1.0761045112228604,0.1640860106335696,-0.027151264415635385,-0.035413974202706686,lass+e technisch,2.962662867066462
-8.090265834719636,1.083022621547242,0.16915603433599405,-0.027195370969254385,-0.03580884469902343,einfach,2.947069785993983
-8.090265834719636,1.083022621547242,0.16915603433599405,-0.027195370969254385,-0.03580884469902343,technisch einfach,2.947069785993983
-8.100963416387147,1.0882827068592287,0.17303141677526285,-0.02722883118000895,-0.036111034705241025,verhindern,2.9352097939947424
-8.100963416387147,1.0882827068592287,0.17303141677526285,-0.02722883118000895,-0.036111034705241025,einfach verhinder+n,2.9352097939947424
-8.124609302124277,1.0999021158871012,0.18165563387488748,-0.027302496439337215,-0.0367846538238187,14.04.2026,2.9089986704592485
-8.124609302124277,1.0999021158871012,0.18165563387488748,-0.027302496439337215,-0.0367846538238187,stand 14.04.2026,2.9089986704592485
-8.137285186205608,1.10612660896401,0.18631214233445037,-0.02734180930085843,-0.037149014187343156,10:44,2.894950042079315
-8.137285186205608,1.10612660896401,0.18631214233445037,-0.02734180930085843,-0.037149014187343156,14.04.2026 10:44,2.894950042079315
-8.143916387995796,1.1093816248892372,0.18875748671688264,-0.02736232349021765,-0.03734053961411838,10:44 uhr,2.8876013926403417
-8.149298721044964,1.112022983830735,0.19074705026127517,-0.027378947301655073,-0.037496460418276055,uhr live,2.8816370796994804
-8.281559672159545,1.1767362647260589,0.2410251396118182,-0.027778512564406076,-0.041464806273104164,+9069,2.7351807386826823
-8.281559672159545,1.1767362647260589,0.2410251396118182,-0.027778512564406076,-0.041464806273104164,doch +9069,2.7351807386826823
-8.284867374882712,1.1783495239925774,0.24231796478606302,-0.027788249575767462,-0.041567566703460394,+9069 chars,2.731520817046654
-7.2618347756755925,0.6714933167964876,-0.08975112515880908,-0.024528060218853363,-0.01630098649468622,globale,3.8679777477839408
-7.2618347756755925,0.6714933167964876,-0.08975112515880908,-0.024528060218853363,-0.01630098649468622,der global+e,3.8679777477839408
-7.139964472032472,0.6105363381586699,-0.12223274111592253,-0.02414283365253841,-0.013944312600162642,Systembruch,4.003720355860528
-7.139964472032472,0.6105363381586699,-0.12223274111592253,-0.02414283365253841,-0.013944312600162642,global+e system+bruch,4.003720355860528
-6.54606281974208,0.31288438061751744,-0.2652595192385234,-0.022343300050484013,-0.0037970712719703065,system+bruch iran+-+krieg,4.665718540214932
-3.6859285090303455,-1.120426736395808,-0.7366604203529551,-0.015583892092092143,0.026991804165215308,iran+-+krieg tsunami,7.857067079181015
-6.287610553691728,0.18320006983549542,-0.3207888914867812,-0.021605134441405785,4.272474619832975e-05,der krieg,4.953974536580164
-6.588558507820697,0.33420267310027496,-0.2557740646076942,-0.022467358617718605,-0.004458539684185116,Nahen,4.618329986025826
-6.588558507820697,0.33420267310027496,-0.2557740646076942,-0.022467358617718605,-0.004458539684185116,krieg nah+en,4.618329986025826
-6.800271826109178,0.4403759684540316,-0.20689639513284885,-0.02309654501507857,-0.007892804476811247,nah+en osten,4.3822802668057355
-7.1225706232684125,0.6018315831940129,-0.12677259209983788,-0.024088242413520495,-0.013616482964457603,Schließung,4.023097650501866
-7.1225706232684125,0.6018315831940129,-0.12677259209983788,-0.024088242413520495,-0.013616482964457603,osten schließung,4.023097650501866
-6.63075554736891,0.3553692040446834,-0.24625057484393975,-0.02259129033624533,-0.0051242944945853325,Straße,4.571276918418236
-7.33729796047837,0.7092054657629812,-0.0690233930476251,-0.024768798056650308,-0.017815128546494752,schließung straße,3.7839485242774136
-6.75535177554758,0.4178544542433409,-0.217500476423117,-0.022961517307815576,-0.0071440621160431955,Hormus,4.432357803471149
-6.75535177554758,0.4178544542433409,-0.217500476423117,-0.022961517307815576,-0.0071440621160431955,straße hormu+s,4.432357803471149
-7.590108728493905,0.8353067225339326,0.004156758093268979,-0.025584538372601,-0.023225682653939553,irreversible,3.5026021863658774
-7.590108728493905,0.8353067225339326,0.004156758093268979,-0.025584538372601,-0.023225682653939553,hormu+s irreversibel+e,3.5026021863658774
-7.667599760618496,0.8738665761351323,0.027838797637203486,-0.025836288044431843,-0.02499855556557847,Eskalationsspirale,3.4164240386169293
-7.667599760618496,0.8738665761351323,0.027838797637203486,-0.025836288044431843,-0.02499855556557847,irreversibel+e eskalation+s+spirale,3.4164240386169293
-7.774651274207239,0.9270455390742487,0.06161146202744937,-0.026184135523805063,-0.027545728861667923,weitreichenden,3.2974271758990463
-7.774651274207239,0.9270455390742487,0.06161146202744937,-0.026184135523805063,-0.027545728861667923,eskalation+s+spirale weitreichend+en,3.2974271758990463
-7.83016529097472,0.9545757139637288,0.07963328393988586,-0.026364138945435787,-0.028914151961700697,weitreichend+en folge+n,3.235746940536592
-7.862585998221335,0.9706371068602315,0.09032573637308217,-0.026469020616616247,-0.029729100402219752,Gang,3.199734873123545
-7.862585998221335,0.9706371068602315,0.09032573637308217,-0.026469020616616247,-0.029729100402219752,folge+n gang,3.199734873123545
-7.877640647969654,0.9780908913700233,0.09533378283192072,-0.026517644022095298,-0.030111586243558336,gang ge+setz+t,3.183015132256591
-7.921418940396125,0.9997496354209339,0.110055058119162,-0.02665869290294685,-0.031238833685511842,unser+e welt,3.134404476136714
-7.9338938184151555,1.005916732608408,0.11429374591094858,-0.026698777301570813,-0.03156421290248496,welt steh+t,3.12055530642505
-7.970573409360227,1.0240370364820535,0.12687154667253595,-0.026816308419239113,-0.032531884633244336,steh+t iran+-+krieg,3.0798422116511626
-8.008732519848436,1.0428672012926075,0.1401423801363263,-0.02693798093203736,-0.03355637655724086,Sperrung,3.0374989391836045
-8.008732519848436,1.0428672012926075,0.1401423801363263,-0.02693798093203736,-0.03355637655724086,iran+-+krieg sperrung,3.0374989391836045
-8.032068001767051,1.0543712760934716,0.14835337516977073,-0.027012038440121146,-0.0341920669552734,sperrung straße,3.011611048379568
-8.074751449091792,1.0753904414608395,0.1635644228419503,-0.027146705656573154,-0.035373381607083934,kritischen,2.964272008836853
-8.074751449091792,1.0753904414608395,0.1635644228419503,-0.027146705656573154,-0.035373381607083934,hormu+s kritisch+en,2.964272008836853
-8.090265834719636,1.083022621547242,0.16915603433599405,-0.027195370969254385,-0.03580884469902343,Punkt,2.947069785993983
-8.090265834719636,1.083022621547242,0.16915603433599405,-0.027195370969254385,-0.03580884469902343,kritisch+en punkt,2.947069785993983
-8.09965170480077,1.0876378394623283,0.17255535140514608,-0.027224732707876516,-0.0360738957056497,Immer,2.9366639753867148
-8.107416990101338,1.0914549728778118,0.17537721911889453,-0.02724897748365005,-0.03629410571860677,immer mehr,2.928055529009538
-8.113701239249167,1.0945432693135138,0.17766720836066477,-0.027268565904408026,-0.03647293230425494,Sektoren,2.9210893830194222
-8.113701239249167,1.0945432693135138,0.17766720836066477,-0.027268565904408026,-0.03647293230425494,mehr sektor+en,2.9210893830194222
-8.124609302124277,1.0999021158871012,0.18165563387488748,-0.027302496439337215,-0.0367846538238187,geraten,2.9089986704592485
-8.124609302124277,1.0999021158871012,0.18165563387488748,-0.027302496439337215,-0.0367846538238187,sektor+en gerat+en,2.9089986704592485
-8.133896346014378,1.1044628210447274,0.18506495047310084,-0.027331311759380365,-0.0370513796542555,gerat+en gleichzeitig,2.898705712095582
-8.154555885277347,1.1146023640955167,0.19269447726073663,-0.027395160786545147,-0.03764916014832335,gleichzeitig druck,2.875811774498391
-8.161714740320827,1.1181139050375615,0.19535294781530974,-0.027417200741592058,-0.03785774328059601,druck energie,2.8678797514680183
-8.170592088766902,1.1224669592602396,0.19866020555789668,-0.027444468276112122,-0.038117439549443986,Logistik,2.8580444254460904
-8.170592088766902,1.1224669592602396,0.19866020555789668,-0.027444468276112122,-0.038117439549443986,energie logistik,2.8580444254460904
-8.18005154530157,1.1271036772093115,0.20219734632344277,-0.02747344463659791,-0.03839544439513185,Industrie,2.847565149865
-8.18005154530157,1.1271036772093115,0.20219734632344277,-0.02747344463659791,-0.03839544439513185,logistik industrie,2.847565149865
-8.189999939359508,1.1319780482357547,0.20593190676628886,-0.02750382778275634,-0.03868925501527668,Landwirtsc…,2.8365453255280855
-8.189999939359508,1.1319780482357547,0.20593190676628886,-0.02750382778275634,-0.03868925501527668,industrie landwirtsc…,2.8365453255280855
-8.201187270590454,1.1374569543624968,0.21014956365771942,-0.027537879564612188,-0.039021430727394106,+5311,2.824154500640805
-8.201187270590454,1.1374569543624968,0.21014956365771942,-0.027537879564612188,-0.039021430727394106,landwirtsc… +5311,2.824154500640805
-8.206156287200745,1.1398896288279496,0.2120290515131762,-0.027552963932431247,-0.039169578742329396,+5311 chars,2.8186514054771017
-5.9362780045670105,0.006784731213122619,-0.3904487001068344,-0.0298474676121575,0.020610754604994477,küste nach,5.345944136433555
-5.8830813274067335,-0.019814088923035378,-0.40100075311630934,-0.020505930564231355,0.005491096322521153,erdbeben warn+t,5.405269365819135
-5.601648355717301,-0.16102621898517633,-0.4525915173266787,-0.019780576737075364,0.008933746210250115,warn+t japanisch+e,5.719290658151755
0.7113585639317108,-3.3084841394014393,-1.1447108099452614,-0.009137137654907713,0.04980411396734449,meteorologie+behörde tsunami,12.761624849646967
-3.6859285090303455,-1.120426736395808,-0.7366604203529551,-0.015583892092092143,0.026991804165215308,tsunami welle+n,7.857067079181015
-4.693334972634601,-0.616379972148072,-0.5999070450159673,-0.017642267676674768,0.01849309780009678,welle+n höhe,6.732899630608176
-5.499031507283425,-0.2125042199878906,-0.4706310073814042,-0.01952384789326961,0.0101260412257052,höhe drei,5.83379689996153
-4.235526076983801,-0.8455789164592598,-0.6650274630503906,-0.016669885581779276,0.022586752894171426,Metern,7.243784641832979
-4.235526076983801,-0.8455789164592598,-0.6650274630503906,-0.016669885581779276,0.022586752894171426,drei meter+n,7.243784641832979
-2.5712971426742808,-1.6768211575588396,-0.8640447536758258,-0.013615580505509829,0.03455596111212604,vor nordost+küste,9.10068509222509
-6.52240389118935,0.30101493050771033,-0.27049535896289456,-0.02227455948318131,-0.0034326451966090916,japan+s schwer+es,4.692102533485878
-7.812661316119732,0.9458989927097035,0.07391220475941664,-0.026307431180994375,-0.028479043741652048,+608,3.2551929412315914
-7.812661316119732,0.9458989927097035,0.07391220475941664,-0.026307431180994375,-0.028479043741652048,nach +608,3.2551929412315914
-7.83016529097472,0.9545757139637288,0.07963328393988586,-0.026364138945435787,-0.028914151961700697,+608 chars,3.235746940536592
-3.6859285090303455,-1.120426736395808,-0.7366604203529551,-0.015583892092092143,0.026991804165215308,"7,4 tsunami-alarm",7.857067079181015
-4.370566592432243,-0.7779953917224396,-0.6463709085050373,-0.016949985853646973,0.021422469522440334,Nordostjapan,7.093090044140617
-4.370566592432243,-0.7779953917224396,-0.6463709085050373,-0.016949985853646973,0.021422469522440334,beb+en nordost+japan,7.093090044140617
-2.1786173108641336,-1.8725235860170764,-0.9041718106588669,-0.01298669490633073,0.03686252341615044,nordost+japan lös+t,9.53874242854884
-4.421333081912947,-0.7537905361746584,-0.63778428519096,-0.046667171309650826,0.07205349746151127,tsunami-warnung iwate,7.03691699069829
-5.098598364394494,-0.4137648216994312,-0.5365755945932311,-0.03697920094809285,0.046195596333597315,iwate hokkaido,6.280816456286332
-6.314786195607754,0.19680405851042782,-0.31482344194049344,-0.027999412172185403,0.010492202697000326,weiterlesenTokio,4.92366620863503
-6.314786195607754,0.19680405851042782,-0.31482344194049344,-0.027999412172185403,0.010492202697000326,überspringenartikel weiterlesentokio,4.92366620863503
-6.4737825902404955,0.2766208318083274,-0.28104314698861715,-0.024575238197148096,0.0014929135068138012,weiterlesentokio ein,4.746322196899683
-3.771187968914278,-1.077818166547782,-0.7259325153884598,-0.01662375449789793,0.027850210638546515,erdbeben montag,7.7619327410060714
-4.769126784064291,-0.5784183871455828,-0.5885478469301082,-0.018740389659768417,0.0193730531001155,montag norden,6.648320159997755
-4.99634904401002,-0.46455960429578225,-0.5536469808147668,-0.018957405481497772,0.016627001512047455,angabe+n zuständig+en,6.394750756296707
-6.584198425791976,0.33201770378377304,-0.2567121904907443,-0.023318949107237048,-0.0029090438670616725,zuständig+en wetter+behörde,4.623189593676325
-8.00467842420379,1.0408837464552825,0.1387837330092376,-0.02822447111536321,-0.03122804618785658,erreichten,3.0419878936521028
-8.00467842420379,1.0408837464552825,0.1387837330092376,-0.02822447111536321,-0.03122804618785658,jma erreich+ten,3.0419878936521028
-4.484542024303505,-0.7209431804222217,-0.6302366188280403,-0.01797313674927475,0.02175765415838404,Erdstöße,6.965901672627499
-8.03182056353786,1.0542644474857656,0.1483210456453618,-0.028196226424890006,-0.032162241346852256,erreich+ten erd+stoß+e,3.0118770428494153
-8.054859608865431,1.0656129817486768,0.15649521001695602,-0.028177106605162563,-0.032953919978225985,vorläufi…,2.9863233658190578
-8.054859608865431,1.0656129817486768,0.15649521001695602,-0.028177106605162563,-0.032953919978225985,erd+stoß+e vorläufi…,2.9863233658190578
-8.071615416484816,1.0738609098728809,0.16248616632419202,-0.028165922877809658,-0.03352913326969843,+853,2.967741873778344
-8.071615416484816,1.0738609098728809,0.16248616632419202,-0.028165922877809658,-0.03352913326969843,vorläufi… +853,2.967741873778344
-8.07887827050855,1.077434490534842,0.1650951491027438,-0.028161772718098468,-0.03377835026790415,+853 char+s,2.9596885151852423
-6.50214295783342,0.29084982358882394,-0.27495393232227655,-0.022215878324536798,-0.003122708366866664,erdbeben stark+es,4.714697706993539
-8.081924181109999,1.0789195397369085,0.16614537108144678,-0.027169224947637263,-0.03557429942929283,japan hier,2.9563186470860394
-8.138403801780633,1.1066757566667231,0.18672419442080807,-0.027345272366555436,-0.03718127827859446,thema erdbeben,2.8937103673293367
-7.952815017669767,1.0152665085693566,0.1207604495466832,-0.026759470247200892,-0.03206132601729623,sie stark+es,3.0995520412789355
-5.387469776063934,-0.26848438515918405,-0.48962902845290723,-0.023010270470865735,0.01784736161658676,"7,4 angabe+n",5.958291472926378
-4.718875851366753,-0.603586519949677,-0.5961116422872094,-0.01769846933095954,0.018251959191351842,usg+s japan,6.7043972794976625
-0.1375179008048022,-2.8876804202889175,-1.0819733805904852,-0.020316221627624344,0.06418866796334499,japan erschütter+t,11.815247010659185
-1.2948945292635496,-2.312396293235063,-0.9870306975648431,-0.011675773885326335,0.041500124258343915,Katastrophenschutzbehörde,10.52445897488531
-2.69628137202983,-1.6144986518838484,-0.850796778575792,-0.013822317215743467,0.03378615471838857,japanisch+e katastrophe+n+schutz+behörde,8.961250618642032
-1.4427995636761342,-2.2388279554553274,-0.97382193179702,-0.011885835076378299,0.04077259562507913,katastrophe+n+schutz+behörde sprech,10.359495998082469
16.596314142201525,-11.127416358065693,-1.7404829730925842,0.0012713443917370323,0.07013745390304126,sprech tsunami-warnung,30.45525666434113
2.0820521079838823,-3.9887928806187634,-1.2324349601116125,-0.03644972023269814,0.1040447347709616,tsunami-warnung warn+te,14.2902169449288
0.5172967300675158,-3.212980191205966,-1.1300484746062172,-0.02832092583024073,0.081922705735887,warn+te welle+n,12.545542044696681
-5.925357557165395,0.0013020873167914893,-0.3925322251621048,-0.02990652959925096,0.0209030327736732,dr…,5.358129041101853
-5.925357557165395,0.0013020873167914893,-0.3925322251621048,-0.02990652959925096,0.0209030327736732,welle+n dr…,5.358129041101853
-7.357657872788597,0.719380233474604,-0.063050427339595,-0.031241925097509952,-0.007263150733481424,+381,3.761268404057976
-7.357657872788597,0.719380233474604,-0.063050427339595,-0.031241925097509952,-0.007263150733481424,dr… +381,3.761268404057976
-7.4105384625247925,0.745789671975257,-0.04816475936538603,-0.03079339511096844,-0.009419667961186554,+381 chars,3.7023996934288625
-7.678253543840595,0.8791638750357476,0.031143898875501452,-0.02587091833246008,-0.025246845347028347,japan tokio,3.4045784456938892
-6.100636228066729,0.08936569020772511,-0.35881393803368744,-0.021088629665480516,0.002640054740690817,tokio ein,5.1625498010692334
-4.5345841858366445,-0.6958847755336213,-0.6230838663691093,-0.017650750685636173,0.020567632430973985,"7,5 japan",6.910057169452999
-1.4427995636761342,-2.2388279554553274,-0.97382193179702,-0.011885835076378299,0.04077259562507913,wetter+behörde sprech,10.359495998082469
-7.258672670924813,0.6699013318002061,-0.09025325897118187,-0.032198341098745566,-0.0030873748645698224,welle+n kopier+e,3.871491646146098
-6.71309154930385,0.39666713381635965,-0.22725982458807256,-0.024990923931572488,-0.0027560905509907835,hin+zu+füg+en erneut,4.479468138989883
-8.081725141221193,1.0788349990112682,0.1661198332647387,-0.028160259639781974,-0.03387602259195155,+843,2.956531925967928
-8.081725141221193,1.0788349990112682,0.1661198332647387,-0.028160259639781974,-0.03387602259195155,japan +843,2.956531925967928
-8.088702148086428,1.0822667072748982,0.16863592990041112,-0.02815682008058178,-0.034115363764279816,+843 chars,2.9487962108209382
-7.991310343882115,1.0342727231613664,0.1340595542632907,-0.026882512037198623,-0.03308634199583839,japan erneut,3.056829899290765
-4.637103385134365,-0.6447165276997309,-0.6077089780793093,-0.027870567167848647,0.03683214598625475,welle+n drei,6.7957095499859514
-5.192619413632062,-0.36624791935243817,-0.5219169332934765,-0.025904474929210036,0.025749554660427998,hoch könn+ten,6.175746887276571
-6.626962771189004,0.3534602347243134,-0.2469050722311893,-0.02702117953742525,0.0025487006331921733,nordös…,4.575501695093732
-6.626962771189004,0.3534602347243134,-0.2469050722311893,-0.02702117953742525,0.0025487006331921733,küste nordös…,4.575501695093732
-7.72195750237711,0.9009062142511164,0.04496544760445067,-0.02893609861631815,-0.021280908152746164,+776,3.3559775844195086
-7.72195750237711,0.9009062142511164,0.04496544760445067,-0.02893609861631815,-0.021280908152746164,nordös… +776,3.3559775844195086
-7.744572656428849,0.912137787885632,0.052122219240133466,-0.02884833186215918,-0.022097775890271835,+776 char+s,3.3308408289707736
-3.7628081393581105,-1.0820002913978963,-0.7270305920394179,-0.015730817365686788,0.026405751051914218,Katastrophenschutz,7.771281842347923
-5.008629569949264,-0.4584021963247382,-0.5517456343628668,-0.018351327050052883,0.015412744629343712,japan katastrophe+n+schutz,6.381046308831634
-2.979767176618278,-1.4730794335924142,-0.819837784085705,-0.014303660900118486,0.03197157423368904,katastrophe+n+schutz sprech+t,8.644976455828814
0.7113585639317108,-3.3084841394014393,-1.1447108099452614,-0.009137137654907713,0.04980411396734449,sprech+t tsunami-warnung,12.761624849646967
-7.575450603213516,0.8280285193567885,-6.319816663482095e-05,-0.02965221785347577,-0.01585881183200226,könn+ten heiß+t,3.518891122526121
-7.6773350689552124,0.8787301194497377,0.03100936266921661,-0.029126628183397448,-0.019654530847839198,Plattform,3.4055844141140788
-7.6773350689552124,0.8787301194497377,0.03100936266921661,-0.029126628183397448,-0.019654530847839198,heiß+t plattform,3.4055844141140788
-7.757482672356386,0.9185470460436951,0.056233381738531374,-0.0288008216608459,-0.02256199955661997,plattform ein,3.316492758865153
-7.357657872788597,0.719380233474604,-0.063050427339595,-0.031241925097509952,-0.007263150733481424,+356,3.761268404057976
-7.357657872788597,0.719380233474604,-0.063050427339595,-0.031241925097509952,-0.007263150733481424,dr… +356,3.761268404057976
-7.4105384625247925,0.745789671975257,-0.04816475936538603,-0.03079339511096844,-0.009419667961186554,+356 chars,3.7023996934288625
-3.6859285090303455,-1.120426736395808,-0.7366604203529551,-0.015583892092092143,0.026991804165215308,japan tsunamiwarnung,7.857067079181015
-4.5001686435823665,-0.7131149378893844,-0.6280402609690393,-0.017224023282647802,0.020271826977542273,tsunamiwarnung erdbeben,6.9484626895639465
-5.210117976696041,-0.4196904649854756,1.325979562651188,-0.022469710113082773,0.00668855241657039,japan+s ein,6.211156610980344
-7.288284957417943,0.6847147154019153,-0.08254099781970745,-0.024612261133100662,-0.016826769492119288,"7,5 teil+e",3.8385229241385037
-7.086048110862334,0.5835504439681944,-0.13622948959182749,-0.02397395020626149,-0.012934805594215955,teil+e japan+s,4.063787539331356
-7.883465995158014,0.9809743432916773,0.09727903147768678,-0.026536443611189644,-0.030260288902733412,meteorologie+behörde mit+teil+te,3.176545931326927
-7.913675824663753,0.9959206722870926,0.10743396439263544,-0.026633786862244595,-0.03103780963071035,mit+teil+te werd+e,3.143001226813038
-7.936326938686526,1.0071193230585398,0.11512275955130252,-0.026706589207793497,-0.031627893990757154,werd+e kurz,3.1178542864814025
-7.9640425927277345,1.0208121244885333,0.12461939381948994,-0.02679542040146724,-0.03235837876367043,kurz uhr,3.087090382758389
-7.9640425927277345,1.0208121244885333,0.12461939381948994,-0.02679542040146724,-0.03235837876367043,ort+s+zeit uhr,3.087090382758389
-8.006850693669191,1.0419391103658375,0.13948341081441104,-0.026931996616989695,-0.03350541971556283,MESZ,3.039586810547033
-8.006850693669191,1.0419391103658375,0.13948341081441104,-0.026931996616989695,-0.03350541971556283,uhr mesz,3.039586810547033
-8.017950039210163,1.047412350846198,0.14337697058782944,-0.02696726750131337,-0.03380663080976771,mesz registrier+t,3.027272630292286
-7.092301765740137,0.5866890714029103,-0.1345323814492701,-0.02583442001086831,-0.009899355943526443,Stär…,4.056813557300641
-8.062829941748435,1.0695228872055702,0.15929064244445815,-0.027109203892252326,-0.035040987766281534,registrier+t stär…,2.9774920792372135
-8.0732918099838,1.0746721654019773,0.16304008696986164,-0.027142118903100414,-0.03533258085458896,+758,2.9658905665561965
-8.0732918099838,1.0746721654019773,0.16304008696986164,-0.027142118903100414,-0.03533258085458896,stär… +758,2.9658905665561965
-8.080506094461843,1.078221890324588,0.16563453134950498,-0.027164775455465823,-0.035534521311884976,+758 chars,2.9578910281837443
-7.0661512819363415,0.5733592746117169,-0.14055487362757924,-0.040712214856334916,0.016242405172686044,"7,4 erschütter+t",4.086029280813438
-5.7426138576171555,-0.10358641154817771,-0.42164582950652285,-0.12322938473851437,0.1862182388188055,japan+s warnung,5.567632050394793
-6.479188387841994,0.2793328811366962,-0.27997738240465664,-0.022149603980052824,-0.0027739336837598605,"7,5 ereign+et",4.740297455094422
-6.489211345634407,0.28436172803399673,-0.2777875505374342,-0.02217851498878664,-0.0029259162662255422,der erd+stoß+e,4.7291194200074225
-6.477298941982358,0.27838487538426726,-0.2803895647434163,-0.02214415864523744,-0.002745336344002227,erd+stoß+e haupt+stadt,4.742404660083499
-6.190122703074472,0.13427568321865424,-0.34082812122584977,-0.021334003016478035,0.0014147699161319999,tokio spür+en,5.062721535624955
-6.346654977880627,0.21283023588155725,-0.3084178340685909,-0.021771291637839016,-0.0008079095598067625,katastrophe+n+schutz+behörde warn+t,4.888115077857104
0.7113585639317108,-3.3084841394014393,-1.1447108099452614,-0.009137137654907713,0.04980411396734449,warn+t tsunami,12.761624849646967
-5.6946161520314735,-0.11438302271151768,-0.43590112838150435,-0.02001670621617142,0.007825307801765932,20.04.2026,5.6155542695392455
-6.346654977880627,0.21283023588155725,-0.3084178340685909,-0.021771291637839016,-0.0008079095598067625,stand 20.04.2026,4.888115077857104
-6.800271826109178,0.4403759684540316,-0.20689639513284885,-0.02309654501507857,-0.007892804476811247,11:11,4.3822802668057355
-6.800271826109178,0.4403759684540316,-0.20689639513284885,-0.02309654501507857,-0.007892804476811247,20.04.2026 11:11,4.3822802668057355
-6.959931993794573,0.5203916449279549,-0.16812277197800896,-0.023582936071614456,-0.010647965334237827,11:11 uhr,4.204319744289842
-7.06685285521663,0.5739405799148198,-0.141159264520281,-0.023914066857579557,-0.012580107361561357,uhr vor,4.085174457566788
-7.9662362327572565,1.0218954117896237,0.12537525401141084,-0.02680243844676214,-0.03241659870133153,Katastrophenschutzbehö…,3.084655750227621
-7.9662362327572565,1.0218954117896237,0.12537525401141084,-0.02680243844676214,-0.03241659870133153,japanisch+e katastrophenschutzbehö…,3.084655750227621
-8.016131597025886,1.046515785220006,0.14273794538195825,-0.02696149323607839,-0.033757173546790795,+2173,3.0292900272737855
-8.016131597025886,1.046515785220006,0.14273794538195825,-0.02696149323607839,-0.033757173546790795,katastrophenschutzbehö… +2173,3.0292900272737855
-8.02686127082501,1.051805185262292,0.1465149332995483,-0.026995539208354485,-0.034049615099894584,+2173 chars,3.0173868577077596
-6.079806513480736,0.07891200642093255,-0.36294604043748185,-0.021031993283599795,0.0029207295916223557,warn+en meter,5.185787607001388
0.7113585639317108,-3.3084841394014393,-1.1447108099452614,-0.009137137654907713,0.04980411396734449,hoch+en tsunami-well+en,12.761624849646967
-6.287610553691728,0.18320006983549542,-0.3207888914867812,-0.021605134441405785,4.272474619832975e-05,tsunami-well+en der,4.953974536580164
-4.615464645171451,-0.6553810866716581,-0.61136834837339,-0.017472225968771918,0.019219596203832488,Epizentrum,6.819798895351788
-5.424569517816419,-0.2498536909897533,-0.483477917586544,-0.019340085952404548,0.010971490800693486,beben epizentrum,5.916887930592879
-5.858362953316223,-0.032218234461790285,-0.40566230122065405,-0.020440951212855153,0.005804152058792422,epizentrum pazifisch+en,5.432848612219664
-6.287610553691728,0.18320006983549542,-0.3207888914867812,-0.021605134441405785,4.272474619832975e-05,ozean lieg,4.953974536580164
-6.4651943497835305,0.27231148410066286,-0.2830254800514547,-0.022109309142040297,-0.0025625281329991235,lieg tiefe,4.755904409664317
-6.578166964625245,0.3289898468606891,-0.25810325021620334,-0.02243695268715849,-0.004295963461315833,fünfunddreissig,4.629917766429484
-6.578166964625245,0.3289898468606891,-0.25810325021620334,-0.02243695268715849,-0.004295963461315833,tiefe fünfunddreissig,4.629917766429484
-6.728389980491175,0.40433500971306224,-0.22380342964390487,-0.022880863481690817,-0.006699983381523646,fünfunddreissig kilo+meter+n,4.462416874596682
-8.070346778484868,1.0732228273815554,0.16198307040893437,-0.027132860294853046,-0.03525034740929528,10.55,2.9691563023932357
-8.070346778484868,1.0732228273815554,0.16198307040893437,-0.027132860294853046,-0.03525034740929528,20.04.2026 10.55,2.9691563023932357
-8.07907985745478,1.0775201954507465,0.16512104061937483,-0.027160299045867475,-0.0354945422517569,UhrAktualisiert,2.9594724664293954
-8.07907985745478,1.0775201954507465,0.16512104061937483,-0.027160299045867475,-0.0354945422517569,10.55 uhr+aktualisier+t,2.9594724664293954
-8.102268044504788,1.0889240607320965,0.17350515470348393,-0.027232906299221864,-0.03614799684814861,uhr+aktualisier+t zusammenfassung,2.93376348276071
-8.13275558294565,1.103902701194782,0.1846454940661549,-0.0273277759566714,-0.03701855051711254,merk+en ein,2.8999699862360364
-8.162718905850776,1.1186063830290376,0.1957264590254421,-0.027420288660804686,-0.03788706091707287,ha…,2.8667671797684426
-8.162718905850776,1.1186063830290376,0.1957264590254421,-0.027420288660804686,-0.03788706091707287,"7,5 ha…",2.8667671797684426
-8.16767250910248,1.1210355049857195,0.19757121412705322,-0.027435508367188447,-0.03803190285693581,+1080,2.8612789672751604
-8.16767250910248,1.1210355049857195,0.19757121412705322,-0.027435508367188447,-0.03803190285693581,ha… +1080,2.8612789672751604
-8.173473295157613,1.1238794282591356,0.1997361381080296,-0.02745330279853464,-0.038201975278019794,+1080 chars,2.854852490517746
-4.149549106753487,-0.8885972191772424,-0.6766784067035477,-0.016494370765243266,0.023310322705999923,entstehen,7.339727090954311
-6.079806513480736,0.07891200642093255,-0.36294604043748185,-0.021031993283599795,0.0029207295916223557,tsunami entsteh+en,5.185787607001388
-5.167598968550057,-0.37871425915230805,-0.5263259091463361,-0.018721827700278085,0.013769201095059542,Riesenwellen,6.203645673803665
-5.167598968550057,-0.37871425915230805,-0.5263259091463361,-0.018721827700278085,0.013769201095059542,entsteh+en riese+n+welle+n,6.203645673803665
-7.086048110862334,0.5835504439681944,-0.13622948959182749,-0.02397395020626149,-0.012934805594215955,riese+n+welle+n nach,4.063787539331356
0.7113585639317108,-3.3084841394014393,-1.1447108099452614,-0.009137137654907713,0.04980411396734449,japan tsunami,12.761624849646967
-2.979767176618278,-1.4730794335924142,-0.819837784085705,-0.014303660900118486,0.03197157423368904,tsunami ge+warn+t,8.644976455828814
-6.588558507820697,0.33420267310027496,-0.2557740646076942,-0.022467358617718605,-0.004458539684185116,wie entsteh+en,4.618329986025826
-7.348817744213147,0.7149598896315481,-0.06581617900372942,-0.02480568130252473,-0.018050130834547,und soll+ten,3.771122848773568
-7.432068043166991,0.7565238258887022,-0.042288319874836236,-0.025073166966101342,-0.019780003923994448,Urlauber,3.6784500737357497
-7.432068043166991,0.7565238258887022,-0.042288319874836236,-0.025073166966101342,-0.019780003923994448,soll+ten urlauber,3.6784500737357497
-7.569857944761686,0.8252217707274105,-0.0019307148113922833,-0.02551882120084374,-0.02277171453092739,Notfall,3.525128262251367
-7.569857944761686,0.8252217707274105,-0.0019307148113922833,-0.02551882120084374,-0.02277171453092739,urlauber not+fall,3.525128262251367
-7.621749234246966,0.8510572580259077,0.013751311342094986,-0.02568728875033382,-0.023942637778186115,not+fall wiss+en,3.4674108171427873
-7.667599760618496,0.8738665761351323,0.027838797637203486,-0.025836288044431843,-0.02499855556557847,Katastrophenalarm,3.4164240386169293
-7.5767206361294175,0.8286397684517919,0.00012762281258453523,-0.025541087177751096,-0.022925133567069426,katastrophe+n+alarm japan,3.517494281492623
-7.5261070672626555,0.8034231299212506,-0.014943161738299317,-0.025377001769517956,-0.021803707342994368,japan nach,3.5738015539758075
-4.881118987246131,-0.5223031279343373,-0.5715721858173395,-0.018060524300832728,0.01668618661303977,Inselstaats,6.523341758761197
-4.881118987246131,-0.5223031279343373,-0.5715721858173395,-0.018060524300832728,0.01668618661303977,küste insel+staat+s,6.523341758761197
-6.287610553691728,0.18320006983549542,-0.3207888914867812,-0.021605134441405785,4.272474619832975e-05,insel+staat+s regierung,4.953974536580164
-3.6859285090303455,-1.120426736395808,-0.7366604203529551,-0.015583892092092143,0.026991804165215308,regierung tsunami-warnung,7.857067079181015
0.9094749399302966,-3.2828579749636817,0.24034677264756826,-0.013897223742017992,0.022856255530322948,sollen,12.949595040451483
-4.551991194958242,-0.6463872077001191,0.7862528553294316,-0.021934485060797006,0.004041875857684372,mensch+en soll+en,6.894049453948203
-7.322842435085494,0.7019836459394408,-0.07271493124527248,-0.031560570045738104,-0.005815915755384905,sofort,3.8000323301465033
-7.322842435085494,0.7019836459394408,-0.07271493124527248,-0.031560570045738104,-0.005815915755384905,soll+en sofort,3.8000323301465033
-3.5907549415672477,-1.1008204641143724,0.5741457831366815,-0.04719188826322677,0.05569537373331929,höher,7.953844834030773
-7.430107189192729,0.7555581515502077,-0.04259182857959523,-0.030637962257045053,-0.010205581656294822,sofort hoch+er,3.680617945322127
-6.635338350026877,0.3576583051835467,-0.24498352453364802,-0.027487591030876585,0.0031731174453983463,gelegene,4.566163106194912
-6.635338350026877,0.3576583051835467,-0.24498352453364802,-0.027487591030876585,0.0031731174453983463,hoch+er ge+leg+en+e,4.566163106194912
-6.724414147929156,0.4023379700974381,-0.22452951520547748,-0.02717577970427949,0.000746160753695442,Gebiete,4.466843992469207
-6.724414147929156,0.4023379700974381,-0.22452951520547748,-0.02717577970427949,0.000746160753695442,ge+leg+en+e gebiet+e,4.466843992469207
-7.608246328511433,0.8443586577736426,0.00982127674397283,-0.02946885403902285,-0.017094097200697017,begebe…,3.4824126575555754
-7.608246328511433,0.8443586577736426,0.00982127674397283,-0.02946885403902285,-0.017094097200697017,gebiet+e begebe…,3.4824126575555754
-7.661190351722095,0.8707019961078706,0.02601298910736993,-0.029201374123499116,-0.019061009572726655,+3542,3.423535353143229
-7.661190351722095,0.8707019961078706,0.02601298910736993,-0.029201374123499116,-0.019061009572726655,begebe… +3542,3.423535353143229
-7.692815304872353,0.8864255351085144,0.03582640023615148,-0.02905788212953242,-0.020221031463230968,+3542 char+s,3.3883736919754717
-6.724978600064746,0.40232882356194466,-0.22377116563758964,-0.040495892300420167,0.023605977415421413,Experte,4.4663205482613755
-6.724978600064746,0.40232882356194466,-0.22377116563758964,-0.040495892300420167,0.023605977415421413,japan experte,4.4663205482613755
-4.165217459909247,-0.880907217465833,-0.6741382757172154,-0.025574199055806508,0.03875672574266879,Risiko,7.322292914178299
-7.135591968631851,0.6083059909174393,-0.12293587874535256,-0.03361533067263238,0.002389795728668088,experte risiko,4.00859443420085
-7.285343099921877,0.6832382244468049,-0.08300659786051673,-0.031925177388753695,-0.0042313424550057335,risiko europa,3.8417896778565175
-7.3687216156459545,0.7249070678156695,-0.05995680261017115,-0.03114458703202792,-0.00771840929486628,europa ein,3.748950889302155
-3.1208214954598805,-1.4026813094333423,-0.803940194600688,-0.0145498432296952,0.031031421775244674,erdbeben pazifik,8.48760116940379
-6.628673055537386,0.35432465069457875,-0.24672305432984476,-0.022585156747306094,-0.005091226441202135,pazifik erschütter+t,4.573599003644827
-3.6859285090303455,-1.120426736395808,-0.7366604203529551,-0.015583892092092143,0.026991804165215308,erschütter+t tsunami,7.857067079181015
-5.694873862585679,-0.11425371903939263,-0.43585439138785553,-0.020017365505524326,0.007822196767071809,tsunami aus+ge+lös+t,5.615266712236061
-6.66662371334122,0.37335939617868963,-0.23807181813572625,-0.022697215148062028,-0.005697351361388617,Seismologe,4.531283074563293
-6.66662371334122,0.37335939617868963,-0.23807181813572625,-0.022697215148062028,-0.005697351361388617,ein seismolog+e,4.531283074563293
-6.982930104582561,0.5319124615330808,-0.16239279031312526,-0.023653805343905272,-0.011057448646297097,seismolog+e erklär+t,4.178689966103032
-7.139964472032472,0.6105363381586699,-0.12223274111592253,-0.02414283365253841,-0.013944312600162642,Hintergründe,4.003720355860528
-7.139964472032472,0.6105363381586699,-0.12223274111592253,-0.02414283365253841,-0.013944312600162642,erklär+t hintergrund+e,4.003720355860528
-7.412612855220665,0.7468140986383198,-0.04784257438280344,-0.025010517321366266,-0.01937068927410776,hintergrund+e gefahr,3.700104835968763
-7.51045141157921,0.7956194231329026,-0.01955398460269193,-0.025326316274832176,-0.021461481564873618,gefahr europa,3.5912207934839118
-7.590108728493905,0.8353067225339326,0.004156758093268979,-0.025584538372601,-0.023225682653939553,europa deutschland,3.5026021863658774
-7.026406639948027,0.553687895918588,-0.15145695030085116,-0.02378831548535329,-0.011840626923706035,japan katastrophe+n+schutz+behörde,4.130241745811801
-3.6859285090303455,-1.120426736395808,-0.7366604203529551,-0.015583892092092143,0.026991804165215308,katastrophe+n+schutz+behörde tsunami,7.857067079181015
-6.588558507820697,0.33420267310027496,-0.2557740646076942,-0.022467358617718605,-0.004458539684185116,Sprache,4.618329986025826
-6.588558507820697,0.33420267310027496,-0.2557740646076942,-0.022467358617718605,-0.004458539684185116,der sprache,4.618329986025826
-7.173165778933542,0.6271488427489682,-0.11350156745120282,-0.024247315794551104,-0.014575873934129006,sprache drei,3.9667354118301743
-7.41407851885624,0.7420302470071716,-0.044056300227861306,-0.095902014242992,0.1027870246400027,welle+n küste,3.7007643876225185
-7.1288261202001015,0.5916993031738156,-0.11815368423810879,0.12459662433875508,0.19200283754280292,treffen,4.021710598327247
-7.400164797791381,0.730176534912168,-0.04678866474518446,-0.12044751588732956,0.14593561511235578,küste treff+en,3.718353104817046
-4.598514963523312,-0.7205856939778208,-0.600285442849922,-0.22444505674486015,0.38388977262667534,der warnung,6.863155895806107
-7.434917747885795,0.736905069179715,-0.03499012186739396,-0.15825614194930906,0.2113672074353367,warnung gelt,3.6842398253125648
-7.599148359488801,0.8315264103243163,0.010960810440651569,-0.112000406524094,0.12566561797121154,+6486,3.4960191466092123
-7.599148359488801,0.8315264103243163,0.010960810440651569,-0.112000406524094,0.12566561797121154,gelt +6486,3.4960191466092123
-7.650687154613658,0.8595790020206353,0.026077427178855975,-0.09964980505859504,0.1026821341944841,+6486 chars,3.4376729405872117
-6.676828655678891,-0.838433850213804,2.6370511556231993,-0.025760892047343248,0.4131164217701276,see+beben pazifik,5.093301254540566
-6.1943087571555,-1.0692557325166128,2.5546306235931118,-0.4013630469190441,0.8018995503857165,pazifik behörde+n,5.626358814304387
-7.745714780149875,0.22247824070163924,2.2249285614306977,-0.17308933447072433,0.3049027171231504,japan warn+en,3.6628672670322207
-6.101835059684716,-1.081720153279397,2.4989013547258074,-0.45528932171471753,0.8910694625616872,Mega-Erdstoß,5.7140374902185025
-7.708596318659094,0.1845425158278129,2.242583311760002,-0.1774299075269953,0.31605477341363,warn+en mega-erdstoß,3.7130588098974027
-8.335695485186857,0.8675779572502373,1.7999981220438757,-0.09478553996745187,0.10451506321715062,mega-erdstoß der,2.8445851411377014
-6.3966585997633745,0.025690205631164975,1.6117167359171558,-0.10184658377985337,0.2858560119304465,japanisch+e regierung,4.95325248903241
-4.518384345784721,-0.6995903401674304,1.0830390599842017,0.011699241600104162,0.04812328214010853,zufolge,6.951891190955992
-8.244495113751249,0.7420815520842292,1.9241089588593197,-0.09456688991520881,0.11814608957621509,regierung zufolge,2.98322032245947
-8.091865404386978,0.5332032554854216,2.093538086056655,-0.0914070590399426,0.13612230507056608,zufolge land,3.214165328517591
-7.5156539436250025,-0.22673044713100365,2.5057212109601186,-0.05558834962479679,0.15835153671796867,land see+beben,4.070191221392199
-8.105745377387224,0.5630411951901515,2.0661435095962744,-0.09898334599968023,0.1453928747967101,gewaltigeres,3.188239573200656
-8.105745377387224,0.5630411951901515,2.0661435095962744,-0.09898334599968023,0.1453928747967101,see+beben gewaltig+er+es,3.188239573200656
-8.204506574814584,0.7055360326430868,1.9457703155085735,-0.10628338773793017,0.14172989668838717,gewaltig+er+es erdbeben,3.0354310193135223
-8.245152926895985,0.7665496179588385,1.8861919614191494,-0.11040439002876877,0.1418247487527524,erdbeben droh+en,2.971354862774791
-8.271598697677778,0.8074484165986264,1.8425658524134172,-0.11380558906078592,0.14296783421666417,Fachleute,2.9290663184816177
-8.29644021383546,0.8472398692811627,1.7964538841824818,-0.11792050362666735,0.1454452473984549,fach+leute befürcht+en,2.888664871212799
-8.246871908869144,0.7907779826960026,1.8466470976850702,-0.12538130013703552,0.1641434265849398,befürcht+en stärke,2.9586165086910756
-8.194350094253686,0.7238886976821504,1.9079995807732155,-0.127871063731586,0.17567383829588726,stärke mehr,3.035950734662598
-8.134315079514513,0.6469075111957641,1.9733929474983896,-0.12970371270959596,0.1872039251524828,"8,0",3.1245068563776606
-8.134315079514513,0.6469075111957641,1.9733929474983896,-0.12970371270959596,0.1872039251524828,"mehr 8,0",3.1245068563776606
-8.09934306438183,0.6019438858223549,2.00927596745514,-0.1303585255152721,0.19323329817540055,"8,0 erreich+en",3.17611321412386
-1.1126255806528924,-3.2021846872702473,2.518900361946961,-0.1116635076570464,0.29933363194274143,"7,7",11.128930261481017
-1.1126255806528924,-3.2021846872702473,2.518900361946961,-0.1116635076570464,0.29933363194274143,"stärke 7,7",11.128930261481017
-4.37635124567981,-1.9296458756826396,2.6506602351767676,-0.18971264798309362,0.45720295258703375,"7,7 pazifik",7.639184860607124
-6.143333414388714,-0.7808500199267003,2.1385515686001053,-0.44382363395533386,1.0930984482546011,offizielle,5.539770024006267
-6.77867614407946,-0.37384193435652424,2.0915179928163976,-0.5077366082640355,0.9170755291731382,japan offiziell+e,4.790171533382142
-5.0944294507507415,-1.481935527876571,1.9383948875537722,-0.6371772949670819,1.4689862024666067,offiziell+e warnung,6.785746464403818
-7.025683862507282,-0.24986000490046312,2.2090826625077162,-0.40695899206866204,0.7384061666782404,warnung mega-erdstoß,4.515871062687433
-7.294723330598808,0.03207539006595672,2.038358000512026,-0.4064329387907492,0.7110746358597644,mega-erdstoß heraus+ge+geb+en,4.148317546130206
-7.882823761667968,0.5411693177112205,1.8633073936652185,-0.2816965618617721,0.452175894744839,Wahrscheinlichkeit,3.394878012882795
-7.882823761667968,0.5411693177112205,1.8633073936652185,-0.2816965618617721,0.452175894744839,der wahrscheinlichkeit,3.394878012882795
-7.9869585321335155,0.6259800938520812,1.8385148920374172,-0.24907388836595654,0.38872879403632676,wahrscheinlichkeit neu+en,3.2639108036815943
-8.003868160629786,0.637665000510717,1.838745982749116,-0.2420069626291558,0.37566639448612915,neu+en gewaltig+en,3.243622003608345
-8.021583580790466,0.646523139993193,1.8460734920300967,-0.23202580640603168,0.3580191570659693,gewaltig+en erdbeben+s,3.2239540401866194
-8.416194756479129,1.0414204088018255,1.5093046149970462,-0.141017408286423,0.1631922937562365,hö…,2.6918883328655845
-8.416194756479129,1.0414204088018255,1.5093046149970462,-0.141017408286423,0.1631922937562365,erdbeben+s hö…,2.6918883328655845
-8.422255087118321,1.0468535260565681,1.5042722399200483,-0.13888241577616614,0.15901866977805273,+1143,2.683996191982283
-8.422255087118321,1.0468535260565681,1.5042722399200483,-0.13888241577616614,0.15901866977805273,hö… +1143,2.683996191982283
-8.429133384217366,1.0530595280716684,1.4983629030223238,-0.1364822238629067,0.15431631554619463,+1143 chars,2.6750185630166468
-3.6859285090303455,-1.120426736395808,-0.7366604203529551,-0.015583892092092143,0.026991804165215308,sprech+en tsunami-warnung,7.857067079181015
-6.527793587117836,0.30316172180489387,-0.2682211060424929,-0.0452287010091103,0.03589289484326313,tsunami-warnung stark+es,4.686297850825895
-7.4105384625247925,0.745789671975257,-0.04816475936538603,-0.03079339511096844,-0.009419667961186554,osten japan,3.7023996934288625
-7.644331615888223,0.8623162821874213,0.020825237874780717,-0.029282793571574036,-0.01843818945967951,regierung ruf+t,3.4422817469737383
-7.692815304872353,0.8864255351085144,0.03582640023615148,-0.02905788212953242,-0.020221031463230968,ruf+t mensch+en,3.3883736919754717
-7.757482672356386,0.9185470460436951,0.056233381738531374,-0.0288008216608459,-0.02256199955661997,mensch+en wegen,3.316492758865153
-7.7819549472340315,0.9306916000069487,0.06407838617396683,-0.028715840887761197,-0.023438023449209193,drohender,3.289297408716865
-7.7819549472340315,0.9306916000069487,0.06407838617396683,-0.028715840887761197,-0.023438023449209193,wegen drohender,3.289297408716865
-4.524717368021759,-0.7007186961478782,-0.6243032738537746,-0.0013042356412035637,0.025321048661812992,Flutwellen,6.9210159306913415
-7.819208806708408,0.9491664172098928,0.07615325304134019,-0.028598961280742626,-0.024762289906933937,drohender flut+welle+n,3.2479057900103996
-7.865176391883894,0.9719401814809936,0.09127814526205856,-0.028474835367815966,-0.02638243403448657,flut+welle+n hoch+er,3.1968457857968215
-7.889184261364312,0.983804370416268,0.09919256367941495,-0.026554888974703185,-0.03040664123814897,auszuweichen,3.1701958926589593
-7.889184261364312,0.983804370416268,0.09919256367941495,-0.026554888974703185,-0.03040664123814897,gebiet+e aus+zu+weich+en,3.1701958926589593
-7.83355720792208,0.9562566756277577,0.08074608671973935,-0.026375121613637115,-0.02899886023390072,der epizentrum,3.2319789419913034
-7.778648607035695,0.9290290097823202,0.06289725945772767,-0.02619711028930729,-0.027643148151704974,epizentrum beben+s,3.2929851604302245
-7.749651678528721,0.9146369435800505,0.05361107883509601,-0.02610295576535506,-0.026940307497730694,beben+s lieg+t,3.3252101512092787
-7.70850684038872,0.8942007741480817,0.04059579341333196,-0.025969257286024176,-0.025958077371685408,großer,3.3709443104826553
-7.70850684038872,0.8942007741480817,0.04059579341333196,-0.025969257286024176,-0.025958077371685408,lieg+t groß+er,3.3709443104826553
-7.672964202109741,0.876534024737126,0.029501484650301592,-0.025853725065189258,-0.02512343535643942,groß+er tiefe,3.410459412358655
-7.72195750237711,0.9009062142511164,0.04496544760445067,-0.02893609861631815,-0.021280908152746164,+688,3.3559775844195086
-7.72195750237711,0.9009062142511164,0.04496544760445067,-0.02893609861631815,-0.021280908152746164,nordös… +688,3.3559775844195086
-7.744572656428849,0.912137787885632,0.052122219240133466,-0.02884833186215918,-0.022097775890271835,+688 char+s,3.3308408289707736
-4.470053956056845,-0.7284284554569873,-0.6317571811826516,-0.029341298456472726,0.04151337999131073,Nordjapan,6.982151939472782
-6.613529669245162,0.34630094074330575,-0.24918565953667315,-0.04304030967899192,0.030351430938265346,tsunami-warnung nordjapan,4.590638206937112
-6.928699146308323,0.5046098938556272,-0.17523205681729986,-0.0366319889226407,0.012442406086368315,nordjapan beb+t,4.239165378068929
-7.322842435085494,0.7019836459394408,-0.07271493124527248,-0.031560570045738104,-0.005815915755384905,auch tokio,3.8000323301465033
-1.761837705156422,-2.361624838262292,1.9815942450332544,-0.01801275269768061,0.003686822731509335,Erschütterungen,10.170465660548595
-7.439584338220199,0.7602881349032073,-0.03988014762974337,-0.030564691637752887,-0.010583938754491352,tokio erschütterung+en,3.670069610865605
-7.432068043166991,0.7565238258887022,-0.042288319874836236,-0.025073166966101342,-0.019780003923994448,erschütterung+en spür+en,3.6784500737357497
-7.301003299036282,0.6910709361145071,-0.07905306928236257,-0.024652818445206642,-0.017081467301074793,der katastrophe+n+schutz,3.8243606612778316
-6.982930104582561,0.5319124615330808,-0.16239279031312526,-0.023653805343905272,-0.011057448646297097,katastrophe+n+schutz warn+t,4.178689966103032
-6.401595341760048,0.24039948566176417,-0.2967429181438421,-0.021927219059198533,-0.0016132064507222987,warn+t drei,4.826836491253488
-3.6859285090303455,-1.120426736395808,-0.7366604203529551,-0.015583892092092143,0.026991804165215308,"7,5 tsunami-warnung",7.857067079181015
-5.424569517816419,-0.2498536909897533,-0.483477917586544,-0.019340085952404548,0.010971490800693486,Nordküste,5.916887930592879
-5.424569517816419,-0.2498536909897533,-0.483477917586544,-0.019340085952404548,0.010971490800693486,erdbeben nordküste,5.916887930592879
-4.951676280368595,-0.48694585439512217,-0.5606616301138533,-0.018220747025288947,0.015986333612413976,nordküste japan+s,6.444603271655773
-3.3979157080065496,-1.2474208937599758,1.1204279107277264,-0.02458704457948303,0.0811305370710963,getroffen,8.199472206467538
-4.458768482901566,-0.7338423681067408,-0.6339421863225876,-0.017135920091102066,0.02064302030915863,japan+s ge+treff+en,6.994662695985792
0.7113585639317108,-3.3084841394014393,-1.1447108099452614,-0.009137137654907713,0.04980411396734449,ge+treff+en tsunami-warnung,12.761624849646967
2.914815261057333,-4.401295295481365,-1.28051230786706,-0.04217218715770047,0.11766701493087461,tsunami-warnung mehrere,15.218659874672824
-4.9898179924674855,-0.46837292830665467,-0.553742221056885,-0.03826916167674744,0.04997325463885392,mehrere präfektur+en,6.402243259151516
-5.52505898878433,-0.19967243399652013,-0.4654697384315159,-0.032768079757057804,0.032485096029702655,präfektur+en aus+ge+lös+t,5.804829916818416
-6.023584064078505,0.0506961577696492,-0.37399897845291546,-0.020880022179120095,0.0036699890240531295,anzeige+n ein,5.248511306455016
-7.4105384625247925,0.745789671975257,-0.04816475936538603,-0.03079339511096844,-0.009419667961186554,ViralPress20.04.2026,3.7023996934288625
-7.4105384625247925,0.745789671975257,-0.04816475936538603,-0.03079339511096844,-0.009419667961186554,quelle viralpress20.04.2026,3.7023996934288625
-7.595446837595423,0.8379863992980348,0.005950520437022492,-0.029538779610701546,-0.016613593641240328,12:36,3.496648788101171
-7.595446837595423,0.8379863992980348,0.005950520437022492,-0.029538779610701546,-0.016613593641240328,viralpress20.04.2026 12:36,3.496648788101171
-7.6326689117839805,0.856513645834561,0.017253931331206503,-0.029341157098883887,-0.018005448710180526,12:36 uhr,3.4552512257857035
-6.079806513480736,0.07891200642093255,-0.36294604043748185,-0.021031993283599795,0.0029207295916223557,3-Meter-Wellen,5.185787607001388
-6.079806513480736,0.07891200642093255,-0.36294604043748185,-0.021031993283599795,0.0029207295916223557,tsunami 3-meter-well+en,5.185787607001388
-6.800271826109178,0.4403759684540316,-0.20689639513284885,-0.02309654501507857,-0.007892804476811247,3-meter-well+en stark+es,4.3822802668057355
-7.1225706232684125,0.6018315831940129,-0.12677259209983788,-0.024088242413520495,-0.013616482964457603,montag nordost+küste,4.023097650501866
-3.6859285090303455,-1.120426736395808,-0.7366604203529551,-0.015583892092092143,0.026991804165215308,erschütter+t tsunami-warnung,7.857067079181015
-6.255229775060142,0.1657594303086043,-0.32595258207896655,-0.05371042968550832,0.055901091476899575,tsunami-warnung aus+ge+lös+t,4.990561406142881
-7.200735846737434,0.6409164239159915,-0.10579088851634083,-0.03283264148838293,-0.0005510879678668167,inzwischen erst+e,3.9360226067579536
-7.285343099921877,0.6832382244468049,-0.08300659786051673,-0.031925177388753695,-0.0042313424550057335,erst+e flut+welle,3.8417896778565175
-7.439584338220199,0.7602881349032073,-0.03988014762974337,-0.030564691637752887,-0.010583938754491352,Lan…,3.670069610865605
-7.439584338220199,0.7602881349032073,-0.03988014762974337,-0.030564691637752887,-0.010583938754491352,flut+welle lan…,3.670069610865605
-7.492569912872558,0.7867216768285676,-0.024564229000636987,-0.03017865852293108,-0.012673179247754962,+2268,3.611102391534007
-7.492569912872558,0.7867216768285676,-0.024564229000636987,-0.03017865852293108,-0.012673179247754962,lan… +2268,3.611102391534007
-7.539788526693499,0.810261321852437,-0.01068849023616231,-0.02986746153645193,-0.014499751156356225,+2268 chars,3.558563941337461
-6.401595341760048,0.24039948566176417,-0.2967429181438421,-0.021927219059198533,-0.0016132064507222987,"7,5 nordjapan",4.826836491253488
3.492239417385754,-4.684506691448101,-1.3137620949153535,-0.006348042017468435,0.057779339316869134,Mini-Tsunami,15.861297546298633
-5.258243776751126,-0.3332657651064266,-0.5114669985158012,-0.018937140450931783,0.012802872496259112,nordjapan mini-tsunami,6.102492448417568
-6.079806513480736,0.07891200642093255,-0.36294604043748185,-0.021031993283599795,0.0029207295916223557,mini-tsunami erschütterung+en,5.185787607001388
-6.44003324327184,0.17060738088848826,1.3204482246847462,-0.0346350986762172,-0.04283413148664499,erschütterung+en tokio,4.847025878466299
-2.1786173108641336,-1.8725235860170764,-0.9041718106588669,-0.01298669490633073,0.03686252341615044,erschütter+t mini-tsunami,9.53874242854884
-2.979767176618278,-1.4730794335924142,-0.819837784085705,-0.014303660900118486,0.03197157423368904,mini-tsunami aus+ge+lös+t,8.644976455828814
-7.5628785293008125,0.8217452686220821,-0.0040192341362744015,-0.02549618171565583,-0.022616129075445926,jma stärke,3.5328923208912313
-7.577635578292448,0.8278304810981896,0.0012939874331152346,0.07058049677252547,-0.006997503693799097,Zentrum,3.517008658441477
-7.672964202109741,0.876534024737126,0.029501484650301592,-0.025853725065189258,-0.02512343535643942,"7,5 zentrum",3.410459412358655
-7.713316550231232,0.8965905621566514,0.04210761585256445,-0.02598488998574586,-0.026072000251224553,zentrum lieg,3.3655975993037393
-7.242097878346034,0.5012479487716319,1.4901272822840153,-0.015565413702146294,-0.025945455330709945,nördlich,3.9837834220173023
-7.73194332074338,0.9058434689993153,0.047986468912948464,-0.026045423554145863,-0.026515424808776514,lieg nördlich,3.344892457212762
-7.24883886286996,0.47013471686468256,1.5757553003607245,-0.014068037104586277,-0.02430678780816819,nördlich präfektur,3.9925744091916253
-7.232147939923978,0.4254877464043494,1.6565245173878265,-0.012426862416199379,-0.02205906575307278,präfektur iwate,4.028276070745347
-7.190025026931349,0.35762394387685204,1.749287617236546,-0.010262815656737525,-0.018666293270019063,iwate pazifik,4.0971639286115815
-3.341358323103255,-1.292571349690443,-0.7783896466371372,-0.014944055867046021,0.029508773913911993,dadurch,8.241538427333008
-5.70576740603621,-0.10878796093684828,-0.4338763851481951,-0.02004525801022886,0.0076904947957639365,der dadurch,5.603111555749456
-6.365635410264673,0.2223548481374258,-0.304402520200878,-0.021825016564402906,-0.0010845954714114453,verursachte,4.86694460710377
-7.877640647969654,0.9780908913700233,0.09533378283192072,-0.026517644022095298,-0.030111586243558336,dadurch verursach+te,3.183015132256591
-7.8402371555662365,0.9595667184118759,0.0829415954703366,-0.026396744290736476,-0.029166058173216103,Mi…,3.2245585839994124
-7.8402371555662365,0.9595667184118759,0.0829415954703366,-0.026396744290736476,-0.029166058173216103,verursach+te mi…,3.2245585839994124
-7.826737933918553,0.9528770521244432,0.07851023456571618,-0.026353039418641984,-0.028828688717120174,mi… kopier+e,3.239554389557082
-7.348817744213147,0.7149598896315481,-0.06581617900372942,-0.02480568130252473,-0.018050130834547,Wetterb…,3.771122848773568
-7.348817744213147,0.7149598896315481,-0.06581617900372942,-0.02480568130252473,-0.018050130834547,zuständig+en wetterb…,3.771122848773568
-7.450723193976275,0.7658321093764375,-0.03692979350158561,-0.025133313307353418,-0.020175447717400243,+1774,3.6576872437363703
-7.450723193976275,0.7658321093764375,-0.03692979350158561,-0.025133313307353418,-0.020175447717400243,wetterb… +1774,3.6576872437363703
-7.502403587473816,0.7916072467476316,-0.021914982444572465,-0.025300275740173118,-0.021286399982181667,+1774 char+s,3.600175622731439
-8.32478385171818,0.8886462007820675,1.7479962222171177,-0.11982289366042749,0.14406741025526806,nach beben,2.844378143941976
-8.301185829687025,0.8592144140018467,1.7788834585176618,-0.12176429289842772,0.15055498819411875,beben pazifik,2.8789014953776966
-8.336379525930784,0.9030316571197736,1.732482523777609,-0.1187815890175092,0.1407426875319567,mega-erdstoß nach,2.8274425811776456
-8.376477882336495,0.9849608747486656,1.5986012531090903,-0.1387371890098198,0.16534457628615606,erdbeben+s hoch+er,2.7535863392019184
-8.373526785217733,0.9746167015101532,1.6204224143079986,-0.1339692268799815,0.15843629767930273,gewöhnlich,2.7610905505694268
-8.373526785217733,0.9746167015101532,1.6204224143079986,-0.1339692268799815,0.15843629767930273,hoch+er gewöhnlich,2.7610905505694268
-8.36690182141828,0.9580223916955213,1.651048341643906,-0.12835719859213385,0.15079966897202868,erklärte,2.7747594949292647
-8.36690182141828,0.9580223916955213,1.651048341643906,-0.12835719859213385,0.15079966897202868,gewöhnlich erklär+te,2.7747594949292647
-8.35679605784088,0.937192743618686,1.6850261811938363,-0.12323688898544037,0.14447114746604825,erklär+te japanisch+e,2.7934559489247555
-8.137116954371692,0.6213223468424736,2.0123652438296746,-0.11010437602713959,0.15742114185698705,Wetterdienst,3.1337708840858185
-8.345004201173673,0.9153873958818246,1.7172398407517093,-0.11917129412415552,0.14003965835342264,japanisch+e wetter+dienst,2.8140658039902
-8.309488257912646,0.8695923595607569,1.768119478175425,-0.12110798861263371,0.14831445547049044,wetter+dienst kopier+e,2.8667466823593166
-7.947329488679486,0.407078782861074,2.1481279062115917,-0.13071043633730148,0.21507431010717332,hin+zu+füg+en nach,3.399927489587196
-8.31329523801909,0.9541359817084476,1.5718897001284975,-0.18009558388670005,0.23828759105990796,Wahr…,2.8233752438011535
-8.31329523801909,0.9541359817084476,1.5718897001284975,-0.18009558388670005,0.23828759105990796,die wahr…,2.8233752438011535
-8.331702456690625,0.9690834137019906,1.5636420061817788,-0.17273083336772005,0.22429658835384148,+1210,2.800189931933692
-8.331702456690625,0.9690834137019906,1.5636420061817788,-0.17273083336772005,0.22429658835384148,wahr… +1210,2.800189931933692
-8.345649516732522,0.9805938156629361,1.556588815038001,-0.1672530892815642,0.21384791858971408,+1210 chars,2.7825296338616194
-6.102967870735538,-0.05311027075051067,1.5157964778186654,-0.012603041358687065,-0.012668901851705501,Sorge,5.25083252146793
-6.452892263927108,0.2661388917999936,-0.28569610556319247,-0.02207395421476221,-0.002377440398653563,sorge hoch+en,4.769624590876932
-5.343562690856444,-0.29035475358966556,-0.4970189401163274,0.0008832137455535119,0.0163471116024895,hoch+en flut+welle+n,6.007222917759969
-3.6859285090303455,-1.120426736395808,-0.7366604203529551,-0.015583892092092143,0.026991804165215308,flut+welle+n tsunami-warnung,7.857067079181015
-5.106700586396994,-0.40937255963386665,-0.5357204869700645,-0.02786066350861347,0.03036703253212049,schwer+em beb+en,6.27164539183701
-7.081022197905587,0.5809734999325038,-0.1370410804770742,-0.03433019383989018,0.004931213320976815,beb+en japan+s,4.069396959162757
-7.2618347756755925,0.6714933167964876,-0.08975112515880908,-0.024528060218853363,-0.01630098649468622,pazifik warn+en,3.8679777477839408
-6.401595341760048,0.24039948566176417,-0.2967429181438421,-0.021927219059198533,-0.0016132064507222987,japan drei,4.826836491253488
-3.3364543917269396,-1.2980344037880216,-0.7776458989982297,0.1019168723117982,0.04967175943854063,Viele,8.248301793014816
-6.628673055537386,0.35432465069457875,-0.24672305432984476,-0.022585156747306094,-0.005091226441202135,Fischer,4.573599003644827
-6.628673055537386,0.35432465069457875,-0.24672305432984476,-0.022585156747306094,-0.005091226441202135,viel+e fischer,4.573599003644827
-6.885187781659115,0.4829396697169137,-0.1864896719696549,-0.0233539975466472,-0.009339445672382422,fliehen,4.287624826643995
-6.885187781659115,0.4829396697169137,-0.1864896719696549,-0.0233539975466472,-0.009339445672382422,fischer flieh+en,4.287624826643995
-6.628673055537386,0.35432465069457875,-0.24672305432984476,-0.022585156747306094,-0.005091226441202135,aufs,4.573599003644827
-6.628673055537386,0.35432465069457875,-0.24672305432984476,-0.022585156747306094,-0.005091226441202135,flieh+en auf,4.573599003644827
-6.401595341760048,0.24039948566176417,-0.2967429181438421,-0.021927219059198533,-0.0016132064507222987,auf offen+e,4.826836491253488
-5.907161573858059,-0.007729970283304688,-0.3964344024483993,-0.020569471191187648,0.005184051495820723,offen+e meer,5.378402402003857
-3.6859285090303455,-1.120426736395808,-0.7366604203529551,-0.015583892092092143,0.026991804165215308,vor tsunami-well+en,7.857067079181015
-6.500936667105192,0.2902446048101752,-0.2752186555744107,-0.02221239001511564,-0.003104317456967716,Höhen,4.716042989165095
-6.500936667105192,0.2902446048101752,-0.2752186555744107,-0.02221239001511564,-0.003104317456967716,tsunami-well+en höhe+n,4.716042989165095
-7.026406639948027,0.553687895918588,-0.15145695030085116,-0.02378831548535329,-0.011840626923706035,höhe+n drei,4.130241745811801
-7.3600674066047045,0.7205787052728205,-0.06267295848401654,-0.024841731843007774,-0.018280631416932716,meter+n japanisch+en,3.758598382731782
-3.578942101942741,-1.173892521598244,-0.7498498156679881,-0.015667555679642765,0.028283614604831864,frühen,7.976445326471013
-7.569857944761686,0.8252217707274105,-0.0019307148113922833,-0.02551882120084374,-0.02277171453092739,behörde+n früh+en,3.525128262251367
-7.615619201514658,0.848006386657987,0.011884454449658305,-0.025667376108736612,-0.023802997241097072,früh+en montag,3.4742283929285422
-7.6566382628487215,0.8684152110611363,0.02445082210793543,-0.02580065968412967,-0.024744260538275005,montag abend,3.4286124267561298
-7.740907488590203,0.9102952203976076,0.05082934387256929,-0.026074549456427572,-0.02673009770120119,abend schwer+en,3.334928814642447
-7.850006110820357,0.9644064661667895,0.0861619346062503,-0.026428350141605095,-0.02941147564849375,pazifik ge+warn+t,3.2137073954136026
-7.886338305706884,0.9823959309428674,0.09823970580868747,-0.02654570989024048,-0.030333754778602985,eindringlichen,3.173356248070886
-7.926471913543747,1.0022478871032783,0.11176958115028485,-0.026674935484508045,-0.03137040374211938,Worten,3.1287946949185805
-7.926471913543747,1.0022478871032783,0.11176958115028485,-0.026674935484508045,-0.03137040374211938,eindringlich+en wort+en,3.1287946949185805
-7.943507662044404,1.0106679750854226,0.11757376476456902,-0.026729631724689902,-0.03181625072424091,berichteten,3.1098832043854263
-7.943507662044404,1.0106679750854226,0.11757376476456902,-0.026729631724689902,-0.03181625072424091,wort+en bericht+eten,3.1098832043854263
-7.979053220590151,1.028223422458178,0.1298040873555162,-0.026843403353400644,-0.03275796279344266,Spr…,3.070431502083683
-7.979053220590151,1.028223422458178,0.1298040873555162,-0.026843403353400644,-0.03275796279344266,bericht+eten spr…,3.070431502083683
-7.991310343882115,1.0342727231613664,0.1340595542632907,-0.026882512037198623,-0.03308634199583839,+1989,3.056829899290765
-7.991310343882115,1.0342727231613664,0.1340595542632907,-0.026882512037198623,-0.03308634199583839,spr… +1989,3.056829899290765
-8.00304751757951,1.0400632672298733,0.13815307270416197,-0.026919896989120774,-0.03340257439948169,+1989 char+s,3.0438065003215677
-6.401595341760048,0.24039948566176417,-0.2967429181438421,-0.021927219059198533,-0.0016132064507222987,inzwischen,4.826836491253488
-6.401595341760048,0.24039948566176417,-0.2967429181438421,-0.021927219059198533,-0.0016132064507222987,tsunami inzwischen,4.826836491253488
-7.005070769363071,0.543002389701345,-0.15684073189422124,-0.023722218482670886,-0.011454789769224843,inzwischen auf+ge+heb+en,4.154016889802433
-7.219386255282597,0.6502684048437422,-0.10120087892367977,-0.02439335813533008,-0.015468026814173419,Japanische,3.9152529947167336
-7.3600674066047045,0.7205787052728205,-0.06267295848401654,-0.024841731843007774,-0.018280631416932716,japanisch+e behörde+n,3.758598382731782
-7.450723193976275,0.7658321093764375,-0.03692979350158561,-0.025133313307353418,-0.020175447717400243,mahnen,3.6576872437363703
-7.450723193976275,0.7658321093764375,-0.03692979350158561,-0.025133313307353418,-0.020175447717400243,behörde+n mahn+en,3.6576872437363703
-7.583469855411273,0.832000895594712,0.0021565367991922754,-0.025562989681364435,-0.023076439217065432,mahn+en vorsicht,3.509986751620782
-7.809047023907526,0.9441069503263098,0.07273536264870133,-0.02629571574877215,-0.028389621457825157,"7,7 norden",3.259208490486957
-7.846782499976747,0.9628095476172303,0.08509801108602535,-0.02641792282174414,-0.029330372633930568,norden nordosten,3.217288052631374
-7.941133589529675,1.0094948087143678,0.11676269335587776,-0.026722015524409858,-0.031753907383489516,der stärke,3.1125185372463706
-7.9662362327572565,1.0218954117896237,0.12537525401141084,-0.02680243844676214,-0.03241659870133153,stärke erd+stoß+e,3.084655750227621
-7.985249173370551,1.0312816157356257,0.13195275194405012,-0.026863181123323896,-0.03292372124441202,erd+stoß+e werd+e,3.0635557559719837
-8.012457408490945,1.0447041016012222,0.14144813944072285,-0.026949821092297106,-0.03365737481355877,werd+e japanisch+en,3.0333662974243745
-8.033781009392733,1.0552154202756214,0.1489590239253319,-0.02701746343471577,-0.03423901099476217,japanisch+en meteorologie+behörde,3.009710869107594
-8.067366839539158,1.0717561572761205,0.16091475649298645,-0.0271234863157878,-0.035167258685646574,meteorologie+behörde jma,2.972460832727447
-7.94989530984235,1.0100060377767963,0.12103261554034324,0.11615117920844231,-0.008284962434039145,vorläufig,3.1044286074095138
-8.074751449091792,1.0753904414608395,0.1635644228419503,-0.027146705656573154,-0.035373381607083934,jma vorläufig,2.964272008836853
-8.094332714790987,1.0850225821605073,0.1706274165578043,-0.027208100916026226,-0.0359235414063894,"vorläufig 7,4",2.9425608587601877
-8.09965170480077,1.0876378394623283,0.17255535140514608,-0.027224732707876516,-0.0360738957056497,angegeben,2.9366639753867148
-8.09965170480077,1.0876378394623283,0.17255535140514608,-0.027224732707876516,-0.0360738957056497,"7,4 an+ge+geb+en",2.9366639753867148
-8.117393580270837,1.096357470236293,0.17901535210978017,-0.02728006142414731,-0.03657826112903859,an+ge+geb+en spät+er,2.9169965804653355
-8.125790640102911,1.1004823416854432,0.18208861205634935,-0.0273061656031326,-0.03681851403565287,hochges…,2.907689326773512
-8.125790640102911,1.1004823416854432,0.18208861205634935,-0.0273061656031326,-0.03681851403565287,spät+er hochges…,2.907689326773512
-8.137285186205608,1.10612660896401,0.18631214233445037,-0.02734180930085843,-0.037149014187343156,+1754,2.894950042079315
-8.137285186205608,1.10612660896401,0.18631214233445037,-0.02734180930085843,-0.037149014187343156,hochges… +1754,2.894950042079315
-8.143916387995796,1.1093816248892372,0.18875748671688264,-0.02736232349021765,-0.03734053961411838,+1754 char+s,2.8876013926403417
-7.60306734607056,0.8417584588483638,0.008073918252565412,-0.02562661119708942,-0.023518178783387994,man fukushima,3.488188666880624
-7.494202839416302,0.7875183758403066,-0.024314454772969212,-0.025273750990700766,-0.021108574152992145,gelernt,3.6093009076325018
-7.494202839416302,0.7875183758403066,-0.024314454772969212,-0.025273750990700766,-0.021108574152992145,fukushima ge+lern+t,3.6093009076325018
-7.412612855220665,0.7468140986383198,-0.04784257438280344,-0.025010517321366266,-0.01937068927410776,ge+lern+t ein,3.700104835968763
-5.212457712718629,-0.35622338210675064,-0.5190063629996268,-0.01882800992154905,0.013293699649291271,"7,5 japan+s",6.153586344572506
-4.829140371385185,-0.548347191121235,-0.5795161348151214,-0.017943572722946804,0.01719432217047337,japan+s nordost+küste,6.581347402594781
-3.535162216182357,-1.1957645861167872,-0.7552008255623449,-0.015300236587582115,0.028114663880798897,nordost+küste lös+te,8.025294826451386
0.7113585639317108,-3.3084841394014393,-1.1447108099452614,-0.009137137654907713,0.04980411396734449,lös+te tsunami-warnung,12.761624849646967
-4.913181194315975,-0.509601487107727,-0.5648047561430627,0.10545948032809317,0.053416681590457045,Nachbeben,6.488989486899487
-5.85249423704723,-0.03528015119408723,-0.4062994663639847,-0.030355716563147686,0.022935132279986704,möglich+en nachbeben,5.43943142460728
-6.177815712381123,0.12804732086334347,-0.34298516618702873,-0.028579163352039635,0.014077690938101508,der risiko,5.076461263907363
-6.2921973420736705,0.18546550303441478,-0.31953315780592667,-0.028088659484137638,0.011078899564190324,weiterer,4.948863544658117
-6.2921973420736705,0.18546550303441478,-0.31953315780592667,-0.028088659484137638,0.011078899564190324,risiko weit+er+er,4.948863544658117
-6.4929183329189195,0.2862055683654048,-0.27673506515097696,-0.027385091072411372,0.00592758914429568,stärkerer,4.724983802096293
-6.4929183329189195,0.2862055683654048,-0.27673506515097696,-0.027385091072411372,0.00592758914429568,weit+er+er stark+er+er,4.724983802096293
-6.602063014192816,0.34096880862843726,-0.2525255586139295,-0.027082649624543396,0.003173494333451255,stark+er+er beb+en,4.60326719984781
3.658935284958499,-4.766866084250491,-1.3224679202086214,-0.007125100085465099,0.059758390897678496,bleibt,16.047068289080677
-6.660362868963015,0.37021468526093093,-0.2393074561526667,-0.026943280320925602,0.0017127982256289302,beb+en bleib+t,4.538258998900373
-6.722703641648759,0.40148215819989685,-0.22494413975773017,-0.02681089254906988,0.0001573265293947218,bestehen,4.468750787515631
-6.722703641648759,0.40148215819989685,-0.22494413975773017,-0.02681089254906988,0.0001573265293947218,bleib+t besteh+en,4.468750787515631
-6.7636629120375265,0.422026040075983,-0.21546642300222207,-0.024757614823445417,-0.004247390921674192,besteh+en sag+t,4.423087370766417
-7.70850684038872,0.8942007741480817,0.04059579341333196,-0.025969257286024176,-0.025958077371685408,WELT-Wisschaftsredakteur,3.3709443104826553
-7.70850684038872,0.8942007741480817,0.04059579341333196,-0.025969257286024176,-0.025958077371685408,sag+t welt-wisschaftsredakteur,3.3709443104826553
-7.5628785293008125,0.8217452686220821,-0.0040192341362744015,-0.02549618171565583,-0.022616129075445926,Louis,3.5328923208912313
-7.5628785293008125,0.8217452686220821,-0.0040192341362744015,-0.02549618171565583,-0.022616129075445926,welt-wisschaftsredakteur louis,3.5328923208912313
-7.518351057765447,0.7995572901419703,-0.01723038792747433,-0.025351887011058113,-0.021633893464869422,Polczynski,3.582431125760644
-7.518351057765447,0.7995572901419703,-0.01723038792747433,-0.025351887011058113,-0.021633893464869422,louis polczynski,3.582431125760644
-7.78974110470948,0.9345541746980139,0.06658875207272916,-0.02869017915390282,-0.02371569759175366,WELT-Wissc…,3.280645684717113
-7.78974110470948,0.9345541746980139,0.06658875207272916,-0.02869017915390282,-0.02371569759175366,sag+t welt-wissc…,3.280645684717113
-7.836382632798683,0.9576778316381032,0.0817744984488279,-0.028550034142511553,-0.025369276066194206,+91,3.2288276554743875
-7.836382632798683,0.9576778316381032,0.0817744984488279,-0.028550034142511553,-0.025369276066194206,welt-wissc… +91,3.2288276554743875
-7.849499222839213,0.9641760979740055,0.08609139048199117,-0.028514727143355706,-0.025831483726061977,+91 chars,3.2142580318779803
-7.005070769363071,0.543002389701345,-0.15684073189422124,-0.023722218482670886,-0.011454789769224843,Trügerische,4.154016889802433
-6.66662371334122,0.37335939617868963,-0.23807181813572625,-0.022697215148062028,-0.005697351361388617,Börsenparty,4.531283074563293
-6.66662371334122,0.37335939617868963,-0.23807181813572625,-0.022697215148062028,-0.005697351361388617,trügerisch+e börse+n+party,4.531283074563293
-5.907161573858059,-0.007729970283304688,-0.3964344024483993,-0.020569471191187648,0.005184051495820723,börse+n+party der,5.378402402003857
-2.483839824947969,-1.72042148155789,-0.8731748621186144,-0.013472843780901442,0.03508411636279739,wahre,9.198251852848825
-2.483839824947969,-1.72042148155789,-0.8731748621186144,-0.013472843780901442,0.03508411636279739,der wahr+e,9.198251852848825
0.7113585639317108,-3.3084841394014393,-1.1447108099452614,-0.009137137654907713,0.04980411396734449,wahr+e tsunami,12.761624849646967
-5.694873862585679,-0.11425371903939263,-0.43585439138785553,-0.020017365505524326,0.007822196767071809,tsunami komm+t,5.615266712236061
-6.223914832039437,0.15123452519600722,-0.33393547045087657,-0.02142753310139086,0.0009436609889512081,komm+t erst,5.025025739791974
-6.702600792635051,0.39140247924379823,-0.22978957738485917,-0.02280399475125825,-0.00627889144583179,erst der,4.491169753044911
-6.829849693651472,0.4552033750114297,-0.19984260701934695,-0.023185896717516058,-0.008391994631312863,der aktuell+e,4.349308397722342
-7.046985923499661,0.5639932134972439,-0.1462325402511208,-0.02385222528423855,-0.012215550433975292,Erholung,4.107310726317056
-7.046985923499661,0.5639932134972439,-0.1462325402511208,-0.02385222528423855,-0.012215550433975292,aktuell+e erholung,4.107310726317056
-7.1046091679928045,0.5928416471848521,-0.1314361288230022,-0.024031977214932856,-0.013280117464963125,Börsenmärkten,4.043108141632757
-7.1046091679928045,0.5928416471848521,-0.1314361288230022,-0.024031977214932856,-0.013280117464963125,erholung börse+n+markt+en,4.043108141632757
-6.628673055537386,0.35432465069457875,-0.24672305432984476,-0.022585156747306094,-0.005091226441202135,trügerisch,4.573599003644827
-6.628673055537386,0.35432465069457875,-0.24672305432984476,-0.022585156747306094,-0.005091226441202135,börse+n+markt+en trügerisch,4.573599003644827
-6.401595341760048,0.24039948566176417,-0.2967429181438421,-0.021927219059198533,-0.0016132064507222987,tsunami unterwegs,4.826836491253488
-6.9360187970204645,0.5084109673532478,-0.1740411477158239,-0.023509458334985224,-0.010225648448121155,Aktienmärkte,4.230970562474075
-6.9360187970204645,0.5084109673532478,-0.1740411477158239,-0.023509458334985224,-0.010225648448121155,der aktie+n+markt+e,4.230970562474075
-7.189026307559526,0.6350832754908113,-0.1092998894960702,-0.024297354088197616,-0.014880300883474057,feiern,3.9490685325272112
-7.189026307559526,0.6350832754908113,-0.1092998894960702,-0.024297354088197616,-0.014880300883474057,aktie+n+markt+e feier+n,3.9490685325272112
-7.288284957417943,0.6847147154019153,-0.08254099781970745,-0.024612261133100662,-0.016826769492119288,feier+n aktuell,3.8385229241385037
-7.381797859743785,0.7314303724993203,-0.05656970585911196,-0.024911456253208116,-0.018728729143058495,aktuell neu+e,3.7344067821695512
-7.432068043166991,0.7565238258887022,-0.042288319874836236,-0.025073166966101342,-0.019780003923994448,Höchststände,3.6784500737357497
-7.432068043166991,0.7565238258887022,-0.042288319874836236,-0.025073166966101342,-0.019780003923994448,neu+e höchststand+e,3.6784500737357497
-7.621749234246966,0.8510572580259077,0.013751311342094986,-0.02568728875033382,-0.023942637778186115,kollektives,3.4674108171427873
-7.6886138857939414,0.8843142738485195,0.03436961137077145,-0.025904595574446534,-0.025489376372064693,Aufatmen,3.3930597333748627
-7.6886138857939414,0.8843142738485195,0.03436961137077145,-0.025904595574446534,-0.025489376372064693,kollektiv+es auf+atm+en,3.3930597333748627
-7.091652085554209,0.5863557759848079,-0.1347850269912411,-0.023991457205774697,-0.013038819611651244,wäre,4.057543897550793
-7.749651678528721,0.9146369435800505,0.05361107883509601,-0.02610295576535506,-0.026940307497730694,auf+atm+en sei,3.3252101512092787
-7.786506551204658,0.9329276077228075,0.06543019815638544,-0.026222610854049443,-0.027835153525502733,Krise,3.284253361581154
-7.786506551204658,0.9329276077228075,0.06543019815638544,-0.026222610854049443,-0.027835153525502733,sei krise,3.284253361581154
-7.819774373888252,0.9494253619822868,0.07623273061261415,-0.02633048158218728,-0.02865544941107312,Persischen,3.2472904533925346
-7.819774373888252,0.9494253619822868,0.07623273061261415,-0.02633048158218728,-0.02865544941107312,krise persisch+en,3.2472904533925346
-7.856357923861104,0.9675526711833264,0.08826193574606346,-0.026448889739805765,-0.029571625396507317,Golf,3.2066522737921606
-7.856357923861104,0.9675526711833264,0.08826193574606346,-0.026448889739805765,-0.029571625396507317,persisch+en golf,3.2066522737921606
-7.889184261364312,0.983804370416268,0.09919256367941495,-0.026554888974703185,-0.03040664123814897,golf mehr,3.1701958926589593
-7.923956129923875,1.0010040964724047,0.11091554954686578,-0.026666849654633357,-0.03130485913486933,kurzes,3.1315876779965404
-7.923956129923875,1.0010040964724047,0.11091554954686578,-0.026666849654633357,-0.03130485913486933,mehr kurz+es,3.1315876779965404
-7.941133589529675,1.0094948087143678,0.11676269335587776,-0.026722015524409858,-0.031753907383489516,Gewitter,3.1125185372463706
-7.941133589529675,1.0094948087143678,0.11676269335587776,-0.026722015524409858,-0.031753907383489516,kurz+es gewitter,3.1125185372463706
-7.972717370973873,1.0250955864225177,0.12761209965292705,-0.02682316175494289,-0.03258895945438696,rasch,3.077462832314894
-7.972717370973873,1.0250955864225177,0.12761209965292705,-0.02682316175494289,-0.03258895945438696,gewitter rasch,3.077462832314894
-7.985249173370551,1.0312816157356257,0.13195275194405012,-0.026863181123323896,-0.03292372124441202,abgezogen,3.0635557559719837
-7.985249173370551,1.0312816157356257,0.13195275194405012,-0.026863181123323896,-0.03292372124441202,rasch ab+ge+zieh+en,3.0635557559719837
-8.02333243299446,1.0500657799914532,0.14527102302818817,-0.02698434864788592,-0.0339532701475906,wer,3.0213015265375227
-8.02333243299446,1.0500657799914532,0.14527102302818817,-0.02698434864788592,-0.0339532701475906,doch wer,3.0213015265375227
-8.0405234274421,1.0585375149015075,0.15134674293207545,-0.027038800444729054,-0.034424157765070566,gl…,3.002232004588361
-8.0405234274421,1.0585375149015075,0.15134674293207545,-0.027038800444729054,-0.034424157765070566,wer gl…,3.002232004588361
-8.048713480874206,1.0625718716346348,0.15425547164208236,-0.02706468389392421,-0.034649863678924,+4552,2.993147954839048
-8.048713480874206,1.0625718716346348,0.15425547164208236,-0.02706468389392421,-0.034649863678924,gl… +4552,2.993147954839048
-8.058210472023944,1.067248609203814,0.15763990361027236,-0.027094648429881327,-0.034912703008908676,+4552 chars,2.98261509806192
-8.418405911220518,0.8544409744205936,1.8860200439702415,-0.009184881161000283,-0.03678791593464927,Kann,2.7773840943527626
-8.29733262722704,0.6736075998823419,2.0469174841083495,-0.0035119316392874527,-0.025486278751025077,könn japan,2.9675863592948124
-8.242321549623844,0.59341356192088,2.107865808425625,-0.0010475921635148965,-0.02042474225386079,reisen,3.0529652013950463
-8.242321549623844,0.59341356192088,2.107865808425625,-0.0010475921635148965,-0.02042474225386079,japan reis+en,3.0529652013950463
-8.100217066551185,0.392263018676011,2.240496582277328,0.0050006100944700125,-0.007717720164770778,wächst,3.2705234796259592
-8.100217066551185,0.392263018676011,2.240496582277328,0.0050006100944700125,-0.007717720164770778,see+beben wachs+t,3.2705234796259592
-8.262832089334758,0.6231623914759734,2.0858783536556977,-0.0019581642936884083,-0.02230397859973303,wachs+t sorge,3.021209161242804
-8.368981015552501,0.7799429475009723,1.9568481567218787,-0.006827925732769693,-0.03216034046850859,sorge möglich+en,2.855401973825542
-7.738225274008463,0.6578868721149567,1.6735886947656253,-0.013258251123299552,-0.02961441232361326,Mega-Erdbeben,3.471860155883561
-8.408640528688181,0.8396541813225942,1.9006598960042227,-0.008714799256434015,-0.035873770657980995,möglich+en mega-erdbebe+n,2.7928380169190983
-8.448454484112197,0.9001270366044114,1.8387553756040513,-0.010644462492842293,-0.03959522711961142,mega-erdbebe+n wie,2.7297169599761912
-8.07827510913131,0.4815897095392987,2.138257073823245,-0.041722796387905686,-0.07090583286133456,groß,3.249698339535191
-8.07827510913131,0.4815897095392987,2.138257073823245,-0.041722796387905686,-0.07090583286133456,wie groß,3.249698339535191
-8.12414306051619,0.5449616730754376,2.0936292037817976,-0.04361134612320889,-0.07481549055750195,groß gefahr,3.180126016602809
-8.172662684613847,0.6128384492001151,2.042396377117806,-0.045654804391095885,-0.07899624489501969,gewaltigeren,3.1061043067252583
-8.172662684613847,0.6128384492001151,2.042396377117806,-0.045654804391095885,-0.07899624489501969,gefahr gewaltig+er+en,3.1061043067252583
-7.008860333707557,-0.09024928665770204,2.1682447632472317,-0.10272291485956682,0.5417964869088022,Erdstoßes,4.460862972558648
-8.191109160370505,0.6388670684286872,2.0217003283260184,-0.046444153633181884,-0.08059586718144454,gewaltig+er+en erd+stoß+es,3.0778468126869507
-8.167001049315266,0.6048740583194714,2.048607770052697,-0.04541391466187502,-0.07850630886257487,erd+stoß+es pazifik,3.1147644181884147
-8.505765597492996,0.9878816995081123,1.7379426403139158,-0.013479271934072138,-0.044892313983607914,pazifik wirklich,2.6383720029927016
-8.475757107787182,0.9418499480560478,1.792621944094607,-0.011987073534902633,-0.04213184146240124,wirklich lass+st,2.68626546397105
-8.059024357297371,0.45522461856927654,2.1560033200568136,-0.04094250489780684,-0.06927887041135242,daraus,3.2787818066821526
-8.059024357297371,0.45522461856927654,2.1560033200568136,-0.04094250489780684,-0.06927887041135242,lass+st daraus,3.2787818066821526
-7.940024255022429,0.29527111957713936,2.254780857595707,-0.03627549075550006,-0.05942535410104136,daraus region+en,3.4570806658870716
-7.809785356929633,0.12598363442638227,2.345658383774832,-0.03145811018207924,-0.049072427163996436,region+en welt,3.64944275420169
-7.735270769629528,0.031687892339155255,2.391387008940274,-0.028827595951894124,-0.04335647466033187,lernen,3.7582900014190344
-7.735270769629528,0.031687892339155255,2.391387008940274,-0.028827595951894124,-0.04335647466033187,welt lern+en,3.7582900014190344
-0.28046865646591,-4.149834249521369,2.855258219883928,0.0333820032710156,0.09256966842738257,schwer+es see+beben,12.296243906301239
-7.657956250898508,-0.0642980587930655,2.4349012333370337,-0.02618785981403864,-0.037582894630764786,see+beben nordost+küste,3.8703602371715817
-7.975805521989667,0.3428238948892486,2.226883218866902,-0.03765107653423625,-0.062349773360226006,japan+s montag,3.4037329276875345
-8.017735329429577,0.3991390053929458,2.1922909925968974,-0.03929307908225207,-0.06581925783022638,montag erschütterung+en,3.340931810422445
-8.127231572136722,0.5492567287537211,2.0904973873898784,-0.04374001356554076,-0.07508032173458298,erschütterung+en mehrere,3.1754272960189356
-8.497256783259006,0.9748152740971501,1.7539010112263684,-0.013054518979859308,-0.04411335302619145,hundert,2.651965106748358
-8.150138879124443,0.581222087883156,2.0667325046074527,-0.04470029930056035,-0.07705024570953328,mehrere hundert,3.140521487392031
-8.170306953166055,0.6095231728540469,2.0449887050436284,-0.045554494719844164,-0.07879232761566426,hundert kilo+meter,3.109708392408791
-8.19243963904769,0.6407490825569429,2.0201797221539524,-0.04650135257528688,-0.08071142680126084,entfernte,3.075806247792802
-8.19243963904769,0.6407490825569429,2.0201797221539524,-0.04650135257528688,-0.08071142680126084,kilo+meter entfern+t+e,3.075806247792802
-8.21182995694771,0.6682476427121431,1.9975742701708041,-0.04733902662365348,-0.08239807648016209,entfern+t+e haupt+stadt,3.0460298824291314
-8.239945769868996,0.7083485890662218,1.9632363631794445,-0.04856710945552274,-0.08485044578572318,tokio aus+ge+lös+t,3.002731379258505
-8.269650737020301,0.7509964631182797,1.9247651036390447,-0.049881762820349576,-0.08744646740139403,mindestens sechs,2.9568303275758576
-8.276744643191373,0.7612217896879836,1.9152181219264497,-0.050198292896099395,-0.08806665412025108,sechs mensch+en,2.945845529353841
-5.277562480562028,-0.3749907400610035,1.1718022031317386,0.2943362210466389,0.027583818556759173,mensch+en werd+en,6.128531791886044
-4.14161033998481,-0.8765483363118327,0.9849938738919186,0.18992261739946062,0.019119775445925077,werd+en verletz+t,7.3665681401206475
-8.585232609044304,1.1099473286362247,1.56816616145947,-0.017494352795972088,-0.051927791265114646,+1507,2.5110939734925872
-8.585232609044304,1.1099473286362247,1.56816616145947,-0.017494352795972088,-0.051927791265114646,verletz+t +1507,2.5110939734925872
-8.588246890377066,1.1145587411855462,1.5608686436800125,-0.017647766914938634,-0.05218254624840093,+1507 chars,2.5062613862624317
-7.52424004505761,-0.22613802694078355,2.502304545425705,-0.02182179407762654,-0.027962611908678166,japan see+beben,4.062251246721152
-8.043245632597557,0.4337170119174476,2.1701473376290537,-0.04030830963584892,-0.06795185969370404,see+beben wie,3.302569180900153
-8.155414861088728,0.5886114463171084,2.061120716436055,-0.044922965340033365,-0.07750531116787493,reißendes,3.132468112589255
-8.155414861088728,0.5886114463171084,2.061120716436055,-0.044922965340033365,-0.07750531116787493,wie reiß+end+es,3.132468112589255
-8.144692589464402,0.573604829336043,2.072470153520472,-0.044471033338642336,-0.07658100818581973,reiß+end+es stück,3.148829358176537
-8.06154751361634,0.45867241871014075,2.153708543211764,-0.04104436510774153,-0.06949162116390645,stück papier,3.274973774496028
-7.834716055150807,0.15793962568206155,2.329420269720596,-0.032358067430665265,-0.05101848395536605,papier ein,3.612833649182528
-8.155414861088728,0.5886114463171084,2.061120716436055,-0.044922965340033365,-0.07750531116787493,japan lös+t,3.132468112589255
-8.200491181852225,0.652151561852091,2.0108951267712984,-0.04684826202888925,-0.08141123597904543,lös+t erschütterung+en,3.063450516076304
-8.372004920206313,0.8997998611875568,1.7711206488701032,-0.054539856560373974,-0.09634743218795291,pazifik lass+st,2.7975444795185793
-8.40375906766422,0.9463648984593478,1.7152177215161706,-0.056020983389279626,-0.09905619053171852,Hundert,2.747829263529849
-8.493493609512957,1.0778181108931157,1.5280832896011158,-0.06026627719066044,-0.10635405899802144,+959,2.606958130274078
-8.493493609512957,1.0778181108931157,1.5280832896011158,-0.06026627719066044,-0.10635405899802144,verletz+t +959,2.606958130274078
-8.4960676246322,1.0815630928851703,1.5219432203890788,-0.06038867032189815,-0.10655151852466174,+959 chars,2.6029168543933077
-5.856420461437376,-0.2302958156572461,1.6570041979923962,-0.009573506227073841,-0.007363203045236737,Erst,5.552053650276068
-7.252800122123527,0.5031422302729722,1.4986532620756297,-0.01544901559654639,-0.025941983101139758,japan+s erst,3.9734565456226103
-5.658743041163707,-0.3487738282779751,1.707354845225153,-0.00819143707600206,-0.004396744980661553,erst vergeh+en+en,5.782336703446024
-5.113965532552079,-0.7506742352448503,1.9493535440302825,-0.0013504374462112107,0.0085389495725667,vergeh+en+en woche,6.451398219367494
-4.652321338655892,-1.008253312555802,2.0042243485803826,0.0008747506160154212,0.013854154737548927,woche schwer+es,6.979914422209218
-4.292188425222183,-1.1407006964845907,1.951080026063356,-0.0002544185464336332,0.013005521493682495,see+beben ereign+et,7.3609072467080345
-4.200442277815834,-0.9976939187517924,1.6041620409146709,-0.007952444803237544,0.0016578352282746595,weiter+e könn+ten,7.375881863167055
-3.913416793980309,-1.0887397122949811,1.4803547728016324,-0.009559178981002595,0.0005830257060165274,könn+ten folg+en,7.671977636648945
-3.426495040696275,-1.283052447750983,1.3504060652579057,-0.01065070967110301,0.0009299891690417936,Bisher,8.19287276291957
-2.692974810120747,-1.6038094353056511,1.2154570245422003,-0.011205389785542908,0.0025947520182580154,bisher werd+e,8.990713698553268
-4.892221146389282,-1.181123961722748,2.31324407887441,-0.00039968501390370847,0.05517639020395065,ein woche,6.844052589333178
-2.6673495991973226,-3.145944887253368,2.885846895398932,0.04331810199043088,0.12847160618621722,woche see+beben,9.711290919884501
-6.903331673578142,0.2928355588282816,1.604721225890628,-0.017239063016090232,-0.011371390148846396,Pazifik…,4.38117964765968
-6.903331673578142,0.2928355588282816,1.604721225890628,-0.017239063016090232,-0.011371390148846396,"7,7 pazifik…",4.38117964765968
-7.039892788327277,0.38323910964330543,1.54518553299159,-0.0180154942047185,-0.015510654876093412,+1868,4.217993935519185
-7.039892788327277,0.38323910964330543,1.54518553299159,-0.0180154942047185,-0.015510654876093412,pazifik… +1868,4.217993935519185
-7.1067489245551005,0.42623783358742484,1.517358414751989,-0.01834918865856942,-0.01747829542645976,+1868 char+s,4.138672624057702
-8.137379516517235,0.8592670101319064,1.5977333213534894,-0.06533106330468744,0.3091516067642027,Trotz,3.023300311505371
-8.106255610134232,0.8359834094670706,1.6061828815430348,-0.0777469025763638,0.3324150021494702,trotz neu+en,3.0615531872495687
-7.572656125453797,0.42742893703180207,1.804599108514833,-0.07199849716373152,0.5736162289582345,neu+en erd+stoß+es,3.7224696548911305
-7.9553987542544835,0.7281720829026626,1.6194873350575563,-0.14011949401155246,0.4483082301264804,erd+stoß+es japan,3.2443440595099213
-7.354070224051368,0.2690422385648117,1.814326107751047,-0.13862907884288447,0.7002119355835643,Mega-Beben,3.988187947237097
-7.354070224051368,0.2690422385648117,1.814326107751047,-0.13862907884288447,0.7002119355835643,warnung mega-bebe+n,3.988187947237097
-7.953535614985489,0.6428832769386126,1.8325190665019224,-0.07449489958513661,0.3468370926128167,mega-bebe+n nur,3.2865603196170636
-5.770228824604357,-0.6435603829332073,2.1887564398599246,-0.026616212695027664,0.21648982276714804,nur woche,5.817528956808208
-5.288066731865536,-1.1646051518931007,2.4471914590808943,0.00106927083292563,0.22157709857758612,woche schwer+en,6.482471017509619
-3.9497657393285115,-2.323337871902034,2.774129770419752,0.02960300403920847,0.26281377568450787,schwer+en see+beben,8.196811866736521
-7.791696076455204,0.3235132153180982,2.165752003109399,0.009406868835407896,0.24112760665020871,pazifik erdbeben,3.576612595251169
-5.918753805252706,-0.8149655938352836,2.40403261108816,0.01157410409825831,0.20720142135612496,nordjapanische,5.76190090142334
-7.832231214577764,0.38967378240826345,2.1143930942365974,-0.0017813641643492232,0.2526322174867748,"6,2 norden+japanisch+e",3.5104997997530805
-6.064571598431477,-0.6890426113240262,2.3571344501487803,0.0002100731912737847,0.2190033438384727,norden+japanisch+e insel,5.575063582388015
-5.7467717499354665,-0.832698664279961,2.3455374009152568,0.011194771079551255,0.3524901998778727,insel hokkaido,5.923287372339972
-7.892007262627814,0.5123623590527489,1.9945041810000226,-0.03538268121470755,0.29536893342961207,hokkaido ge+treff+en,3.40134899470792
-8.103112462045425,0.8528601839501435,1.5476728840717071,-0.09496793942303201,0.3597540417148973,heben,3.0561031331720807
-8.103112462045425,0.8528601839501435,1.5476728840717071,-0.09496793942303201,0.3597540417148973,behörde+n heb+en,3.0561031331720807
-8.023993268977597,0.8118651688802179,1.4952106604579272,-0.1425905074154278,0.44435154046034075,heb+en offiziell+e,3.1442626440955506
-7.998609306722958,0.804773195606783,1.4458412103938563,-0.16409771625156586,0.4815822138638763,trotzdem,3.1694004398198454
-7.998609306722958,0.804773195606783,1.4458412103938563,-0.16409771625156586,0.4815822138638763,warnung trotzdem,3.1694004398198454
-8.143474470942182,0.9035902247656995,1.4657442174778479,-0.09650641668959792,0.357366331682116,Ungeachtet,2.996434338166285
-8.22148249867828,0.956550224771946,1.4627830960464148,-0.05927261602587684,0.289157496439698,ungeachtet neu+en,2.9032000735184074
-8.213540896709072,0.961892271192007,1.4238269734774456,-0.07253488452238475,0.31108207294714546,erd+stoß+es japanisch+e,2.9073994192690624
-8.011112028035305,0.8371277661294176,1.322743056555286,-0.18359947296260076,0.5119968735868525,akute,3.1421467295505616
-8.011112028035305,0.8371277661294176,1.322743056555286,-0.18359947296260076,0.5119968735868525,regierung akut+e,3.1421467295505616
-7.772664223687992,0.6584343297910402,1.2430653221874521,-0.28226040347454595,0.6976359333813902,akut+e warnung,3.4331638340278845
-8.229193111210073,0.9889390545143932,1.3552384717568589,-0.08003225921713995,0.3212174728019489,mega-bebe+n auf+ge+heb+en,2.880475054558957
-8.282657786450624,1.0238060065279087,1.357665899587372,-0.052169071787727915,0.2705736787519951,ein beb+en,2.8172710077333
-5.301087229396374,-0.2737426632260873,0.5834596335364681,0.029231466908101782,0.09550134616292297,Montagmorgen,6.054345523315431
-8.338521237767061,1.0608127622896562,1.3506801651565778,-0.02346716735516181,0.21834868198849122,"6,2 montag+morgen",2.7508360160425105
-8.360437131072905,1.0758060514185743,1.344148137569591,-0.01257792813490283,0.19845402994673897,montag+morgen insel,2.7245077172100554
-8.379012952876323,1.0888392927400625,1.3365188425135142,-0.003604584928046411,0.18199838755486566,hokkaido norden,2.702018176351152
-8.388713287971541,1.0957846305988626,1.3316906028528388,0.000970970500050768,0.17358007328467018,Landes…,2.6902003729108035
-8.388713287971541,1.0957846305988626,1.3316906028528388,0.000970970500050768,0.17358007328467018,norden landes…,2.6902003729108035
-8.395925297891772,1.1010162081721266,1.3277007123160638,0.004318889002937049,0.16740661081838237,+1858,2.6813783354405167
-8.395925297891772,1.1010162081721266,1.3277007123160638,0.004318889002937049,0.16740661081838237,landes… +1858,2.6813783354405167
-8.400422766317309,1.104309322548556,1.3250335580685015,0.006382251021399459,0.16359547245628958,+1858 char+s,2.675860722571558
-8.53838380149138,1.0380263857796326,1.673094447565897,-0.015118216230293928,-0.047841398467881595,wetter+dienst warn+t,2.586184048556679
-8.528445651217732,1.0227436980664872,1.693500568809713,-0.01461720296388881,-0.04694997032686773,warn+t weit+er+en,2.602096478923527
-8.213083099628129,0.5513185513082648,2.1378264566744023,0.00023370424084750074,-0.0177639344893872,weit+er+en erschütterung+en,3.09807723363067
-8.495761275873964,0.9725197300797626,1.7566675667067055,-0.01297999465307934,-0.043976104590071084,erschütterung+en erdbeben,2.654353211550691
-8.364243354949016,0.7728486703870565,1.9632334568756438,-0.00660494706911767,-0.03171715526801531,japan+s nur,2.8628539547665266
-8.482884867431588,0.9527697088178739,1.7800304787217314,-0.01234000853488813,-0.04279064207635542,behörde+n rechn+en,2.674901618016184
-8.45980849870236,0.9174559496506811,1.8199610524752814,-0.011200964033427952,-0.04065227827875375,rechn+en weit+er+en,2.7116627364272627
-8.386372584687983,0.8060577654118337,1.932827300200113,-0.007650921965161164,-0.033788355417506875,ähnlicher,2.8280060851076882
-8.386372584687983,0.8060577654118337,1.932827300200113,-0.007650921965161164,-0.033788355417506875,erschütterung+en ähnlich+er,2.8280060851076882
-8.337672778183672,0.7332231036362638,1.997862681749888,-0.005364113089152478,-0.029235493761673184,ähnlich+er stärke,2.9045591199860463
-7.758405144541356,-0.05852808264219567,2.467422784104287,0.017900877941941493,0.02030200626019798,pazifik küste,3.7780350256843147
-7.914140169156768,0.14145550464580037,2.3761442918086875,0.012286127959082734,0.007986539295512959,japan+s stark+es,3.5493428267332714
-6.766477686231207,-0.1888731094803262,2.202965471437873,0.005162329472660658,0.010102120600748422,erdbeben norden+japanisch+e,4.723371557636003
-6.861389746106042,-0.14270620268219236,2.2011553931151444,0.004945118209915445,0.008888412750902165,hokkaido erschütter+t,4.6178163404557395
-8.365443814247808,0.7746454537020127,1.9616217499066206,-0.0066613974572017525,-0.031829436681087765,"6,2 ereign+ete",2.8609661707943665
-8.386372584687983,0.8060577654118337,1.932827300200113,-0.007650921965161164,-0.033788355417506875,japan…,2.8280060851076882
-8.386372584687983,0.8060577654118337,1.932827300200113,-0.007650921965161164,-0.033788355417506875,ereign+ete japan…,2.8280060851076882
-8.580459350344555,1.102639177787472,1.5795769249932095,-0.01725149023695778,-0.05152203981952835,+1950,2.518746929272086
-8.580459350344555,1.102639177787472,1.5795769249932095,-0.01725149023695778,-0.05152203981952835,japan… +1950,2.518746929272086
-8.583676370251201,1.1075653782736392,1.5719058416321825,-0.017415160486202053,-0.05179581237059996,+1950 char+s,2.5135890547922104
-8.487914484853166,0.9604808727949747,1.7710009076362003,-0.012589629760468237,-0.04325445397162594,montag vergeh+en+en,2.6668781658719833
-8.430275021033129,0.8724545042475047,1.8677623867131337,-0.009759074792450351,-0.037898077440312615,woche nördlich,2.7585760023017567
-8.100217066551185,0.392263018676011,2.240496582277328,0.0050006100944700125,-0.007717720164770778,pazifik schwer+es,3.2705234796259592
-8.100217066551185,0.392263018676011,2.240496582277328,0.0050006100944700125,-0.007717720164770778,geg…,3.2705234796259592
-8.100217066551185,0.392263018676011,2.240496582277328,0.0050006100944700125,-0.007717720164770778,see+beben geg…,3.2705234796259592
-8.191954378019084,0.5211285640103265,2.158536968915938,0.0011475008309998016,-0.01585527432043879,geg… ein,3.130562624646894
-8.580459350344555,1.102639177787472,1.5795769249932095,-0.01725149023695778,-0.05152203981952835,+1700,2.518746929272086
-8.580459350344555,1.102639177787472,1.5795769249932095,-0.01725149023695778,-0.05152203981952835,japan… +1700,2.518746929272086
-8.583676370251201,1.1075653782736392,1.5719058416321825,-0.017415160486202053,-0.05179581237059996,+1700 char+s,2.5135890547922104
-7.510050987767528,0.7326035292027704,1.1286195878684055,-0.02098161264025548,-0.03359278604851448,"6,2 treff+t",3.636368027912118
-7.478059499513458,0.7174416090200757,1.127550517622052,-0.02090236020593271,-0.033083748490880444,treff+t hokkaido,3.67174715638616
-7.422295064053874,0.6911361459166849,1.1250623455806101,-0.020771239264505786,-0.032216647891251664,Erdrutschgefahr,3.733353481922782
-7.422295064053874,0.6911361459166849,1.1250623455806101,-0.020771239264505786,-0.032216647891251664,hokkaido erd+rutsch+gefahr,3.733353481922782
-6.982328288835731,0.47408022360292823,1.0325070984496028,0.28044926372915885,0.025460434672684218,steigt,4.2223589382505615
-7.32592565732079,0.6459991500418825,1.1190814244347513,-0.020563514619655655,-0.03077510715377179,erd+rutsch+gefahr steig+t,3.8396526609317605
-7.276390463552057,0.6229336040453803,1.1152731061859538,-0.0204649475429656,-0.03006034269008985,steig+t vor,3.894221847967666
-7.129452638078821,0.5549313854252471,1.1015282654426444,-0.02019965149118065,-0.028034763977872378,küste beb+te,4.055873428355378
-7.0179535493698495,0.5036349376602958,1.0890921498042607,-0.020020211731156354,-0.026582691874436293,beb+te erde,4.178374735854389
-6.462836472696461,0.24948680692725,1.012178712142546,-0.019283906046374276,-0.020194817538392085,warn+en norden,4.787505004218233
-6.01509139627801,0.04360712001100264,0.9428319689974269,-0.0187660445994717,-0.015788541915022526,norden land+es,5.279096899152433
-3.2474387861162537,-1.265539466437497,0.5646336132461335,-0.01564016803169012,0.0035684253706200764,land+es tsunami,8.334509039633078
-6.299148934788509,0.15295592533745594,1.1135253873463766,-0.018052163460618567,-0.01849449467621568,höheres,4.978403342733699
-6.299148934788509,0.15295592533745594,1.1135253873463766,-0.018052163460618567,-0.01849449467621568,soll+en hoch+er+es,4.978403342733699
-6.512962784537094,0.24058052770456584,1.1873590159613756,-0.017826356289831778,-0.02039599382620838,hoch+er+es gebiet,4.748926318728572
-6.647112965639178,0.29174275717721576,1.244261538498014,-0.017525583067087624,-0.021508059601862882,aufsuchen,4.606771902259568
-6.647112965639178,0.29174275717721576,1.244261538498014,-0.017525583067087624,-0.021508059601862882,gebiet auf+such+en,4.606771902259568
-7.376399091720993,0.5253631521397975,1.5887223686525662,-0.01412889279663531,-0.025870841329671726,pazifik weit+er+es,3.8539162915350484
-7.729843015112769,0.7771343193534668,1.3660868747252095,-0.018746845154411166,-0.03559061590785946,Stärke…,3.422773847984592
-7.729843015112769,0.7771343193534668,1.3660868747252095,-0.018746845154411166,-0.03559061590785946,beben stärke…,3.422773847984592
-7.751743317475643,0.7914554422971791,1.353691278488948,-0.01898245964906295,-0.03613453874397085,+1884,3.396638124667649
-7.751743317475643,0.7914554422971791,1.353691278488948,-0.01898245964906295,-0.03613453874397085,stärke… +1884,3.396638124667649
-7.765562597138909,0.8004347771903524,1.3459356408650818,-0.019128892851589165,-0.03647592843439343,+1884 char+s,3.3801722962768213
-8.033781009392733,1.0552154202756214,0.1489590239253319,-0.02701746343471577,-0.03423901099476217,Gigantischer,3.009710869107594
1.1664355518082878,-3.5339985170751445,-1.1757611896907383,-0.008630384848515972,0.05134832036226367,Erdrutsch,13.268965102970217
-8.010601374946063,1.0437888401350437,0.1407972752272664,-0.02694392225799519,-0.03360702719241922,gigantisch+er erd+rutsch,3.03542549029591
-7.989304624656288,1.0332829889407498,0.13336185091506286,-0.02687611703782943,-0.033032477305038846,Zweithöchster,3.059055536569972
-7.989304624656288,1.0332829889407498,0.13336185091506286,-0.02687611703782943,-0.033032477305038846,erd+rutsch zweithöchst+er,3.059055536569972
-7.959604117300103,1.0186200539095331,0.12309193666792415,-0.026781214575587853,-0.03224076231830166,Megatsunami,3.0920165901951187
-7.959604117300103,1.0186200539095331,0.12309193666792415,-0.026781214575587853,-0.03224076231830166,zweithöchst+er megatsunami,3.0920165901951187
-7.931440464737995,1.0047040585143465,0.1134585979696412,-0.026690898341277573,-0.031500074696188624,erzeugte,3.1232788355263215
-7.931440464737995,1.0047040585143465,0.1134585979696412,-0.026690898341277573,-0.031500074696188624,megatsunami erzeug+te,3.1232788355263215
-7.8947987159515005,0.9865826100811328,0.1010752671118044,-0.026572990835068755,-0.03055070760268333,Dauer-Welle,3.163961374088591
-7.8947987159515005,0.9865826100811328,0.1010752671118044,-0.026572990835068755,-0.03055070760268333,erzeug+te dauer+-+welle,3.163961374088591
-7.859487173942329,0.9691024827085721,0.08929829307157053,-0.026459005437598063,-0.02965069232611057,Knapp,3.20317664182615
-7.859487173942329,0.9691024827085721,0.08929829307157053,-0.026459005437598063,-0.02965069232611057,dauer+-+welle knapp,3.20317664182615
-7.816236868247973,0.9476716806880847,0.07507793356860129,-0.026319019042514488,-0.028567648710269018,knapp katastrophe,3.2512205198490367
-7.770607171426377,0.9250386872863738,0.060312471853230284,-0.02617100725011934,-0.02744734317425815,vorbei,3.301921268567403
-7.770607171426377,0.9250386872863738,0.060312471853230284,-0.02617100725011934,-0.02744734317425815,katastrophe vorbei,3.301921268567403
-7.736453481155262,0.9080833888695015,0.04941569498855557,-0.026060078306866408,-0.026623329551561714,vorbei ein,3.339879367823563
-4.630143970532909,-0.6480294794605541,-0.6092203626989395,-0.017504130701432096,0.019083635274883704,ein erd+rutsch,6.80341754653815
-7.615619201514658,0.848006386657987,0.011884454449658305,-0.025667376108736612,-0.023802997241097072,erd+rutsch oft,3.4742283929285422
-7.005315778038559,0.5431251032314599,-0.15677909524980063,-0.02372297655564764,-0.011459204051687481,Kreuzfahrtschiffen,4.153743863822124
-7.5628785293008125,0.8217452686220821,-0.0040192341362744015,-0.02549618171565583,-0.022616129075445926,oft kreuz+fahrt+schiff+en,3.5328923208912313
-7.402566860067086,0.7417994505215084,-0.050697110518665364,-0.024978199017235723,-0.01916055405867885,besuchten,3.7112872057158883
-7.402566860067086,0.7417994505215084,-0.050697110518665364,-0.024978199017235723,-0.01916055405867885,kreuz+fahrt+schiff+en besuch+t+en,3.7112872057158883
-7.288284957417943,0.6847147154019153,-0.08254099781970745,-0.024612261133100662,-0.016826769492119288,besuch+t+en fjord,3.8385229241385037
-7.204425738329441,0.6427860781557795,-0.10520112632913331,-0.024346014110474615,-0.015177586357886533,fjord verursach+te,3.9319159794174863
-6.885187781659115,0.4829396697169137,-0.1864896719696549,-0.0233539975466472,-0.009339445672382422,zweithöchsten,4.287624826643995
-6.885187781659115,0.4829396697169137,-0.1864896719696549,-0.0233539975466472,-0.009339445672382422,verursach+te zweithöchst+en,4.287624826643995
-6.154911706449223,0.11660461979713999,-0.34795092802962657,-0.021237054715551134,0.0019007096446319906,beobachteten,5.102001080688203
-6.154911706449223,0.11660461979713999,-0.34795092802962657,-0.021237054715551134,0.0019007096446319906,zweithöchst+en beobacht+et+en,5.102001080688203
-3.6859285090303455,-1.120426736395808,-0.7366604203529551,-0.015583892092092143,0.026991804165215308,beobacht+et+en tsunami,7.857067079181015
-5.613834071435383,-0.15491277224469346,-0.45042290685178565,-0.019811334401178833,0.008790012994824195,früh+en morgen,5.705693288548845
-6.885187781659115,0.4829396697169137,-0.1864896719696549,-0.0233539975466472,-0.009339445672382422,10.,4.287624826643995
-6.885187781659115,0.4829396697169137,-0.1864896719696549,-0.0233539975466472,-0.009339445672382422,morgen 10.,4.287624826643995
-3.4541970262350743,-1.2362124575989157,-0.7649746220511434,-0.01515029907163811,0.028703665348612163,August,8.115635503790138
-6.982930104582561,0.5319124615330808,-0.16239279031312526,-0.023653805343905272,-0.011057448646297097,10. august,4.178689966103032
-2.2410034484797112,-1.8414422482131116,-0.8979428560835506,-0.01308457903116838,0.03650698877793706,august 2025,9.469149367401055
-7.204425738329441,0.6427860781557795,-0.10520112632913331,-0.024346014110474615,-0.015177586357886533,2025 lös+te,3.9319159794174863
-7.441492126965127,0.7612263906197518,-0.03958535655375048,-0.025103542615240913,-0.019979406861936465,lös+te hoch+en,3.6679610677851526
-7.494202839416302,0.7875183758403066,-0.024314454772969212,-0.025273750990700766,-0.021108574152992145,Felswand,3.6093009076325018
-7.494202839416302,0.7875183758403066,-0.024314454772969212,-0.025273750990700766,-0.021108574152992145,hoch+en fels+wand,3.6093009076325018
-7.583469855411273,0.832000895594712,0.0021565367991922754,-0.025562989681364435,-0.023076439217065432,fels+wand alaska,3.509986751620782
-7.6566382628487215,0.8684152110611363,0.02445082210793543,-0.02580065968412967,-0.024744260538275005,keilförmige,3.4286124267561298
-7.6566382628487215,0.8684152110611363,0.02445082210793543,-0.02580065968412967,-0.024744260538275005,alaska keilförmig+e,3.4286124267561298
-7.745306510008447,0.9124795491232589,0.05222770973534545,-0.026088840733917776,-0.02683575021521129,200,3.330039496809313
-7.745306510008447,0.9124795491232589,0.05222770973534545,-0.026088840733917776,-0.02683575021521129,keilförmig+e 200,3.330039496809313
-7.762374916233517,0.920952964641454,0.05767395516527567,-0.026144278145698096,-0.027247604090460044,200 meter,3.3110698538647028
-7.786506551204658,0.9329276077228075,0.06543019815638544,-0.026222610854049443,-0.027835153525502733,dicke,3.284253361581154
-7.786506551204658,0.9329276077228075,0.06543019815638544,-0.026222610854049443,-0.027835153525502733,meter dick+e,3.284253361581154
-7.809047023907526,0.9441069503263098,0.07273536264870133,-0.02629571574877215,-0.028389621457825157,Gesteinsmasse,3.259208490486957
-7.809047023907526,0.9441069503263098,0.07273536264870133,-0.02629571574877215,-0.028389621457825157,dick+e gestein+s+masse,3.259208490486957
-7.868694335457054,0.9736617780545409,0.0923544080231392,-0.02648875584274363,-0.02988397809420714,stürzte,3.192950734968878
-7.868694335457054,0.9736617780545409,0.0923544080231392,-0.02648875584274363,-0.02988397809420714,gestein+s+masse stürz+te,3.192950734968878
-7.908400900512987,0.9933117662375837,0.10565266283229036,-0.026616809060605342,-0.030901272439695975,stürz+te kilo+meter,3.148857948942233
-7.950516012123304,1.014130741454202,0.11997227641816831,-0.026752102882880557,-0.03200069152752072,kilo+meter tiefe,3.1021038712141933
-7.983199078657343,1.030269795471223,0.13124125244784193,-0.026856639004132352,-0.03286882224782995,Schuttlawine,3.0658307418689903
-7.983199078657343,1.030269795471223,0.13124125244784193,-0.026856639004132352,-0.03286882224782995,als schutt+lawine,3.0658307418689903
-8.016131597025886,1.046515785220006,0.14273794538195825,-0.02696149323607839,-0.033757173546790795,+1585,3.0292900272737855
-8.016131597025886,1.046515785220006,0.14273794538195825,-0.02696149323607839,-0.033757173546790795,schutt+lawine +1585,3.0292900272737855
-8.02686127082501,1.051805185262292,0.1465149332995483,-0.026995539208354485,-0.034049615099894584,+1585 chars,3.0173868577077596
-7.06685285521663,0.5739405799148198,-0.141159264520281,-0.023914066857579557,-0.012580107361561357,Monsterwelle,4.085174457566788
2.2148419788790488,-4.053015135826028,-1.2419158242758555,-0.007542709409005267,0.054524431202185406,rekonstruiert,14.437629390326753
-6.736771828164844,0.4085380423693008,-0.2218488894197427,-0.022905905366770694,-0.00683761482806336,monster+welle rekonstruier+t,4.453072019736365
-5.907161573858059,-0.007729970283304688,-0.3964344024483993,-0.020569471191187648,0.005184051495820723,480-Meter-Tsunami,5.378402402003857
-5.907161573858059,-0.007729970283304688,-0.3964344024483993,-0.020569471191187648,0.005184051495820723,rekonstruier+t 480-meter-tsunami,5.378402402003857
-6.287610553691728,0.18320006983549542,-0.3207888914867812,-0.021605134441405785,4.272474619832975e-05,480-meter-tsunami tourist+en,4.953974536580164
-6.736771828164844,0.4085380423693008,-0.2218488894197427,-0.022905905366770694,-0.00683761482806336,beliebtem,4.453072019736365
-6.736771828164844,0.4085380423693008,-0.2218488894197427,-0.022905905366770694,-0.00683761482806336,tourist+en belieb+t+em,4.453072019736365
-7.005070769363071,0.543002389701345,-0.15684073189422124,-0.023722218482670886,-0.011454789769224843,Alaska-Fjord,4.154016889802433
-7.005070769363071,0.543002389701345,-0.15684073189422124,-0.023722218482670886,-0.011454789769224843,belieb+t+em alaska-fjord,4.154016889802433
-7.233928567786253,0.6575406682422615,-0.09729501542473988,-0.024439444530827983,-0.015751901099863,alaska-fjord ein,3.8990564667658174
-6.516927211870048,0.29826726237201306,-0.2717028331746988,-0.022258680544150325,-0.0033486724731810816,erd+rutsch alaska,4.698210124717214
-6.993922128384298,0.53741837177652,-0.15964080294998892,-0.023687747264338473,-0.011254328112940026,alaska lös+t,4.166440551704815
-7.072067520954851,0.576551354895031,-0.13982275738191502,-0.023930322213441862,-0.012676225160412724,gigantische,4.079364301883116
-7.072067520954851,0.576551354895031,-0.13982275738191502,-0.023930322213441862,-0.012676225160412724,lös+t gigantisch+e,4.079364301883116
-7.150854532864511,0.6159857112603251,-0.1193784345117615,-0.024177063950712705,-0.014150621241431766,gigantisch+e flut+welle,3.9915889134574014
-7.740907488590203,0.9102952203976076,0.05082934387256929,-0.026074549456427572,-0.02673009770120119,flut+welle fast,3.334928814642447
-2.2834945560772884,-1.8202705550924514,-0.8936694416191121,-0.013151677955397645,0.03626253211136883,500,9.421749129615195
-5.444920833362963,-0.23964605493925184,-0.4799866096403701,-0.019390100963133365,0.010742030441074349,fast 500,5.894178070194618
-1.5041783488539195,-2.2082920830764405,-0.9682665019381252,-0.011974062725461023,0.040465241240619204,500 meter,10.291036926239968
-5.936468324069235,0.0069771870436081684,-0.39084310432039143,-0.02064712199341901,0.004807573569025267,schwappt,5.345704505136006
-7.819774373888252,0.9494253619822868,0.07623273061261415,-0.02633048158218728,-0.02865544941107312,hoch schwapp+t,3.2472904533925346
-6.583671036328048,0.33175093041926607,-0.2568703404366532,-0.02245305213530845,-0.004382007871602277,Klimawandel,4.623780067384535
-7.911049867782307,0.9946219560342746,0.10654676491391823,-0.026625336064787147,-0.030969797568022754,forscher klima+wandel,3.145916786774626
-7.9662362327572565,1.0218954117896237,0.12537525401141084,-0.02680243844676214,-0.03241659870133153,Naturextreme,3.084655750227621
-7.9662362327572565,1.0218954117896237,0.12537525401141084,-0.02680243844676214,-0.03241659870133153,klima+wandel natur+extrem+e,3.084655750227621
-7.993301628791223,1.035255274071066,0.13475276138917106,-0.02688885918380003,-0.03313986944511924,verantwortlich,3.0546203135046626
-7.993301628791223,1.035255274071066,0.13475276138917106,-0.02688885918380003,-0.03313986944511924,natur+extrem+e verantwortlich,3.0546203135046626
-8.030343792195987,1.0535215635115316,0.14774416807979712,-0.027006576346518384,-0.03414485475152145,Anstieg,3.013523680817217
-8.030343792195987,1.0535215635115316,0.14774416807979712,-0.027006576346518384,-0.03414485475152145,der anstieg,3.013523680817217
-8.050320870111685,1.063363527794558,0.15482742189494958,-0.02706975923588945,-0.034694265389204754,Tourismus,2.9913651827653887
-8.050320870111685,1.063363527794558,0.15482742189494958,-0.02706975923588945,-0.034694265389204754,anstieg tourismus,2.9913651827653887
-8.070346778484868,1.0732228273815554,0.16198307040893437,-0.027132860294853046,-0.03525034740929528,polaren,2.9691563023932357
-8.070346778484868,1.0732228273815554,0.16198307040893437,-0.027132860294853046,-0.03525034740929528,tourismus polar+en,2.9691563023932357
-8.081924181109999,1.0789195397369085,0.16614537108144678,-0.027169224947637263,-0.03557429942929283,polar+en region+en,2.9563186470860394
-8.10868714478758,1.092079229578246,0.1758396081790711,-0.027252938992653807,-0.03633020508045101,region+en risiko,2.9266475185048515
-8.122228592237235,1.098732726379618,0.18078368281861348,-0.02729509880249222,-0.036716476573069014,risiko mensch+en,2.9116373903865074
-8.13275558294565,1.103902701194782,0.1846454940661549,-0.0273277759566714,-0.03701855051711254,erhöhen,2.8999699862360364
-8.13275558294565,1.103902701194782,0.1846454940661549,-0.0273277759566714,-0.03701855051711254,mensch+en erhöh+en,2.8999699862360364
-8.147161086444198,1.1109740162321728,0.18995636851109052,-0.027372347946150923,-0.03743448517600161,der tracy,2.8840058144042744
-6.856895946594785,0.46876017182873153,-0.1933420323019952,-0.02326790476221014,-0.008852834719858975,Arm,4.319160074486956
-6.856895946594785,0.46876017182873153,-0.1933420323019952,-0.02326790476221014,-0.008852834719858975,tracy arm,4.319160074486956
-6.893607662973758,0.4871592653197685,-0.18443989257533652,-0.023379679800156053,-0.009485174004459335,arm fjord,4.278239987455367
-8.166690639683164,1.1205540606063273,0.19720526777930708,-0.02743249337054397,-0.03800316463440378,Süd-Alaska,2.8623667815255525
-8.166690639683164,1.1205540606063273,0.19720526777930708,-0.02743249337054397,-0.03800316463440378,fjord süd-alaska,2.8623667815255525
-8.184630788718168,1.129347606755616,0.2039144988372869,-0.027487441751374582,-0.038530501690776715,Sommer,2.8424925861887704
-8.184630788718168,1.129347606755616,0.2039144988372869,-0.027487441751374582,-0.038530501690776715,süd-alaska sommer,2.8424925861887704
-8.19088181225899,1.1324100351708537,0.2062636814550802,-0.027506516489434044,-0.03871537126150342,täglich,2.835568530963335
-8.19088181225899,1.1324100351708537,0.2062636814550802,-0.027506516489434044,-0.03871537126150342,sommer täglich,2.835568530963335
-8.201187270590454,1.1374569543624968,0.21014956365771942,-0.027537879564612188,-0.039021430727394106,täglich mehrere+n,2.824154500640805
-8.208596983318499,1.1410843208497239,0.21295361659488468,-0.027560363870665443,-0.03924248408483392,mehrere+n kreuz+fahrt+schiff+en,2.815948486115438
-8.223416266818738,1.1483353769918259,0.21858714761975748,-0.02760516048120695,-0.03968710529634826,angesteuert,2.7995385805180746
-8.223416266818738,1.1483353769918259,0.21858714761975748,-0.02760516048120695,-0.03968710529634826,kreuz+fahrt+schiff+en an+ge+steuer+t,2.7995385805180746
-8.23792431367547,1.1554293895771457,0.22413557642090748,-0.027648785820672227,-0.04012567766785038,U.S,2.783475904524276
-8.23792431367547,1.1554293895771457,0.22413557642090748,-0.027648785820672227,-0.04012567766785038,foto u.s,2.783475904524276
-8.24139163058325,1.1571240970952172,0.22546651587986094,-0.02765917701793497,-0.04023097981704788,Geological,2.7796374277572573
-8.248810414702117,1.1607492159433859,0.22832063480941067,-0.027681363874403654,-0.04045692304423051,Survey,2.77142500331536
-8.248810414702117,1.1607492159433859,0.22832063480941067,-0.027681363874403654,-0.04045692304423051,geological survey,2.77142500331536
-8.254676310499194,1.1636146223002148,0.23058353322375383,-0.02769886097102649,-0.04063618831511678,survey ein,2.7649320825094432
-8.293924876703167,1.1827657284842485,0.24586729152540077,-0.027814838710797946,-0.04184987339846714,+3961,2.7214995811643696
-8.293924876703167,1.1827657284842485,0.24586729152540077,-0.027814838710797946,-0.04184987339846714,flut+welle +3961,2.7214995811643696
-8.297015876824943,1.1842723494115515,0.24708163807327177,-0.02782388750476318,-0.04194652352252513,+3961 chars,2.718079946333227
-6.9360187970204645,0.5084109673532478,-0.1740411477158239,-0.023509458334985224,-0.010225648448121155,rekonstruieren,4.230970562474075
-6.9360187970204645,0.5084109673532478,-0.1740411477158239,-0.023509458334985224,-0.010225648448121155,forscher rekonstruier+en,4.230970562474075
-6.401595341760048,0.24039948566176417,-0.2967429181438421,-0.021927219059198533,-0.0016132064507222987,rekonstruier+en flut+welle,4.826836491253488
0.7113585639317108,-3.3084841394014393,-1.1447108099452614,-0.009137137654907713,0.04980411396734449,Mega-Tsunami,12.761624849646967
-5.258243776751126,-0.3332657651064266,-0.5114669985158012,-0.018937140450931783,0.012802872496259112,flut+welle mega-tsunami,6.102492448417568
-5.694873862585679,-0.11425371903939263,-0.43585439138785553,-0.020017365505524326,0.007822196767071809,überragte,5.615266712236061
-5.694873862585679,-0.11425371903939263,-0.43585439138785553,-0.020017365505524326,0.007822196767071809,mega-tsunami überrag+te,5.615266712236061
-4.659711780805923,-0.633220825627367,-0.6048761041193312,-0.01756860554659368,0.018808383839821207,Eiffelturm,6.770421407631464
-6.452892263927108,0.2661388917999936,-0.28569610556319247,-0.02207395421476221,-0.002377440398653563,überrag+te eiffelturm,4.769624590876932
-4.0138148039606865,-0.9564947680064408,-0.6947251566362862,-0.01622162930093491,0.024425702502716366,Forschungsteam,7.4911922101152655
-6.858123580196611,0.46937548126126627,-0.19304581365230708,-0.023271633969088042,-0.008873852614566677,eiffelturm forschung+s+team,4.317791670734953
-3.3723550812483305,-1.2770909751501076,-0.7747281322316514,-0.0150003989481491,0.029289410210691157,forschung+s+team rekonstruier+t,8.206953180341626
-2.4773354935235865,-1.7236637874384448,-0.873849355084358,-0.013462290662126723,0.035123056841284125,Alaskas,9.205507970229037
-5.694873862585679,-0.11425371903939263,-0.43585439138785553,-0.020017365505524326,0.007822196767071809,rekonstruier+t alaska+s,5.615266712236061
-3.6859285090303455,-1.120426736395808,-0.7366604203529551,-0.015583892092092143,0.026991804165215308,alaska+s tsunami,7.857067079181015
-6.287610553691728,0.18320006983549542,-0.3207888914867812,-0.021605134441405785,4.272474619832975e-05,tsunami welle,4.953974536580164
-2.2033207620186097,-1.8602165697902886,-0.9017117007319452,-0.013025365352681076,0.036722217733276545,481,9.511185309838597
-6.736771828164844,0.4085380423693008,-0.2218488894197427,-0.022905905366770694,-0.00683761482806336,welle 481,4.453072019736365
-2.5335412979352956,-1.6956446470198876,-0.8680002391165784,-0.013553767799696258,0.03478501557449585,481 meter,9.142805453484623
-7.1046091679928045,0.5928416471848521,-0.1314361288230022,-0.024031977214932856,-0.013280117464963125,meter erd+rutsch,4.043108141632757
-7.27523377213244,0.6781913508304298,-0.0861059921430302,-0.024570689379377435,-0.016566678809760843,erd+rutsch wohl,3.8530563855137245
-7.402566860067086,0.7417994505215084,-0.050697110518665364,-0.024978199017235723,-0.01916055405867885,wohl klima+wandel,3.7112872057158883
-7.51045141157921,0.7956194231329026,-0.01955398460269193,-0.025326316274832176,-0.021461481564873618,verstärkt,3.5912207934839118
-7.51045141157921,0.7956194231329026,-0.01955398460269193,-0.025326316274832176,-0.021461481564873618,klima+wandel verstärk+t,3.5912207934839118
-4.78797999844422,-0.5689688007465303,-0.585751359670561,-0.01785160620999684,0.017592314417511412,+++SC,6.627280408240322
-4.892855392841218,-0.5164221876962936,-0.5697675699743451,-0.018087057700546444,0.016570586492950776,+++sc sorg+t,6.510244496664277
-5.048825280538025,-0.4382551747884387,-0.5453932166523286,-0.018444165669043618,0.015003160759579817,Europa-Sensation,6.336190047521146
-5.048825280538025,-0.4382551747884387,-0.5453932166523286,-0.018444165669043618,0.015003160759579817,sorg+t europa+-+sensation,6.336190047521146
-5.272046927536276,-0.3263443678463127,-0.5091803513180567,-0.01897019040192033,0.012653798047772237,FREIBURG,6.087089199605287
-5.272046927536276,-0.3263443678463127,-0.5091803513180567,-0.01897019040192033,0.012653798047772237,europa+-+sensation freiburg,6.087089199605287
-5.958524199471393,0.018045754471551767,-0.3866104052731717,-0.020705792641598907,0.004522197246839107,FINALE,5.321096809363455
-5.958524199471393,0.018045754471551767,-0.3866104052731717,-0.020705792641598907,0.004522197246839107,freiburg finale,5.321096809363455
-8.118611664696143,1.0969559098715576,0.17946052921335595,-0.027283851474340967,-0.03661305066167301,FINA…,2.915646416889148
-8.118611664696143,1.0969559098715576,0.17946052921335595,-0.027283851474340967,-0.03661305066167301,freiburg fina…,2.915646416889148
-8.126966034480066,1.1010596219039699,0.1825196129468205,-0.02730981522346015,-0.03685222353805625,+308,2.9063865852973922
-8.126966034480066,1.1010596219039699,0.1825196129468205,-0.02730981522346015,-0.03685222353805625,fina… +308,2.9063865852973922
-8.13275558294565,1.103902701194782,0.1846454940661549,-0.0273277759566714,-0.03701855051711254,+308 chars,2.8999699862360364
-6.9360187970204645,0.5084109673532478,-0.1740411477158239,-0.023509458334985224,-0.010225648448121155,der 500,4.230970562474075
-5.622045524818084,-0.1507931202672661,-0.44895835451651045,-0.01983209342170513,0.008692895292378405,Wasserwand,5.696530606430983
-6.401595341760048,0.24039948566176417,-0.2967429181438421,-0.021927219059198533,-0.0016132064507222987,hoch+e wasser+wand,4.826836491253488
-5.258243776751126,-0.3332657651064266,-0.5114669985158012,-0.018937140450931783,0.012802872496259112,wasser+wand mega-tsunami,6.102492448417568
-6.079806513480736,0.07891200642093255,-0.36294604043748185,-0.021031993283599795,0.0029207295916223557,mega-tsunami 2025,5.185787607001388
-6.401595341760048,0.24039948566176417,-0.2967429181438421,-0.021927219059198533,-0.0016132064507222987,2025 werd+e,4.826836491253488
-6.66662371334122,0.37335939617868963,-0.23807181813572625,-0.022697215148062028,-0.005697351361388617,werd+e rekonstruier+t,4.531283074563293
-7.046985923499661,0.5639932134972439,-0.1462325402511208,-0.02385222528423855,-0.012215550433975292,rekonstruier+t ein,4.107310726317056
-7.31340287285211,0.6972670902033957,-0.0756393011865148,-0.024692401857021512,-0.017330969856738723,erd+rutsch alaska+s,3.8105538898019047
-7.402566860067086,0.7417994505215084,-0.050697110518665364,-0.024978199017235723,-0.01916055405867885,alaska+s tracy,3.7112872057158883
-7.590108728493905,0.8353067225339326,0.004156758093268979,-0.025584538372601,-0.023225682653939553,fjord august,3.5026021863658774
-7.6886138857939414,0.8843142738485195,0.03436961137077145,-0.025904595574446534,-0.025489376372064693,2025 riesig+e,3.3930597333748627
-7.727375805237785,0.9035748575800786,0.04654136327507438,-0.026030581358152546,-0.026406361942109734,riesig+e flut+welle,3.3499694228825634
-7.770607171426377,0.9250386872863738,0.060312471853230284,-0.02617100725011934,-0.02744734317425815,flut+welle aus+ge+lös+t,3.301921268567403
-6.6112069706727805,0.3438144072362128,-0.24966678790300906,0.08001587700750383,0.012441036055741393,Vorfall,4.593816857685383
-7.826737933918553,0.9528770521244432,0.07851023456571618,-0.026353039418641984,-0.028828688717120174,der vorfall,3.239554389557082
-7.889184261364312,0.983804370416268,0.09919256367941495,-0.026554888974703185,-0.03040664123814897,vorfall jederzeit,3.1701958926589593
-7.9162791052730075,0.997208082252675,0.10831435322667492,-0.026642162552766455,-0.0311053153158485,wiederholen,3.1401108968937588
-7.9162791052730075,0.997208082252675,0.10831435322667492,-0.026642162552766455,-0.0311053153158485,jederzeit wieder+hol+en,3.1401108968937588
-7.968413100155473,1.0229703467088265,0.1261259513743338,-0.026809400882507817,-0.032474432507825966,forscher warn+en,3.082239772785978
-7.985249173370551,1.0312816157356257,0.13195275194405012,-0.026863181123323896,-0.03292372124441202,warn+en tourist+en,3.0635557559719837
-8.012457408490945,1.0447041016012222,0.14144813944072285,-0.026949821092297106,-0.03365737481355877,Ort,3.0333662974243745
-8.012457408490945,1.0447041016012222,0.14144813944072285,-0.026949821092297106,-0.03365737481355877,tourist+en ort,3.0333662974243745
-8.033781009392733,1.0552154202756214,0.1489590239253319,-0.02701746343471577,-0.03423901099476217,ort gefahr,3.009710869107594
-8.047096027812088,1.0617752152904776,0.15368029863616064,-0.027059575247351055,-0.034605218616137294,Wäre,2.9949419133591566
-8.061299417130176,1.0687694128298828,0.15874339148041486,-0.02710438282288514,-0.03499845268439972,Kreuzfahrtschiff,2.9791894173063542
-8.061299417130176,1.0687694128298828,0.15874339148041486,-0.02710438282288514,-0.03499845268439972,sei kreuz+fahrt+schiff,2.9791894173063542
-8.095673416860802,1.0856818309504386,0.1711129917776679,-0.027212294993971813,-0.0359614027443873,Nähe,2.9410744662628616
-8.095673416860802,1.0856818309504386,0.1711129917776679,-0.027212294993971813,-0.0359614027443873,kreuz+fahrt+schiff nähe,2.9410744662628616
-8.107416990101338,1.0914549728778118,0.17537721911889453,-0.02724897748365005,-0.03629410571860677,nähe sei,2.928055529009538
-8.12342196991489,1.0993189192920794,0.1812206627416802,-0.027298807562869815,-0.03675064173112392,Passagiere,2.9103146726670612
-8.12342196991489,1.0993189192920794,0.1812206627416802,-0.027298807562869815,-0.03675064173112392,sei passagier+e,2.9103146726670612
-8.140624804069196,1.107766013032297,0.18754286424319366,-0.027352145220844646,-0.037245391584453384,Albtraum,2.891249042804238
-8.140624804069196,1.107766013032297,0.18754286424319366,-0.027352145220844646,-0.037245391584453384,passagier+e alptraum,2.891249042804238
-8.150360009654031,1.1125437396732882,0.19113985710032308,-0.027382222297818493,-0.03752725433600262,schlechthin,2.8804610734518454
-8.150360009654031,1.1125437396732882,0.19113985710032308,-0.027382222297818493,-0.03752725433600262,alptraum schlechthin,2.8804610734518454
-8.163718544588487,1.1190966206871045,0.19609843588398046,-0.027423361769911798,-0.03791626106270903,schlechthin nach,2.8656596346872645
-6.382637110529874,0.23088635996322004,-0.3007896683919857,-0.021873269533089126,-0.0013337969545478834,nach gewaltig+en,4.847981494635971
-6.324184231342807,0.20155393594505888,-0.3131471690821483,-0.021707883499891768,-0.00048239471365184305,gewaltig+en erd+rutsch,4.913179052076601
-8.201187270590454,1.1374569543624968,0.21014956365771942,-0.027537879564612188,-0.039021430727394106,erd+rutsch fjord,2.824154500640805
-5.537844388050406,-0.19303446478625652,-0.46385423474617316,-0.01962047270410363,0.009678840614232853,fjord alaska,5.790486731675522
-5.19590897447517,-0.36452064737094547,-0.5217142754305578,-0.018788753786878387,0.013469731109083394,spült,6.172053591559437
-8.214967927126352,1.1442022093101345,0.2153713450575627,-0.027579650785421593,-0.0394332175292284,alaska spül+t,2.8088933960355877
-8.223416266818738,1.1483353769918259,0.21858714761975748,-0.02760516048120695,-0.03968710529634826,spül+t flut+welle,2.7995385805180746
-8.232965563374679,1.15300524154837,0.2222354426025587,-0.027633901291882153,-0.03997540792403157,gegenüberliegenden,2.7889657249741195
-8.232965563374679,1.15300524154837,0.2222354426025587,-0.027633901291882153,-0.03997540792403157,flut+welle gegenüberliegend+en,2.7889657249741195
-8.24614520451458,1.1594470330979616,0.22729428228300205,-0.027673400565367965,-0.04037565266287758,Hang,2.7743752504631227
-8.24614520451458,1.1594470330979616,0.22729428228300205,-0.027673400565367965,-0.04037565266287758,gegenüberliegend+en hang,2.7743752504631227
-8.252091229513498,1.1623519465878132,0.2295856048095303,-0.02769115508060372,-0.04055711942616091,+3937,2.7677934375461515
-8.252091229513498,1.1623519465878132,0.2295856048095303,-0.02769115508060372,-0.04055711942616091,hang +3937,2.7677934375461515
-8.255955931021532,1.1642395912134305,0.23107790508310758,-0.027702672452743115,-0.0406753668934259,+3937 chars,2.7635157372390875
-2.9726382148101225,-1.4766368241910692,-0.8206323471297942,-0.014291338841681699,0.03201841565747482,Animation,8.652930176213435
-7.678253543840595,0.8791638750357476,0.031143898875501452,-0.02587091833246008,-0.025246845347028347,animation zeig+t,3.4045784456938892
-7.621749234246966,0.8510572580259077,0.013751311342094986,-0.02568728875033382,-0.023942637778186115,zweithöchste,3.4674108171427873
-7.621749234246966,0.8510572580259077,0.013751311342094986,-0.02568728875033382,-0.023942637778186115,zeig+t zweithöchst+e,3.4674108171427873
-7.53372378775939,0.8072191272820932,-0.012691315802700744,-0.02540167380660005,-0.021970992103840466,zweithöchst+e flut+welle,3.565327228517627
-7.392298016883759,0.73667296047609,-0.05360554597174956,-0.02494518700587584,-0.01894660914750486,flut+welle zeit+en,3.7227180392498087
-7.27523377213244,0.6781913508304298,-0.0861059921430302,-0.024570689379377435,-0.016566678809760843,zeit+en august,3.8530563855137245
-5.3371469595090275,-0.2936987270383189,-0.4983086036462958,-0.01912701063781239,0.011943701474763535,Bergsturz,6.014442999935119
-6.91112725884391,0.4959386353430484,-0.18015930795807203,-0.023433206017348558,-0.009789747430214518,2025 berg+sturz,4.258713027574234
-6.452892263927108,0.2661388917999936,-0.28569610556319247,-0.02207395421476221,-0.002377440398653563,berg+sturz alaska,4.769624590876932
-5.258243776751126,-0.3332657651064266,-0.5114669985158012,-0.018937140450931783,0.012802872496259112,alaska mega-tsunami,6.102492448417568
-5.694873862585679,-0.11425371903939263,-0.43585439138785553,-0.020017365505524326,0.007822196767071809,mega-tsunami aus+ge+lös+t,5.615266712236061
-6.9360187970204645,0.5084109673532478,-0.1740411477158239,-0.023509458334985224,-0.010225648448121155,Universität,4.230970562474075
-6.9360187970204645,0.5084109673532478,-0.1740411477158239,-0.023509458334985224,-0.010225648448121155,ein universität,4.230970562474075
-7.173165778933542,0.6271488427489682,-0.11350156745120282,-0.024247315794551104,-0.014575873934129006,Calgary,3.9667354118301743
-7.173165778933542,0.6271488427489682,-0.11350156745120282,-0.024247315794551104,-0.014575873934129006,universität calgary,3.9667354118301743
-7.288284957417943,0.6847147154019153,-0.08254099781970745,-0.024612261133100662,-0.016826769492119288,veröffentlichte,3.8385229241385037
-7.288284957417943,0.6847147154019153,-0.08254099781970745,-0.024612261133100662,-0.016826769492119288,calgary veröffentlich+t+e,3.8385229241385037
-7.459767817348586,0.7703442862191683,-0.034320183373456145,-0.025162498717225867,-0.02036822641922726,veröffentlich+t+e animation,3.6476212684398117
-7.541205383914615,0.8109473749882958,-0.010473898282950658,-0.02542591584383465,-0.022135814033418487,animation rekonstruier+t,3.557003504015426
-7.6566382628487215,0.8684152110611363,0.02445082210793543,-0.02580065968412967,-0.024744260538275005,rekonstruier+t vorfall,3.4286124267561298
-7.703633186866569,0.8917789880707079,0.0390664455103759,-0.025953416155211212,-0.025842879356842124,Alle,3.3763622430093796
-7.727375805237785,0.9035748575800786,0.04654136327507438,-0.026030581358152546,-0.026406361942109734,Inhalte,3.3499694228825634
-7.727375805237785,0.9035748575800786,0.04654136327507438,-0.026030581358152546,-0.026406361942109734,all+e inhalt+e,3.3499694228825634
-7.7665153702855925,0.9230079887450335,0.05900005096053847,-0.026157722480575758,-0.027347974069234934,insbesondere,3.306468473236556
-7.7665153702855925,0.9230079887450335,0.05900005096053847,-0.026157722480575758,-0.027347974069234934,inhalt+e insbesondere,3.306468473236556
-7.83016529097472,0.9545757139637288,0.07963328393988586,-0.026364138945435787,-0.028914151961700697,Texte,3.235746940536592
-7.83016529097472,0.9545757139637288,0.07963328393988586,-0.026364138945435787,-0.028914151961700697,insbesondere text+e,3.235746940536592
-7.862585998221335,0.9706371068602315,0.09032573637308217,-0.026469020616616247,-0.029729100402219752,text+e bild+er,3.199734873123545
-7.8947987159515005,0.9865826100811328,0.1010752671118044,-0.026572990835068755,-0.03055070760268333,Agenturen,3.163961374088591
-7.8947987159515005,0.9865826100811328,0.1010752671118044,-0.026572990835068755,-0.03055070760268333,bild+er agentur+en,3.163961374088591
-7.941133589529675,1.0094948087143678,0.11676269335587776,-0.026722015524409858,-0.031753907383489516,urheberrechtlich,3.1125185372463706
-7.941133589529675,1.0094948087143678,0.11676269335587776,-0.026722015524409858,-0.031753907383489516,agentur+en urheberrechtlich,3.1125185372463706
-7.979053220590151,1.028223422458178,0.1298040873555162,-0.026843403353400644,-0.03275796279344266,geschützt,3.070431502083683
-7.979053220590151,1.028223422458178,0.1298040873555162,-0.026843403353400644,-0.03275796279344266,urheberrechtlich ge+schütz+t,3.070431502083683
-8.006850693669191,1.0419391103658375,0.13948341081441104,-0.026931996616989695,-0.03350541971556283,ge+schütz+t dürf+en,3.039586810547033
-8.032068001767051,1.0543712760934716,0.14835337516977073,-0.027012038440121146,-0.0341920669552734,Rahmen,3.011611048379568
-8.032068001767051,1.0543712760934716,0.14835337516977073,-0.027012038440121146,-0.0341920669552734,dürf+en rahmen,3.011611048379568
-8.050320870111685,1.063363527794558,0.15482742189494958,-0.02706975923588945,-0.034694265389204754,gewöhnlichen,2.9913651827653887
-8.050320870111685,1.063363527794558,0.15482742189494958,-0.02706975923588945,-0.034694265389204754,rahmen gewöhnlich+en,2.9913651827653887
-8.0732918099838,1.0746721654019773,0.16304008696986164,-0.027142118903100414,-0.03533258085458896,Nutzung,2.9658905665561965
-8.0732918099838,1.0746721654019773,0.16304008696986164,-0.027142118903100414,-0.03533258085458896,gewöhnlich+en nutzung,2.9658905665561965
-8.090265834719636,1.083022621547242,0.16915603433599405,-0.027195370969254385,-0.03580884469902343,Angebots,2.947069785993983
-8.090265834719636,1.083022621547242,0.16915603433599405,-0.027195370969254385,-0.03580884469902343,nutzung angebot+s,2.947069785993983
-8.102268044504788,1.0889240607320965,0.17350515470348393,-0.027232906299221864,-0.03614799684814861,vervielfältigt,2.93376348276071
-8.102268044504788,1.0889240607320965,0.17350515470348393,-0.027232906299221864,-0.03614799684814861,angebot+s vervielfältig+t,2.93376348276071
-8.122228592237235,1.098732726379618,0.18078368281861348,-0.02729509880249222,-0.036716476573069014,verbreitet,2.9116373903865074
-8.122228592237235,1.098732726379618,0.18078368281861348,-0.02729509880249222,-0.036716476573069014,vervielfältig+t verbreit+et,2.9116373903865074
-8.140624804069196,1.107766013032297,0.18754286424319366,-0.027352145220844646,-0.037245391584453384,sonst…,2.891249042804238
-8.140624804069196,1.107766013032297,0.18754286424319366,-0.027352145220844646,-0.037245391584453384,verbreit+et sonst…,2.891249042804238
-8.149298721044964,1.112022983830735,0.19074705026127517,-0.027378947301655073,-0.037496460418276055,+43,2.8816370796994804
-8.149298721044964,1.112022983830735,0.19074705026127517,-0.027378947301655073,-0.037496460418276055,sonst… +43,2.8816370796994804
-8.153514231269392,1.1140913295521133,0.19230828913493253,-0.027391950131807608,-0.03761887235962371,+43 char+s,2.8769659758697754
-6.452892263927108,0.2661388917999936,-0.28569610556319247,-0.02207395421476221,-0.002377440398653563,Berg-Abbruch,4.769624590876932
-5.063001622168687,-0.43114929977114747,-0.5431408669052573,-0.018477043438856627,0.014857753634052367,XXL-Tsunami,6.320370033296823
-5.063001622168687,-0.43114929977114747,-0.5431408669052573,-0.018477043438856627,0.014857753634052367,berg+-+abbruch xxl-tsunami,6.320370033296823
-5.694873862585679,-0.11425371903939263,-0.43585439138785553,-0.020017365505524326,0.007822196767071809,schoss,5.615266712236061
-5.694873862585679,-0.11425371903939263,-0.43585439138785553,-0.020017365505524326,0.007822196767071809,xxl-tsunami schieß,5.615266712236061
-6.500936667105192,0.2902446048101752,-0.2752186555744107,-0.02221239001511564,-0.003104317456967716,schieß 481,4.716042989165095
-4.4105718139146965,-0.7579702075753842,-0.6407579373778617,-0.017034022823841293,0.021070836851519552,meter höhe,7.0484470069926966
-7.026406639948027,0.553687895918588,-0.15145695030085116,-0.02378831548535329,-0.011840626923706035,höhe animation,4.130241745811801
-7.248072034649396,0.6646126020009306,-0.09347965024639152,-0.024484328071216862,-0.016029471806265468,animation video,3.88330479147377
-7.325496930469761,0.703309840408129,-0.07229694396403745,-0.02473104966035301,-0.017575464409832472,video alaska,3.7970878226133986
-7.412612855220665,0.7468140986383198,-0.04784257438280344,-0.025010517321366266,-0.01937068927410776,alaska august,3.700104835968763
-7.5261070672626555,0.8034231299212506,-0.014943161738299317,-0.025377001769517956,-0.021803707342994368,Frühmorgens,3.5738015539758075
-7.5261070672626555,0.8034231299212506,-0.014943161738299317,-0.025377001769517956,-0.021803707342994368,2025 frühmorgens,3.5738015539758075
-7.609392766050253,0.8449072191921423,0.009992194364017274,-0.025647152937034977,-0.023661525260618252,bricht,3.481153383112124
-7.609392766050253,0.8449072191921423,0.009992194364017274,-0.025647152937034977,-0.023661525260618252,frühmorgens brech+t,3.481153383112124
-7.678253543840595,0.8791638750357476,0.031143898875501452,-0.02587091833246008,-0.025246845347028347,Bergflanke,3.4045784456938892
-7.678253543840595,0.8791638750357476,0.031143898875501452,-0.02587091833246008,-0.025246845347028347,brech+t berg+flanke,3.4045784456938892
-7.762374916233517,0.920952964641454,0.05767395516527567,-0.026144278145698096,-0.027247604090460044,berg+flanke stürz+t,3.3110698538647028
-5.4773726784643095,-0.22336850961220378,-0.4743885521652227,-0.01947017916705272,0.010373638293806796,Wasser,5.857965529002908
-7.805393280092175,0.9422951968152213,0.07154722134543727,-0.0262838704403164,-0.02829936850408525,stürz+t wasser,3.2632679605479016
-7.846782499976747,0.9628095476172303,0.08509801108602535,-0.02641792282174414,-0.029330372633930568,der lös+t,3.217288052631374
-7.877640647969654,0.9780908913700233,0.09533378283192072,-0.026517644022095298,-0.030111586243558336,gewaltige,3.183015132256591
-7.877640647969654,0.9780908913700233,0.09533378283192072,-0.026517644022095298,-0.030111586243558336,lös+t gewaltig+e,3.183015132256591
-7.905728581774126,0.9919899321454877,0.104751564401853,-0.026608204727379185,-0.030832227429856224,gewaltig+e wasser+wand,3.1518250932441934
-7.968413100155473,1.0229703467088265,0.1261259513743338,-0.026809400882507817,-0.032474432507825966,wasser+wand natur+katastrophe,3.082239772785978
-8.010601374946063,1.0437888401350437,0.1407972752272664,-0.02694392225799519,-0.03360702719241922,unvorstellbarer,3.03542549029591
-8.010601374946063,1.0437888401350437,0.1407972752272664,-0.02694392225799519,-0.03360702719241922,natur+katastrophe un+vor+stell+bar+er,3.03542549029591
-8.03885402865482,1.0577150456525983,0.15075497510741476,-0.027033519850388245,-0.03437826034659342,Wucht,3.0040837056654985
-8.03885402865482,1.0577150456525983,0.15075497510741476,-0.027033519850388245,-0.03437826034659342,un+vor+stell+bar+er wucht,3.0040837056654985
-6.769284978765696,0.4248405053664419,-0.21422518717211164,-0.023003312840896475,-0.007375109006643822,forscher zeig+en,4.416824485431718
-6.500936667105192,0.2902446048101752,-0.2752186555744107,-0.02221239001511564,-0.003104317456967716,zeig+en animation,4.716042989165095
-5.568563040459621,-0.1776243075372923,-0.4584509406706791,-0.019697358414353668,0.009321671609127388,Dieser,5.756208972943077
-5.568563040459621,-0.1776243075372923,-0.4584509406706791,-0.019697358414353668,0.009321671609127388,animation dieser,5.756208972943077
-3.6859285090303455,-1.120426736395808,-0.7366604203529551,-0.015583892092092143,0.026991804165215308,dieser tsunami,7.857067079181015
-6.079806513480736,0.07891200642093255,-0.36294604043748185,-0.021031993283599795,0.0029207295916223557,tsunami hoch+er,5.185787607001388
-6.769284978765696,0.4248405053664419,-0.21422518717211164,-0.023003312840896475,-0.007375109006643822,hoch+er eiffelturm,4.416824485431718
-7.046985923499661,0.5639932134972439,-0.1462325402511208,-0.02385222528423855,-0.012215550433975292,eiffelturm ein,4.107310726317056
-5.676948406812562,-0.12324754953213146,-0.43909899067601404,-0.019971570199558735,0.008038077875709329,ein forschung+s+team,5.635268263058557
-3.535162216182357,-1.1957645861167872,-0.7552008255623449,-0.015300236587582115,0.028114663880798897,rekonstruier+t gewaltig+en,8.025294826451386
0.7113585639317108,-3.3084841394014393,-1.1447108099452614,-0.009137137654907713,0.04980411396734449,gewaltig+en tsunami,12.761624849646967
-3.535162216182357,-1.1957645861167872,-0.7552008255623449,-0.015300236587582115,0.028114663880798897,tsunami alaska,8.025294826451386
-5.385299093336972,-0.2695497237324078,-0.49017312916188127,-0.019244017521933287,0.011410892533093091,welle erreich+t,5.960709716211311
-5.8830813274067335,-0.019814088923035378,-0.40100075311630934,-0.020505930564231355,0.005491096322521153,erreich+t 481,5.405269365819135
-6.20701154343025,0.14275150110762613,-0.33739028475281796,-0.021380688202217217,0.0011799027504835885,höhe aus+ge+lös+t,5.043881579119217
-6.489113935993675,0.28431285480105073,-0.27780885972703806,-0.022178233809537394,-0.0029244369116301974,aus+ge+lös+t erd+rutsch,4.729228054862972
-7.5261070672626555,0.8034231299212506,-0.014943161738299317,-0.025377001769517956,-0.021803707342994368,erd+rutsch mehr,3.5738015539758075
-7.672964202109741,0.876534024737126,0.029501484650301592,-0.025853725065189258,-0.02512343535643942,erd+rutsch quelle,3.410459412358655
-7.713316550231232,0.8965905621566514,0.04210761585256445,-0.02598488998574586,-0.026072000251224553,Faculty,3.3655975993037393
-7.713316550231232,0.8965905621566514,0.04210761585256445,-0.02598488998574586,-0.026072000251224553,quelle faculty,3.3655975993037393
-7.762374916233517,0.920952964641454,0.05767395516527567,-0.026144278145698096,-0.027247604090460044,Scien…,3.3110698538647028
-7.762374916233517,0.920952964641454,0.05767395516527567,-0.026144278145698096,-0.027247604090460044,faculty scien…,3.3110698538647028
-7.7941879421735605,0.9367379608191493,0.06791307512721069,-0.026247531312712142,-0.02802348726357394,+46,3.275718138976477
-7.7941879421735605,0.9367379608191493,0.06791307512721069,-0.026247531312712142,-0.02802348726357394,scien… +46,3.275718138976477
-7.809047023907526,0.9441069503263098,0.07273536264870133,-0.02629571574877215,-0.028389621457825157,+46 char+s,3.259208490486957
-8.033781009392733,1.0552154202756214,0.1489590239253319,-0.02701746343471577,-0.03423901099476217,480,3.009710869107594
-8.033781009392733,1.0552154202756214,0.1489590239253319,-0.02701746343471577,-0.03423901099476217,als 480,3.009710869107594
-8.02686127082501,1.051805185262292,0.1465149332995483,-0.026995539208354485,-0.034049615099894584,480 meter,3.0173868577077596
-8.006850693669191,1.0419391103658375,0.13948341081441104,-0.026931996616989695,-0.03350541971556283,hoch+e welle,3.039586810547033
-7.970573409360227,1.0240370364820535,0.12687154667253595,-0.026816308419239113,-0.032531884633244336,beliebten,3.0798422116511626
-7.970573409360227,1.0240370364820535,0.12687154667253595,-0.026816308419239113,-0.032531884633244336,welle belieb+t+en,3.0798422116511626
-7.948198617538489,1.0129858134796657,0.11917848463640954,-0.026744674558362068,-0.031939637562582106,belieb+t+en fjord,3.1046761562488108
-7.908400900512987,0.9933117662375837,0.10565266283229036,-0.026616809060605342,-0.030901272439695975,rauschte,3.148857948942233
-7.908400900512987,0.9933117662375837,0.10565266283229036,-0.026616809060605342,-0.030901272439695975,alaska rausch+te,3.148857948942233
-7.883465995158014,0.9809743432916773,0.09727903147768678,-0.026536443611189644,-0.030260288902733412,rausch+te nach,3.176545931326927
-6.80779408617486,0.44414704061940036,-0.2051079004828804,-0.02311923588062325,-0.008019289126201992,erd+rutsch schwapp+t,4.3738946902824924
-6.892541490153016,0.48662496515653975,-0.18469971415659767,-0.023376426244994617,-0.009466697847616251,schwapp+t fjord,4.279428340741392
-6.452892263927108,0.2661388917999936,-0.28569610556319247,-0.02207395421476221,-0.002377440398653563,alaska jahr,4.769624590876932
-6.733105241433529,0.4066994657510452,-0.2227044342697456,-0.022894947429278386,-0.006777362030686546,2025 welle,4.457159853626575
-6.136742083770376,0.10748594023335434,-0.35160309405407647,-0.021187230104079524,0.002149516626980135,welle fast,5.122270533985837
-5.907161573858059,-0.007729970283304688,-0.3964344024483993,-0.020569471191187648,0.005184051495820723,halben,5.378402402003857
-5.907161573858059,-0.007729970283304688,-0.3964344024483993,-0.020569471191187648,0.005184051495820723,fast halb+en,5.378402402003857
-5.724107119525818,-0.09958599890010289,-0.43053564570964425,-0.020092322415977408,0.007467895602606699,halb+en kilo+meter,5.5826479686930055
-5.385299093336972,-0.2695497237324078,-0.49017312916188127,-0.019244017521933287,0.011410892533093091,kilo+meter hoch,5.960709716211311
-4.951676280368595,-0.48694585439512217,-0.5606616301138533,-0.018220747025288947,0.015986333612413976,folgt,6.444603271655773
-4.951676280368595,-0.48694585439512217,-0.5606616301138533,-0.018220747025288947,0.015986333612413976,hoch folg+t,6.444603271655773
-2.351933303318729,-1.7861663093608633,-0.8867330824694633,-0.01326049305823009,0.035864814431320086,100,9.345402581592337
-4.17556891831417,-0.8755791519390863,-0.673170682049324,-0.01654725993979689,0.02309276537036131,folg+t 100,7.310691453538228
-5.414430347741666,-0.2549390918679646,-0.48521178503632745,-0.01931522655943664,0.01108536270502778,100 meter,5.928202178489002
-2.483839824947969,-1.72042148155789,-0.8731748621186144,-0.013472843780901442,0.03508411636279739,hoher,9.198251852848825
-2.483839824947969,-1.72042148155789,-0.8731748621186144,-0.013472843780901442,0.03508411636279739,meter hoch+er,9.198251852848825
0.7113585639317108,-3.3084841394014393,-1.1447108099452614,-0.009137137654907713,0.04980411396734449,hoch+er tsunami,12.761624849646967
-5.063001622168687,-0.43114929977114747,-0.5431408669052573,-0.018477043438856627,0.014857753634052367,forscher ereignis,6.320370033296823
-7.046985923499661,0.5639932134972439,-0.1462325402511208,-0.02385222528423855,-0.012215550433975292,ereignis rekonstruier+t,4.107310726317056
-7.33729796047837,0.7092054657629812,-0.0690233930476251,-0.024768798056650308,-0.017815128546494752,Faktor,3.7839485242774136
-7.33729796047837,0.7092054657629812,-0.0690233930476251,-0.024768798056650308,-0.017815128546494752,rekonstruier+t faktor,3.7839485242774136
-7.412612855220665,0.7468140986383198,-0.04784257438280344,-0.025010517321366266,-0.01937068927410776,verhinderte,3.700104835968763
-7.412612855220665,0.7468140986383198,-0.04784257438280344,-0.025010517321366266,-0.01937068927410776,faktor verhinder+te,3.700104835968763
-7.555779004976399,0.8182085615733032,-0.006138721676267583,-0.025473158294212817,-0.022458322217424928,Tragödie,3.5407902325442593
-7.555779004976399,0.8182085615733032,-0.006138721676267583,-0.025473158294212817,-0.022458322217424928,verhinder+te tragödie,3.5407902325442593
-7.046985923499661,0.5639932134972439,-0.1462325402511208,-0.02385222528423855,-0.012215550433975292,rekonstru…,4.107310726317056
-7.046985923499661,0.5639932134972439,-0.1462325402511208,-0.02385222528423855,-0.012215550433975292,ereignis rekonstru…,4.107310726317056
-7.248072034649396,0.6646126020009306,-0.09347965024639152,-0.024484328071216862,-0.016029471806265468,+4043,3.88330479147377
-7.248072034649396,0.6646126020009306,-0.09347965024639152,-0.024484328071216862,-0.016029471806265468,rekonstru… +4043,3.88330479147377
-7.325496930469761,0.703309840408129,-0.07229694396403745,-0.02473104966035301,-0.017575464409832472,+4043 chars,3.7970878226133986
-7.3600674066047045,0.7205787052728205,-0.06267295848401654,-0.024841731843007774,-0.018280631416932716,literatur wer,3.758598382731782
-7.156820355355483,0.6189708148761885,-0.11781084954056065,-0.02419583270356509,-0.014263989947838937,Buch,3.98494317572481
-7.156820355355483,0.6189708148761885,-0.11781084954056065,-0.02419583270356509,-0.014263989947838937,wer buch,3.98494317572481
-7.06685285521663,0.5739405799148198,-0.141159264520281,-0.023914066857579557,-0.012580107361561357,geschrieben,4.085174457566788
-7.06685285521663,0.5739405799148198,-0.141159264520281,-0.023914066857579557,-0.012580107361561357,buch ge+schreib+en,4.085174457566788
-6.736771828164844,0.4085380423693008,-0.2218488894197427,-0.022905905366770694,-0.00683761482806336,Verlage,4.453072019736365
-6.401595341760048,0.24039948566176417,-0.2967429181438421,-0.021927219059198533,-0.0016132064507222987,verlag+e warn+en,4.826836491253488
-6.079806513480736,0.07891200642093255,-0.36294604043748185,-0.021031993283599795,0.0029207295916223557,künstlich,5.185787607001388
-6.079806513480736,0.07891200642093255,-0.36294604043748185,-0.021031993283599795,0.0029207295916223557,tsunami künstlich,5.185787607001388
-6.628673055537386,0.35432465069457875,-0.24672305432984476,-0.022585156747306094,-0.005091226441202135,generierten,4.573599003644827
-6.628673055537386,0.35432465069457875,-0.24672305432984476,-0.022585156747306094,-0.005091226441202135,künstlich generier+t+en,4.573599003644827
-6.982930104582561,0.5319124615330808,-0.16239279031312526,-0.023653805343905272,-0.011057448646297097,Bücher,4.178689966103032
-6.982930104582561,0.5319124615330808,-0.16239279031312526,-0.023653805343905272,-0.011057448646297097,generier+t+en buch+er,4.178689966103032
-6.628907567647953,0.35440540902959716,-0.24673011068084133,-0.02329803681993592,-0.007383008236558103,Gleichzeitig,4.5733602387306425
-6.638708779943006,0.35935840272264663,-0.24444374246926803,-0.022614731639848232,-0.005250788889558246,nutzen,4.562408714090481
-7.325496930469761,0.703309840408129,-0.07229694396403745,-0.02473104966035301,-0.017575464409832472,gleichzeitig nutz+en,3.7970878226133986
-7.402566860067086,0.7417994505215084,-0.050697110518665364,-0.024978199017235723,-0.01916055405867885,Autorinnen,3.7112872057158883
-7.402566860067086,0.7417994505215084,-0.050697110518665364,-0.024978199017235723,-0.01916055405867885,nutz+en autor+in+nen,3.7112872057158883
-7.502403587473816,0.7916072467476316,-0.021914982444572465,-0.025300275740173118,-0.021286399982181667,autor+in+nen bereits,3.600175622731439
-7.5628785293008125,0.8217452686220821,-0.0040192341362744015,-0.02549618171565583,-0.022616129075445926,künstliche,3.5328923208912313
-7.5628785293008125,0.8217452686220821,-0.0040192341362744015,-0.02549618171565583,-0.022616129075445926,bereits künstlich+e,3.5328923208912313
-7.63372995401339,0.8570190659643888,0.017411164960606178,-0.02572621320166548,-0.02421658971238954,künstlich+e intelligenz,3.4540869104097798
-7.718063716360222,0.8989490547378374,0.04360226100689196,-0.026000318705742702,-0.026184672722773035,Plot,3.3603205487166017
-7.718063716360222,0.8989490547378374,0.04360226100689196,-0.026000318705742702,-0.026184672722773035,intelligenz plot,3.3603205487166017
-7.745306510008447,0.9124795491232589,0.05222770973534545,-0.026088840733917776,-0.02683575021521129,Dialoge,3.330039496809313
-7.745306510008447,0.9124795491232589,0.05222770973534545,-0.026088840733917776,-0.02683575021521129,plot dialog+e,3.330039496809313
-7.7941879421735605,0.9367379608191493,0.06791307512721069,-0.026247531312712142,-0.02802348726357394,Lektorat,3.275718138976477
-7.7941879421735605,0.9367379608191493,0.06791307512721069,-0.026247531312712142,-0.02802348726357394,dialog+e lektorat,3.275718138976477
-7.8402371555662365,0.9595667184118759,0.0829415954703366,-0.026396744290736476,-0.029166058173216103,verläuft,3.2245585839994124
-7.880566916654905,0.9795394005911695,0.0963104286145883,-0.026527088783110324,-0.030186235487154003,Grenze,3.1797654025941133
-7.880566916654905,0.9795394005911695,0.0963104286145883,-0.026527088783110324,-0.030186235487154003,verlauf+t grenze,3.1797654025941133
-7.923956129923875,1.0010040964724047,0.11091554954686578,-0.026666849654633357,-0.03130485913486933,Hilfe,3.1315876779965404
-7.923956129923875,1.0010040964724047,0.11091554954686578,-0.026666849654633357,-0.03130485913486933,grenze hilfe,3.1315876779965404
-7.948198617538489,1.0129858134796657,0.11917848463640954,-0.026744674558362068,-0.031939637562582106,Täuschung,3.1046761562488108
-7.948198617538489,1.0129858134796657,0.11917848463640954,-0.026744674558362068,-0.031939637562582106,hilfe täuschung,3.1046761562488108
-7.972717370973873,1.0250955864225177,0.12761209965292705,-0.02682316175494289,-0.03258895945438696,Netflix,3.077462832314894
-7.999190600216824,1.038160687899843,0.13680590043884538,-0.026907619229440547,-0.033298464717272214,Stimmaufnahmen,3.0480859472561894
-7.999190600216824,1.038160687899843,0.13680590043884538,-0.026907619229440547,-0.033298464717272214,netflix stimm+aufnahme+n,3.0480859472561894
-8.033781009392733,1.0552154202756214,0.1489590239253319,-0.02701746343471577,-0.03423901099476217,KI-Training,3.009710869107594
-8.033781009392733,1.0552154202756214,0.1489590239253319,-0.02701746343471577,-0.03423901099476217,stimm+aufnahme+n ki+-+training,3.009710869107594
-8.05350587454806,1.0649320479189361,0.15596177788395554,-0.027079811398473888,-0.034782347913127606,ki+-+training nutz+en,2.987832733387449
-8.064351292584124,1.07027180558317,0.15983493534502557,-0.027113994626883568,-0.03508329910634913,nutz+en deutsch+e,2.975804937115526
-8.07764539111189,1.0768144157265318,0.1646048750848424,-0.0271557954550523,-0.035454360479351375,Synchronsprecher,2.9610630496978025
-8.07764539111189,1.0768144157265318,0.1646048750848424,-0.0271557954550523,-0.035454360479351375,deutsch+e synchronsprecher,2.9610630496978025
-8.100963416387147,1.0882827068592287,0.17303141677526285,-0.02722883118000895,-0.036111034705241025,boykottieren,2.9352097939947424
-8.100963416387147,1.0882827068592287,0.17303141677526285,-0.02722883118000895,-0.036111034705241025,synchronsprecher boykottier+en,2.9352097939947424
-8.122228592237235,1.098732726379618,0.18078368281861348,-0.02729509880249222,-0.036716476573069014,Streaming-Dienst,2.9116373903865074
-8.122228592237235,1.098732726379618,0.18078368281861348,-0.02729509880249222,-0.036716476573069014,boykottier+en streaming-dienst,2.9116373903865074
-8.142824458762732,1.1088456954919368,0.18835437900306465,-0.027358948010944968,-0.03730895852265446,Jan,2.8888114280809365
-8.147161086444198,1.1109740162321728,0.18995636851109052,-0.027372347946150923,-0.03743448517600161,Odle,2.8840058144042744
-8.147161086444198,1.1109740162321728,0.18995636851109052,-0.027372347946150923,-0.03743448517600161,jan odle,2.8840058144042744
-8.157652114501875,1.116121243608304,0.19384333966966802,-0.02740469864046883,-0.03773928130116128,odle deutsch+e,2.8723810780771832
-8.166690639683164,1.1205540606063273,0.19720526777930708,-0.02743249337054397,-0.03800316463440378,Stimme,2.8623667815255525
-8.166690639683164,1.1205540606063273,0.19720526777930708,-0.02743249337054397,-0.03800316463440378,deutsch+e stimme,2.8623667815255525
-8.177256658170226,1.125733906801668,0.20115086078243913,-0.027464891942643753,-0.038313167148872194,Will,2.8506612467740875
-8.177256658170226,1.125733906801668,0.20115086078243913,-0.027464891942643753,-0.038313167148872194,stimme will,2.8506612467740875
-8.181894936951922,1.1280070321097408,0.20288821078791835,-0.02747908161851028,-0.038449774633965726,Smith,2.8455231414510496
-8.181894936951922,1.1280070321097408,0.20288821078791835,-0.02747908161851028,-0.038449774633965726,will smith,2.8455231414510496
-8.188225166996876,1.131108623164019,0.20526456790655176,-0.027498414459887086,-0.03863673134734295,smith erklär+t,2.8385111553441984
-8.1960974489792,1.1349645861456674,0.20822831285724255,-0.027522402646850797,-0.03887006899492065,erklär+t warum,2.829791686245099
-8.208596983318499,1.1410843208497239,0.21295361659488468,-0.027560363870665443,-0.03924248408483392,wichtig,2.815948486115438
-8.208596983318499,1.1410843208497239,0.21295361659488468,-0.027560363870665443,-0.03924248408483392,warum wichtig,2.815948486115438
-8.218851593943157,1.1461024061433027,0.2168482567674645,-0.027591386959132613,-0.03954979216568361,Nein…,2.8045929189484706
-8.218851593943157,1.1461024061433027,0.2168482567674645,-0.027591386959132613,-0.03954979216568361,wichtig nein…,2.8045929189484706
-8.224167146118367,1.148702651579604,0.21887350288153207,-0.02760742404376181,-0.03970972384570178,+49,2.7987071764616793
-8.224167146118367,1.148702651579604,0.21887350288153207,-0.02760742404376181,-0.03970972384570178,nein… +49,2.7987071764616793
-8.227143019577221,1.1501581043702094,0.22000924847938297,-0.027616388924182455,-0.039799451191946715,+49 char+s,2.7954122360831395
-7.836914296973315,0.957920243966784,0.08184880455647968,-0.02638598941410438,-0.029082825175965096,wir müss+en,3.228249711720965
-7.812661316119732,0.9458989927097035,0.07391220475941664,-0.026307431180994375,-0.028479043741652048,aufhören,3.2551929412315914
-7.812661316119732,0.9458989927097035,0.07391220475941664,-0.026307431180994375,-0.028479043741652048,müss+en auf+hör+en,3.2551929412315914
-7.745306510008447,0.9124795491232589,0.05222770973534545,-0.026088840733917776,-0.02683575021521129,Verbeamtung,3.330039496809313
-7.745306510008447,0.9124795491232589,0.05222770973534545,-0.026088840733917776,-0.02683575021521129,auf+hör+en verbeamtung,3.330039496809313
-7.596640261383277,0.8385587593642949,0.006128991776625245,-0.02560574255611727,-0.023372913275305697,Grundproblem,3.495337233218
-7.596640261383277,0.8385587593642949,0.006128991776625245,-0.02560574255611727,-0.023372913275305697,der grund+problem,3.495337233218
-7.494202839416302,0.7875183758403066,-0.024314454772969212,-0.025273750990700766,-0.021108574152992145,grund+problem der,3.6093009076325018
-6.215550655373224,0.1470369155168596,-0.3356467620839558,-0.02140433807122655,0.00106070678232862,Bund,5.034356058479391
-6.215550655373224,0.1470369155168596,-0.3356467620839558,-0.02140433807122655,0.00106070678232862,der bund,5.034356058479391
-6.049816082006573,0.0638609397160943,-0.3688600149991359,-0.020950765215421094,0.003321902264270999,Steuerzahler,5.219245706056584
-6.049816082006573,0.0638609397160943,-0.3688600149991359,-0.020950765215421094,0.003321902264270999,bund steuer+zahler,5.219245706056584
-5.73829651924158,-0.09246634112674457,-0.4279416679275967,-0.020128827742649964,0.007294914053555555,steuer+zahler seh+t,5.566815422408276
-5.280231072879531,-0.3222404665843359,-0.507821522274389,-0.018989819361157245,0.012565165187416266,Debatte,6.077956339660787
-5.280231072879531,-0.3222404665843359,-0.507821522274389,-0.018989819361157245,0.012565165187416266,seh+t debatte,6.077956339660787
-4.323451870677584,-0.8015770977834098,-0.6529304886742803,-0.01685163861764381,0.02183261504775163,Beamtentum,7.145666589002586
-4.323451870677584,-0.8015770977834098,-0.6529304886742803,-0.01685163861764381,0.02183261504775163,debatte beamtentum,7.145666589002586
0.7113585639317108,-3.3084841394014393,-1.1447108099452614,-0.009137137654907713,0.04980411396734449,beamtentum tsunami,12.761624849646967
-3.082390526241019,-1.4218637667316298,-0.8083051570446285,-0.014482317617029722,0.03129011496786098,aufkommen,8.530479285122308
-3.082390526241019,-1.4218637667316298,-0.8083051570446285,-0.014482317617029722,0.03129011496786098,tsunami auf+komm+en,8.530479285122308
-5.139856527376062,-0.39262262054498365,-0.5308198343256638,-0.018656523130308404,0.014060644445757614,Reiner,6.234604475268652
-5.139856527376062,-0.39262262054498365,-0.5308198343256638,-0.018656523130308404,0.014060644445757614,präsident reiner,6.234604475268652
-5.443504134232893,-0.24035664055791184,-0.48023012848025315,-0.019386614230160592,0.01075804260544419,Holznagel,5.895758949721948
-5.443504134232893,-0.24035664055791184,-0.48023012848025315,-0.019386614230160592,0.01075804260544419,reiner holz+nagel,5.895758949721948
-5.766281928249689,-0.07842412256462516,-0.4228017719085733,-0.02020106148983265,0.00695179365503075,holz+nagel forder+t,5.535589513965425
-5.964674735564325,0.02113237397145573,-0.38542624570707124,-0.020722189190606977,0.004442300955385083,daher,5.314234717844584
-5.964674735564325,0.02113237397145573,-0.38542624570707124,-0.020722189190606977,0.004442300955385083,forder+t daher,5.314234717844584
-6.198654527133815,0.13855746162526872,-0.3390931569997422,-0.021357572272895104,0.0012962667381206383,Verbeamtungsstopp,5.053204027047905
-6.198654527133815,0.13855746162526872,-0.3390931569997422,-0.021357572272895104,0.0012962667381206383,daher verbeamtungsstopp,5.053204027047905
-7.5628785293008125,0.8217452686220821,-0.0040192341362744015,-0.02549618171565583,-0.022616129075445926,verbeamtungsstopp reform+en,3.5328923208912313
-7.609392766050253,0.8449072191921423,0.009992194364017274,-0.025647152937034977,-0.023661525260618252,Reformen.Der,3.481153383112124
-7.609392766050253,0.8449072191921423,0.009992194364017274,-0.025647152937034977,-0.023661525260618252,verbeamtungsstopp reformen.d+er,3.481153383112124
-6.500936667105192,0.2902446048101752,-0.2752186555744107,-0.02221239001511564,-0.003104317456967716,reformen.d+er präsident,4.716042989165095
-7.749651678528721,0.9146369435800505,0.05361107883509601,-0.02610295576535506,-0.026940307497730694,Bundes,3.3252101512092787
-7.749651678528721,0.9146369435800505,0.05361107883509601,-0.02610295576535506,-0.026940307497730694,präsident bund+es,3.3252101512092787
-7.7941879421735605,0.9367379608191493,0.06791307512721069,-0.026247531312712142,-0.02802348726357394,St…,3.275718138976477
-7.7941879421735605,0.9367379608191493,0.06791307512721069,-0.026247531312712142,-0.02802348726357394,bund+es st…,3.275718138976477
-7.812661316119732,0.9458989927097035,0.07391220475941664,-0.026307431180994375,-0.028479043741652048,+1974,3.2551929412315914
-7.812661316119732,0.9458989927097035,0.07391220475941664,-0.026307431180994375,-0.028479043741652048,st… +1974,3.2551929412315914
-7.83355720792208,0.9562566756277577,0.08074608671973935,-0.026375121613637115,-0.02899886023390072,+1974 char+s,3.2319789419913034
-5.997625771603064,0.03766884754774358,-0.37905356686748115,-0.02081029718913433,0.004011894816796743,tsunami fjord,5.277471953985181
-6.452892263927108,0.2661388917999936,-0.28569610556319247,-0.02207395421476221,-0.002377440398653563,fjord alaska+s,4.769624590876932
-6.769284978765696,0.4248405053664419,-0.21422518717211164,-0.023003312840896475,-0.007375109006643822,Riesenwelle,4.416824485431718
-6.769284978765696,0.4248405053664419,-0.21422518717211164,-0.023003312840896475,-0.007375109006643822,alaska+s riese+n+welle,4.416824485431718
-7.06685285521663,0.5739405799148198,-0.141159264520281,-0.023914066857579557,-0.012580107361561357,riese+n+welle vor,4.085174457566788
-7.233928567786253,0.6575406682422615,-0.09729501542473988,-0.024439444530827983,-0.015751901099863,vor jahr,3.8990564667658174
-7.219386255282597,0.6502684048437422,-0.10120087892367977,-0.02439335813533008,-0.015468026814173419,jahr lös+te,3.9152529947167336
-7.046985923499661,0.5639932134972439,-0.1462325402511208,-0.02385222528423855,-0.012215550433975292,lös+te berg+sturz,4.107310726317056
-6.588558507820697,0.33420267310027496,-0.2557740646076942,-0.022467358617718605,-0.004458539684185116,berg+sturz fast,4.618329986025826
-5.997625771603064,0.03766884754774358,-0.37905356686748115,-0.02081029718913433,0.004011894816796743,Tracy-Arm-Fjord,5.277471953985181
-5.997625771603064,0.03766884754774358,-0.37905356686748115,-0.02081029718913433,0.004011894816796743,tsunami tracy-arm-fjord,5.277471953985181
-7.026406639948027,0.553687895918588,-0.15145695030085116,-0.02378831548535329,-0.011840626923706035,der ursache,4.130241745811801
-7.301003299036282,0.6910709361145071,-0.07905306928236257,-0.024652818445206642,-0.017081467301074793,abschmelzende,3.8243606612778316
-7.301003299036282,0.6910709361145071,-0.07905306928236257,-0.024652818445206642,-0.017081467301074793,ursache ab+schmelz+end+e,3.8243606612778316
-7.450723193976275,0.7658321093764375,-0.03692979350158561,-0.025133313307353418,-0.020175447717400243,Gletscherzunge,3.6576872437363703
-7.450723193976275,0.7658321093764375,-0.03692979350158561,-0.025133313307353418,-0.020175447717400243,ab+schmelz+end+e gletscher+zunge,3.6576872437363703
-7.62778535223341,0.854061082913554,0.015593357311846981,-0.02570689861862884,-0.024080488508480574,Jackie,3.4606978812173974
-7.62778535223341,0.854061082913554,0.015593357311846981,-0.02570689861862884,-0.024080488508480574,als jackie,3.4606978812173974
-7.667599760618496,0.8738665761351323,0.027838797637203486,-0.025836288044431843,-0.02499855556557847,Caplan-Auerbach,3.4164240386169293
-7.667599760618496,0.8738665761351323,0.027838797637203486,-0.025836288044431843,-0.02499855556557847,jackie caplan-auerbach,3.4164240386169293
-7.758184827617599,0.9188731225503577,0.05633393386043846,-0.0261306710913032,-0.027146215331152544,caplan-auerbach früh+en,3.3157265046350455
-7.8402371555662365,0.9595667184118759,0.0829415954703366,-0.026396744290736476,-0.029166058173216103,Augusts,3.2245585839994124
-7.865654891025189,0.9721567912998392,0.09134439813108355,-0.026478936891942615,-0.029806859199667066,august+s vergeh+en+en,3.196326416921099
-7.537182661183541,0.775900138532764,-0.008145784793071164,0.326010098704271,0.03852915242684714,Jahres,3.5758191707796008
-7.900312489594413,0.9893106300233974,0.1029279942976373,-0.02659075946825655,-0.030692549843841954,vergeh+en+en jahr+es,3.157838888055305
-7.926471913543747,1.0022478871032783,0.11176958115028485,-0.026674935484508045,-0.03137040374211938,Hause,3.1287946949185805
-7.926471913543747,1.0022478871032783,0.11176958115028485,-0.026674935484508045,-0.03137040374211938,jahr+es haus+e,3.1287946949185805
-7.950516012123304,1.014130741454202,0.11997227641816831,-0.026752102882880557,-0.03200069152752072,Telefon,3.1021038712141933
-7.950516012123304,1.014130741454202,0.11997227641816831,-0.026752102882880557,-0.03200069152752072,haus+e telefon,3.1021038712141933
-7.968413100155473,1.0229703467088265,0.1261259513743338,-0.026809400882507817,-0.032474432507825966,klingelte,3.082239772785978
-7.968413100155473,1.0229703467088265,0.1261259513743338,-0.026809400882507817,-0.032474432507825966,telefon klingel+te,3.082239772785978
-7.991310343882115,1.0342727231613664,0.1340595542632907,-0.026882512037198623,-0.03308634199583839,beschlich,3.056829899290765
-7.991310343882115,1.0342727231613664,0.1340595542632907,-0.026882512037198623,-0.03308634199583839,klingel+te beschlich,3.056829899290765
-8.025102705973444,1.0509383932207534,0.14589483147530155,-0.026989963320772664,-0.03400158217931461,mulmiges,3.0193376838282915
-8.025102705973444,1.0509383932207534,0.14589483147530155,-0.026989963320772664,-0.03400158217931461,beschlich mulmig+es,3.0193376838282915
-8.0405234274421,1.0585375149015075,0.15134674293207545,-0.027038800444729054,-0.034424157765070566,Gefühl,3.002232004588361
-8.0405234274421,1.0585375149015075,0.15134674293207545,-0.027038800444729054,-0.034424157765070566,mulmig+es gefühl,3.002232004588361
-8.05350587454806,1.0649320479189361,0.15596177788395554,-0.027079811398473888,-0.034782347913127606,Ihre,2.987832733387449
-8.061299417130176,1.0687694128298828,0.15874339148041486,-0.02710438282288514,-0.03499845268439972,Nachbarn,2.9791894173063542
-8.061299417130176,1.0687694128298828,0.15874339148041486,-0.02710438282288514,-0.03499845268439972,ihr+e nachbar+n,2.9791894173063542
-8.083334195314855,1.0796131825457074,0.1666535833203281,-0.027173647782639122,-0.035613878351496264,nämlich,2.95475523644331
-8.083334195314855,1.0796131825457074,0.1666535833203281,-0.027173647782639122,-0.035613878351496264,nachbar+n nämlich,2.95475523644331
-8.094332714790987,1.0850225821605073,0.1706274165578043,-0.027208100916026226,-0.0359235414063894,nämlich zehn,2.9425608587601877
-8.100963416387147,1.0882827068592287,0.17303141677526285,-0.02722883118000895,-0.036111034705241025,zehn tag+e,2.9352097939947424
-8.107416990101338,1.0914549728778118,0.17537721911889453,-0.02724897748365005,-0.03629410571860677,zuvor,2.928055529009538
-8.107416990101338,1.0914549728778118,0.17537721911889453,-0.02724897748365005,-0.03629410571860677,tag+e zuvor,2.928055529009538
-8.118611664696143,1.0969559098715576,0.17946052921335595,-0.027283851474340967,-0.03661305066167301,ei…,2.915646416889148
-8.118611664696143,1.0969559098715576,0.17946052921335595,-0.027283851474340967,-0.03661305066167301,zuvor ei…,2.915646416889148
-8.124609302124277,1.0999021158871012,0.18165563387488748,-0.027302496439337215,-0.0367846538238187,+5862,2.9089986704592485
-8.124609302124277,1.0999021158871012,0.18165563387488748,-0.027302496439337215,-0.0367846538238187,ei… +5862,2.9089986704592485
-8.131609167785538,1.1033397809384753,0.18422415074921594,-0.027324221584689393,-0.03698557743492075,+5862 chars,2.9012405383650886
-7.964191551856915,0.7182395395420607,1.5029529701770796,0.6519533531764736,0.0798471026874632,600,3.239445016662417
-8.519584202644499,1.0091184799342217,1.7112063316072128,-0.014171647958592964,-0.04614956882102441,600 kilo+meter,2.6162768191563575
-8.507111541398672,0.9899493846389469,1.7353837680180124,-0.013546573334349662,-0.0450152153350717,kilo+meter weit,2.636220941945432
-8.500179156286155,0.9793019102608715,1.7484621289717528,-0.013200260514723356,-0.044381266125555104,spürbar,2.647297617578629
-8.500179156286155,0.9793019102608715,1.7484621289717528,-0.013200260514723356,-0.044381266125555104,weit spür+bar,2.647297617578629
-8.486266297685875,0.9579534550343836,1.7739732486763415,-0.012507777969552021,-0.043102566896322116,spür+bar stark+es,2.6695078402442327
-8.443556991367554,0.8926628714794007,1.8466982877280913,-0.01040524833036491,-0.03913851061278425,Süditalien,2.7374974754524386
-8.443556991367554,0.8926628714794007,1.8466982877280913,-0.01040524833036491,-0.03913851061278425,erdbeben süditalie+n,2.7374974754524386
-8.141970039929186,0.45047104352098377,2.2046909954699663,0.0032696161350061438,-0.011390339475073695,0.12,3.207038047284276
-8.401657544960061,0.8291001042567527,1.9109251464219095,-0.0083799672491238,-0.03521985242469705,süditalie+n 0.12,2.8038771304889365
-8.11552045809152,0.4135123800873304,2.2276430892045362,0.0043704828231534935,-0.009057640501169084,0.12 uhr,3.247295855992668
-8.09139165458715,0.38005305450481863,2.2477734847128716,0.005361758598642707,-0.006948279872638859,uhr werd+e,3.283897340141862
-7.973294287276696,0.2197154187686019,2.3366890170773895,0.010042475338394918,0.0031126176923001875,werd+e küste,3.461402743716294
-7.893004413100467,0.11381044466160795,2.389540112703577,0.013072379650709126,0.009701422178260182,Kalabriens,3.580614962696327
-7.893004413100467,0.11381044466160795,2.389540112703577,0.013072379650709126,0.009701422178260182,küste kalabrien+s,3.580614962696327
-7.628197569086302,-0.2195672397595776,2.5326639439396255,0.022301679885025925,0.030052478689130448,kalabrien+s see+beben,3.966387089939661
-7.659243618634984,-0.18164626698266995,2.5178811088648057,0.021274879625006776,0.027770821146279226,Magnitude,3.92169667664981
-7.659243618634984,-0.18164626698266995,2.5178811088648057,0.021274879625006776,0.027770821146279226,see+beben magnitude,3.92169667664981
-7.869381278089838,0.08310459301103901,2.4041080990813968,0.013941855104433371,0.011601731861370928,"magnitude 6,2",3.6154773186047326
-8.318895459223764,0.7053902221087165,2.021196435916358,-0.004497209590965169,-0.02748704696620652,"6,2 registrier+t",2.933940580990885
-8.477587007881827,0.9446524023404879,1.7894119215960937,-0.012077589343906975,-0.04230113369716149,Balkanhalbinsel,2.6833487981240265
-8.477587007881827,0.9446524023404879,1.7894119215960937,-0.012077589343906975,-0.04230113369716149,erschütterung+en balkanhalbinsel,2.6833487981240265
-8.507111541398672,0.9899493846389469,1.7353837680180124,-0.013546573334349662,-0.0450152153350717,balkanhalbinsel spür+en,2.636220941945432
-3.560632545619427,-1.1177729062883346,0.6305198405494011,0.07345322258417505,0.02936226233961459,Süden,7.9892130252695015
-8.527385677627718,1.0211137461904176,1.6956423359118638,-0.014563846864560715,-0.04685449234408077,süden italien+s,2.603793105257674
-8.536486712649019,1.0351091171076565,1.6770358315824276,-0.015022475875735025,-0.047671778483297254,italien+s ereign+ete,2.5892222430868186
-8.545569311569999,1.0490749219928177,1.6579631493481277,-0.015481257648978423,-0.048481366084771695,Dienstag,2.5746738362789445
-8.545569311569999,1.0490749219928177,1.6579631493481277,-0.015481257648978423,-0.048481366084771695,ereign+ete dienstag,2.5746738362789445
-8.537440584932575,1.0365759529794725,1.6750568276789874,-0.0150706090974595,-0.04775709812053371,dienstag kurz,2.5876946510387735
-8.527385677627718,1.0211137461904176,1.6956423359118638,-0.014563846864560715,-0.04685449234408077,Mitternacht,2.603793105257674
-8.527385677627718,1.0211137461904176,1.6956423359118638,-0.014563846864560715,-0.04685449234408077,kurz mitternacht,2.603793105257674
-8.508438221944214,0.9919876693085727,1.732852124252849,-0.013612941057468247,-0.04513626864596979,mitternacht stark+es,2.634100441745773
-8.289397800055285,0.6619609774914699,2.056109197462204,-0.0031521117100302555,-0.024752187878121508,Tyrrhenischen,2.979942091011311
-8.289397800055285,0.6619609774914699,2.056109197462204,-0.0031521117100302555,-0.024752187878121508,kalabrien+s tyrrhenisch+en,2.979942091011311
-8.100217066551185,0.392263018676011,2.240496582277328,0.0050006100944700125,-0.007717720164770778,tyrrhenisch+en meer,3.2705234796259592
-7.628197569086302,-0.2195672397595776,2.5326639439396255,0.022301679885025925,0.030052478689130448,meer see+beben,3.966387089939661
-8.325432412770827,0.7150633858626216,2.0131753288414176,-0.004798064381707763,-0.02809514277512827,INGV,2.92372065010335
-8.325432412770827,0.7150633858626216,2.0131753288414176,-0.004798064381707763,-0.02809514277512827,"6,2 ingv",2.92372065010335
-8.359330007441669,0.7655004099265768,1.9697863661248884,-0.006374251843618834,-0.03125772169493445,USG…,2.8705772714153683
-8.359330007441669,0.7655004099265768,1.9697863661248884,-0.006374251843618834,-0.03125772169493445,ingv usg…,2.8705772714153683
-8.386372584687983,0.8060577654118337,1.932827300200113,-0.007650921965161164,-0.033788355417506875,+737,2.8280060851076882
-8.386372584687983,0.8060577654118337,1.932827300200113,-0.007650921965161164,-0.033788355417506875,usg… +737,2.8280060851076882
-8.40519942514501,0.8344512218348854,1.9057392689915635,-0.00854966190390285,-0.035551546384760276,+737 char+s,2.7982791363017343
-7.683469539528415,0.8817570074879191,0.03276646914513547,-0.025887873381794872,-0.025368815872727678,Wonderful,3.3987791832566994
-7.6702914807393725,0.8752050564077496,0.02867270256328455,-0.02584503737697599,-0.025061181118015176,Town,3.4134311432648374
-7.6702914807393725,0.8752050564077496,0.02867270256328455,-0.02584503737697599,-0.025061181118015176,wonderful town,3.4134311432648374
-8.230801928331887,1.151947345770119,0.22140757612349599,-0.027627398145920284,-0.039909961491349365,2007,2.791361175259526
-8.230801928331887,1.151947345770119,0.22140757612349599,-0.027627398145920284,-0.039909961491349365,town 2007,2.791361175259526
-8.22640316359159,1.1497962710432406,0.2197267521829602,-0.027614160995985907,-0.03977713053197005,2007 film,2.796231407782833
-8.220384584085734,1.1468523741136933,0.21743188008858733,-0.027596015127346475,-0.03959587127034104,Liebe,2.8028954524066214
-8.220384584085734,1.1468523741136933,0.21743188008858733,-0.027596015127346475,-0.03959587127034104,film liebe,2.8028954524066214
-8.213393588234613,1.1434318234323602,0.21477330988113344,-0.02757488869920531,-0.039386027136939,Schneckentempo,2.8106367507632513
-8.213393588234613,1.1434318234323602,0.21477330988113344,-0.02757488869920531,-0.039386027136939,liebe schnecke+n+tempo,2.8106367507632513
-8.201187270590454,1.1374569543624968,0.21014956365771942,-0.027537879564612188,-0.039021430727394106,schnecke+n+tempo der,2.824154500640805
-8.197807782327384,1.135802158891852,0.20887346816968566,-0.02752760624652758,-0.03892088739938008,der thailand,2.827897388256918
-8.182810757861516,1.128455804212676,0.20323163240891556,-0.02748188094883301,-0.03847678542328751,Aditya,2.8445086595909514
-8.182810757861516,1.128455804212676,0.20323163240891556,-0.02748188094883301,-0.03847678542328751,thailand aditya,2.8445086595909514
-8.176316967173873,1.1252733291557022,0.20079927842229991,-0.027462014734136043,-0.03828553012121711,Assarats,2.8517022298199137
-8.176316967173873,1.1252733291557022,0.20079927842229991,-0.027462014734136043,-0.03828553012121711,aditya assarat+s,2.8517022298199137
-8.16767250910248,1.1210355049857195,0.19757121412705322,-0.027435508367188447,-0.03803190285693581,zweitem,2.8612789672751604
-8.16767250910248,1.1210355049857195,0.19757121412705322,-0.027435508367188447,-0.03803190285693581,assarat+s zweit+em,2.8612789672751604
-8.22640316359159,1.1497962710432406,0.2197267521829602,-0.027614160995985907,-0.03977713053197005,zweit+em film,2.796231407782833
-8.242077819038782,1.1574594500756328,0.22573013665602407,-0.02766123182609858,-0.04025184168298259,film wonderful,2.7788778038516027
-8.135031503613591,1.1050201637032053,0.18548253445887533,-0.027334829148614053,-0.03708406593135815,town seh+en,2.897447664092164
-8.08751656688793,1.081670452159505,0.16816268571656387,-0.027186758895451406,-0.03573143709887403,Reisekatalogen,2.950117977617398
-8.08751656688793,1.081670452159505,0.16816268571656387,-0.027186758895451406,-0.03573143709887403,seh+en reise+katalog+en,2.950117977617398
-8.065863561617892,1.0710162138572086,0.1603762976571052,-0.02711875533381377,-0.03512538874237595,kennen,2.974127888585019
-8.065863561617892,1.0710162138572086,0.1603762976571052,-0.02711875533381377,-0.03512538874237595,reise+katalog+en kenn+en,2.974127888585019
-8.05350587454806,1.0649320479189361,0.15596177788395554,-0.027079811398473888,-0.034782347913127606,Feinsandige,2.987832733387449
-8.033781009392733,1.0552154202756214,0.1489590239253319,-0.02701746343471577,-0.03423901099476217,Palmenstrände,3.009710869107594
-8.033781009392733,1.0552154202756214,0.1489590239253319,-0.02701746343471577,-0.03423901099476217,feinsandig+e palme+n+strand+e,3.009710869107594
-8.006850693669191,1.0419391103658375,0.13948341081441104,-0.026931996616989695,-0.03350541971556283,kristallklares,3.039586810547033
-8.006850693669191,1.0419391103658375,0.13948341081441104,-0.026931996616989695,-0.03350541971556283,palme+n+strand+e kristall+klar+es,3.039586810547033
-7.976957075185336,1.0271886787083764,0.1290783126930032,-0.026836708554156347,-0.032701994333956604,kristall+klar+es wasser,3.0727577017890546
-7.959604117300103,1.0186200539095331,0.12309193666792415,-0.026781214575587853,-0.03224076231830166,exotische,3.0920165901951187
-7.959604117300103,1.0186200539095331,0.12309193666792415,-0.026781214575587853,-0.03224076231830166,wasser exotisch+e,3.0920165901951187
-7.936326938686526,1.0071193230585398,0.11512275955130252,-0.026706589207793497,-0.031627893990757154,exotisch+e natur,3.1178542864814025
-7.921418940396125,0.9997496354209339,0.110055058119162,-0.02665869290294685,-0.031238833685511842,versuchen,3.134404476136714
-7.921418940396125,0.9997496354209339,0.110055058119162,-0.02665869290294685,-0.031238833685511842,natur versuch+en,3.134404476136714
-7.883465995158014,0.9809743432916773,0.09727903147768678,-0.026536443611189644,-0.030260288902733412,vergeblich,3.176545931326927
-7.883465995158014,0.9809743432916773,0.09727903147768678,-0.026536443611189644,-0.030260288902733412,versuch+en vergeblich,3.176545931326927
-7.819774373888252,0.9494253619822868,0.07623273061261415,-0.02633048158218728,-0.02865544941107312,der der,3.2472904533925346
-7.805393280092175,0.9422951968152213,0.07154722134543727,-0.0262838704403164,-0.02829936850408525,thailändische,3.2632679605479016
-7.805393280092175,0.9422951968152213,0.07154722134543727,-0.0262838704403164,-0.02829936850408525,der thailändisch+e,3.2632679605479016
-7.749651678528721,0.9146369435800505,0.05361107883509601,-0.02610295576535506,-0.026940307497730694,Regisseur,3.3252101512092787
-7.749651678528721,0.9146369435800505,0.05361107883509601,-0.02610295576535506,-0.026940307497730694,thailändisch+e regisseur,3.3252101512092787
-7.703633186866569,0.8917789880707079,0.0390664455103759,-0.025953416155211212,-0.025842879356842124,regisseur führ+t,3.3763622430093796
-7.60306734607056,0.8417584588483638,0.008073918252565412,-0.02562661119708942,-0.023518178783387994,führ+t klein+e,3.488188666880624
-7.555779004976399,0.8182085615733032,-0.006138721676267583,-0.025473158294212817,-0.022458322217424928,Küstenstadt,3.5407902325442593
-7.555779004976399,0.8182085615733032,-0.006138721676267583,-0.025473158294212817,-0.022458322217424928,klein+e küste+n+stadt,3.5407902325442593
-7.412612855220665,0.7468140986383198,-0.04784257438280344,-0.025010517321366266,-0.01937068927410776,küste+n+stadt wenig,3.700104835968763
-7.31340287285211,0.6972670902033957,-0.0756393011865148,-0.024692401857021512,-0.017330969856738723,bieten,3.8105538898019047
-7.31340287285211,0.6972670902033957,-0.0756393011865148,-0.024692401857021512,-0.017330969856738723,wenig biet+en,3.8105538898019047
-7.086048110862334,0.5835504439681944,-0.13622948959182749,-0.02397395020626149,-0.012934805594215955,biet+en der,4.063787539331356
-6.959931993794573,0.5203916449279549,-0.16812277197800896,-0.023582936071614456,-0.010647965334237827,Strand,4.204319744289842
-6.959931993794573,0.5203916449279549,-0.16812277197800896,-0.023582936071614456,-0.010647965334237827,der strand,4.204319744289842
-6.588558507820697,0.33420267310027496,-0.2557740646076942,-0.022467358617718605,-0.004458539684185116,strand immer,4.618329986025826
-5.997625771603064,0.03766884754774358,-0.37905356686748115,-0.02081029718913433,0.004011894816796743,Spuren,5.277471953985181
-5.997625771603064,0.03766884754774358,-0.37905356686748115,-0.02081029718913433,0.004011894816796743,immer spur+en,5.277471953985181
-3.6859285090303455,-1.120426736395808,-0.7366604203529551,-0.015583892092092143,0.026991804165215308,spur+en tsunami-katastroph+e,7.857067079181015
-6.702600792635051,0.39140247924379823,-0.22978957738485917,-0.02280399475125825,-0.00627889144583179,tsunami-katastroph+e 2004,4.491169753044911
-6.858123580196611,0.46937548126126627,-0.19304581365230708,-0.023271633969088042,-0.008873852614566677,2004 zeig+t,4.317791670734953
-7.026406639948027,0.553687895918588,-0.15145695030085116,-0.02378831548535329,-0.011840626923706035,Eingebettet,4.130241745811801
-7.260211567171039,0.6699377732963485,-0.08943343188644969,0.05644115067111185,-0.002797952638907329,eher,3.87009334898352
-7.348817744213147,0.7149598896315481,-0.06581617900372942,-0.02480568130252473,-0.018050130834547,ein+ge+bett+et eher,3.771122848773568
-7.402566860067086,0.7417994505215084,-0.050697110518665364,-0.024978199017235723,-0.01916055405867885,tros…,3.7112872057158883
-7.402566860067086,0.7417994505215084,-0.050697110518665364,-0.024978199017235723,-0.01916055405867885,eher tros…,3.7112872057158883
-7.468632259326361,0.774766068843515,-0.03175514174270888,-0.02519111763136839,-0.02055783864076638,+1423,3.63775615571946
-7.468632259326361,0.774766068843515,-0.03175514174270888,-0.02519111763136839,-0.02055783864076638,tros… +1423,3.63775615571946
-7.518351057765447,0.7995572901419703,-0.01723038792747433,-0.025351887011058113,-0.021633893464869422,+1423 char+s,3.582431125760644
14.370928159148686,-10.036451594426714,-1.6936160424492204,0.0011826250631705925,0.07433228641229608,"7,8",27.977849766749134
13.93036903695829,-9.820351045084406,-1.6834963075964835,-0.0003395249242623505,0.07395962419554514,"stärke 7,8",27.48735935162485
-3.6859285090303455,-1.120426736395808,-0.7366604203529551,-0.015583892092092143,0.026991804165215308,"7,8 tsunami-warnung",7.857067079181015
-6.6527444305957575,0.3660212117254309,-0.24033124714794485,-0.04210764392320316,0.02792143231060982,tsunami-warnung philippinen,4.546891480845258
1.023511383109419,-3.4632321386768337,-1.1660525963512753,-0.011264463459453302,0.0551553268817023,philippinen indonesien,13.109646442860084
-6.91112725884391,0.4959386353430484,-0.18015930795807203,-0.023433206017348558,-0.009789747430214518,philippinen nach,4.258713027574234
10.399815810791939,-8.086930929866313,-1.5899153566866866,-0.001956146531764574,0.06835716024706234,Südküste,23.55614564526745
-5.832977271510611,-0.044957014898145964,-0.4104227532520957,-0.020374475268451875,0.006123442705109401,"7,8 süd+küste",5.46117271072665
8.673010572091194,-7.2381313335337705,-1.5341868572711483,-0.008949801882146216,0.07720706696332455,süd+küste philippinen,21.633084088994938
-0.672659429500106,-2.621684004699708,-1.0399968405028208,-0.010829402125981928,0.04437018496567997,philippinen behörde+n,11.218403246022586
4.853716174509989,-5.356626400869619,-1.381499714078836,-0.00520704587948251,0.060635454643478595,behörde+n tsunamiwarnung,17.37839866917674
-6.401595341760048,0.24039948566176417,-0.2967429181438421,-0.021927219059198533,-0.0016132064507222987,tsunamiwarnung ...,4.826836491253488
-6.588558507820697,0.33420267310027496,-0.2557740646076942,-0.022467358617718605,-0.004458539684185116,... tts-player,4.618329986025826
-7.288284957417943,0.6847147154019153,-0.08254099781970745,-0.024612261133100662,-0.016826769492119288,weiterlesenPhilippinen,3.8385229241385037
-7.288284957417943,0.6847147154019153,-0.08254099781970745,-0.024612261133100662,-0.016826769492119288,überspringenartikel weiterlesenphilippin+en,3.8385229241385037
-6.91112725884391,0.4959386353430484,-0.18015930795807203,-0.023433206017348558,-0.009789747430214518,weiterlesenphilippin+en nach,4.258713027574234
-2.086364081180422,-1.9184778583401196,-0.9132855053770809,-0.012843308185878699,0.037381019300486894,tsunamiwarnung aus+ge+geb+en,9.641651245664828
-5.093168709642275,-0.4160274569192879,-0.5383269283036101,-0.018547242877912564,0.014546655387146177,USA,6.2867052782005395
-5.093168709642275,-0.4160274569192879,-0.5383269283036101,-0.018547242877912564,0.014546655387146177,der usa,6.2867052782005395
-7.204425738329441,0.6427860781557795,-0.10520112632913331,-0.024346014110474615,-0.015177586357886533,+668,3.9319159794174863
-7.204425738329441,0.6427860781557795,-0.10520112632913331,-0.024346014110474615,-0.015177586357886533,usa +668,3.9319159794174863
-7.27523377213244,0.6781913508304298,-0.0861059921430302,-0.024570689379377435,-0.016566678809760843,+668 chars,3.8530563855137245
-7.1046091679928045,0.5928416471848521,-0.1314361288230022,-0.024031977214932856,-0.013280117464963125,"7,8 schwer+es",4.043108141632757
25.908210882118752,-15.6877676141599,-1.8728555856263962,0.10389680482562803,0.09318454425800823,erdbeben philippinen,40.820560534584594
24.123132410730683,-14.811818783297854,-1.8549254473934391,0.0037296078190763382,0.06876624007318427,philippinen tsunami-warnung,38.8327151743972
-6.255229775060142,0.1657594303086043,-0.32595258207896655,-0.05371042968550832,0.055901091476899575,tsunami-warnung auf,4.990561406142881
0.45560722484866645,-3.1816510226348984,-1.1264168913281682,0.00798925534867372,0.051878396994740894,auf philippinen,12.476466775348221
-3.9184000021284557,-1.0043010645350798,-0.7068606142311838,-0.022460176012620695,0.03625584069406829,philippinen schwer+es,7.597692092011134
-6.599672423873528,0.3397777413827199,-0.2532759618314369,-0.022499928057655254,-0.004633015103866392,behörde+n indonesien+s,4.605936839832488
-6.520903934218684,0.3002623997661633,-0.2708262320214189,-0.022270209296511332,-0.0034096323076764287,Palaus,4.693775281334842
-6.520903934218684,0.3002623997661633,-0.2708262320214189,-0.022270209296511332,-0.0034096323076764287,indonesien+s palau+s,4.693775281334842
-6.440527327848143,0.2599346574333703,-0.2883719954612567,-0.022038482858329194,-0.002192116748724167,Taiwans,4.783415042278882
-6.440527327848143,0.2599346574333703,-0.2883719954612567,-0.022038482858329194,-0.002192116748724167,palau+s taiwan+s,4.783415042278882
-6.282734584465724,0.18075311503215996,-0.3218025061729525,-0.021591478578702784,0.00011229868342345004,Papua-Neuguineas,4.959413447401218
-6.282734584465724,0.18075311503215996,-0.3218025061729525,-0.021591478578702784,0.00011229868342345004,taiwan+s papua-neuguinea+s,4.959413447401218
-5.858330584983109,-0.032234477358240365,-0.4056683884184347,-0.020440866285834122,0.0058045605990554895,papua-neuguinea+s warn+en,5.432884727019923
-6.389634263748156,0.23439751200695635,-0.2992983180374415,-0.02189316372654378,-0.0014367335029457397,hin+zu+füg+en auf,4.840177197632879
-8.012457408490945,1.0447041016012222,0.14144813944072285,-0.026949821092297106,-0.03365737481355877,möglich+en tsunam…,3.0333662974243745
-8.02860825706301,1.0526662207994781,0.14713136638867513,-0.027001076742016673,-0.03409737170530384,+751,3.015448904013577
-8.02860825706301,1.0526662207994781,0.14713136638867513,-0.027001076742016673,-0.03409737170530384,tsunam… +751,3.015448904013577
-8.037173903868013,1.0568872456520932,0.15015978890873002,-0.02702820374333385,-0.034332105105376556,+751 chars,3.0059473301661863
0.7113585639317108,-3.3084841394014393,-1.1447108099452614,-0.009137137654907713,0.04980411396734449,philippinen tsunamiwarnung,12.761624849646967
-7.173165778933542,0.6271488427489682,-0.11350156745120282,-0.024247315794551104,-0.014575873934129006,"7,8 auch",3.9667354118301743
-7.139964472032472,0.6105363381586699,-0.12223274111592253,-0.02414283365253841,-0.013944312600162642,auch indonesien,4.003720355860528
-6.885187781659115,0.4829396697169137,-0.1864896719696549,-0.0233539975466472,-0.009339445672382422,Taiwan,4.287624826643995
-6.885187781659115,0.4829396697169137,-0.1864896719696549,-0.0233539975466472,-0.009339445672382422,indonesien taiwan,4.287624826643995
-6.500936667105192,0.2902446048101752,-0.2752186555744107,-0.02221239001511564,-0.003104317456967716,taiwan sogar,4.716042989165095
-6.154911706449223,0.11660461979713999,-0.34795092802962657,-0.021237054715551134,0.0019007096446319906,sogar japan,5.102001080688203
-5.568563040459621,-0.1776243075372923,-0.4584509406706791,-0.019697358414353668,0.009321671609127388,japan soll+en,5.756208972943077
0.7113585639317108,-3.3084841394014393,-1.1447108099452614,-0.009137137654907713,0.04980411396734449,Tsunamiwarnungen,12.761624849646967
-3.6859285090303455,-1.120426736395808,-0.7366604203529551,-0.015583892092092143,0.026991804165215308,soll+en tsunamiwarnung+en,7.857067079181015
-3.6859285090303455,-1.120426736395808,-0.7366604203529551,-0.015583892092092143,0.026991804165215308,tsunamiwarnung+en tsunamiwelle+n,7.857067079181015
-6.223914832039437,0.15123452519600722,-0.33393547045087657,-0.02142753310139086,0.0009436609889512081,erwartet,5.025025739791974
-6.223914832039437,0.15123452519600722,-0.33393547045087657,-0.02142753310139086,0.0009436609889512081,tsunamiwelle+n erwart+et,5.025025739791974
-7.301003299036282,0.6910709361145071,-0.07905306928236257,-0.024652818445206642,-0.017081467301074793,behörde+n schwer+en,3.8243606612778316
-3.6859285090303455,-1.120426736395808,-0.7366604203529551,-0.015583892092092143,0.026991804165215308,insel+staat+s tsunamiwarnung,7.857067079181015
-6.452892263927108,0.2661388917999936,-0.28569610556319247,-0.02207395421476221,-0.002377440398653563,ansässige,4.769624590876932
-6.452892263927108,0.2661388917999936,-0.28569610556319247,-0.02207395421476221,-0.002377440398653563,usa ansässig+e,4.769624590876932
-5.694873862585679,-0.11425371903939263,-0.43585439138785553,-0.020017365505524326,0.007822196767071809,Pacific,5.615266712236061
-5.694873862585679,-0.11425371903939263,-0.43585439138785553,-0.020017365505524326,0.007822196767071809,ansässig+e pacific,5.615266712236061
-3.6859285090303455,-1.120426736395808,-0.7366604203529551,-0.015583892092092143,0.026991804165215308,pacific tsunami,7.857067079181015
-5.694873862585679,-0.11425371903939263,-0.43585439138785553,-0.020017365505524326,0.007822196767071809,Warning,5.615266712236061
-5.694873862585679,-0.11425371903939263,-0.43585439138785553,-0.020017365505524326,0.007822196767071809,tsunami warning,5.615266712236061
-6.346654977880627,0.21283023588155725,-0.3084178340685909,-0.021771291637839016,-0.0008079095598067625,Center,4.888115077857104
-6.346654977880627,0.21283023588155725,-0.3084178340685909,-0.021771291637839016,-0.0008079095598067625,warning center,4.888115077857104
-6.66662371334122,0.37335939617868963,-0.23807181813572625,-0.022697215148062028,-0.005697351361388617,center teil+te,4.531283074563293
-6.959931993794573,0.5203916449279549,-0.16812277197800896,-0.023582936071614456,-0.010647965334237827,Mon…,4.204319744289842
-6.959931993794573,0.5203916449279549,-0.16812277197800896,-0.023582936071614456,-0.010647965334237827,teil+te mon…,4.204319744289842
-7.086048110862334,0.5835504439681944,-0.13622948959182749,-0.02397395020626149,-0.012934805594215955,+887,4.063787539331356
-7.086048110862334,0.5835504439681944,-0.13622948959182749,-0.02397395020626149,-0.012934805594215955,mon… +887,4.063787539331356
-7.173165778933542,0.6271488427489682,-0.11350156745120282,-0.024247315794551104,-0.014575873934129006,+887 char+s,3.9667354118301743
-4.367576034272477,-0.7797759251985013,-0.6461481407186984,-0.030347005337646914,0.04452940668053766,erdbeben lass+st,7.096529168397587
9.588590851131606,-7.6892030608048625,-1.563722307008501,0.053463732516331665,0.0916254544248612,Gebäude,22.653134616769158
-4.092227133692338,-0.9176805888467423,-0.6835740341509153,-0.03250475573607208,0.05157256420533095,lass+st gebäude,7.403843968326161
-3.6146723785879633,-1.1567862834593146,-0.744394574387895,-0.03760584493468779,0.0657513413807104,gebäude ein+stürz+en,7.936867599455301
-4.847710944573195,-0.539303555347161,-0.5760530833025407,-0.03130508341638307,0.039936128330647705,ein+stürz+en mensch+en,6.560715629566808
0.6141190823155505,-3.2614177965440034,-1.1363231171390975,0.04953221353417884,0.0901487524538577,Panik,12.65366749869073
-3.6436947852797257,-1.1423820834316034,-0.7407333384604086,-0.03926032977495641,0.0683002037202586,mensch+en panik,7.904524355489626
-3.6859285090303455,-1.120426736395808,-0.7366604203529551,-0.015583892092092143,0.026991804165215308,panik tsunamiwelle+n,7.857067079181015
-6.223914832039437,0.15123452519600722,-0.33393547045087657,-0.02142753310139086,0.0009436609889512081,gemessen,5.025025739791974
-6.223914832039437,0.15123452519600722,-0.33393547045087657,-0.02142753310139086,0.0009436609889512081,tsunamiwelle+n ge+mess+en,5.025025739791974
-6.66662371334122,0.37335939617868963,-0.23807181813572625,-0.022697215148062028,-0.005697351361388617,ge+mess+en vor,4.531283074563293
6.304485866469555,-6.071905516488432,-1.4453286076551202,-0.004116433896898878,0.06310668232905872,vor süd+küste,18.994724636689025
1.9955007180553057,-3.944487054692687,-1.2286534298376919,-0.007761667020742172,0.053900735753940776,philippinen ereign+et,14.193144743943995
0.614660316603068,-3.260546266294447,-1.1379139577476567,-0.009247755986141047,0.04946179147719776,ereign+et schwer+es,12.653816117712033
-2.533935455696936,-1.6954481440235978,-0.8679590552663701,-0.013554411587445227,0.034782632576748136,mehrere gebäude,9.14236573334799
-2.5715083213255223,-1.6767158685355112,-0.8640225694855459,-0.013615927067779438,0.034554675441685744,gebäude stürz+en,9.100449500757673
-2.7882999348044617,-1.568830020875243,-0.8403835502908102,-0.024474657402314342,0.05131072749714848,Augenzeugen,8.85867252153992
-4.689874714227853,-0.6181131668729112,-0.6004198571827396,-0.017634669915995955,0.01852565771289472,stürz+en auge+n+zeug+en,6.736761105404719
-3.4610227495751404,-1.2328250545181612,-0.7640511730505142,-0.017378099056773847,0.03246831297760351,berichten,8.108025501675792
-4.608376280600346,-0.6589309551907596,-0.6124034958484665,-0.017456844553885513,0.01928508592561919,auge+n+zeug+en bericht+en,6.827709130532938
-4.44683695670803,-0.7398156698646807,-0.6356349746666337,-0.017110627664140645,0.0207493598212815,chaotischen,7.007977512420147
-4.44683695670803,-0.7398156698646807,-0.6356349746666337,-0.017110627664140645,0.0207493598212815,bericht+en chaotisch+en,7.007977512420147
-4.225356066074221,-0.850667874789929,-0.666414706225041,-0.016649011220462327,0.022673048705969222,Szenen,7.2551334923964275
-4.225356066074221,-0.850667874789929,-0.666414706225041,-0.016649011220462327,0.022673048705969222,chaotisch+en szene+n,7.2551334923964275
-6.049931877887987,0.06391849944999661,-0.36878131707458106,-0.022159322063230947,0.005393077772565622,mindestens vier,5.219114787546537
-7.380361853594099,0.7307133457498804,-0.056974319519238426,-0.024906845210853866,-0.01869900092639521,vier mensch+en,3.736005372583624
-5.124647254230647,-0.40028803416021796,-0.5330468818005374,-0.02345170195035825,0.022522305134791185,sterben,6.2515869438071485
-5.124647254230647,-0.40028803416021796,-0.5330468818005374,-0.02345170195035825,0.022522305134791185,mensch+en sterb+en,6.2515869438071485
-8.209404199708063,1.1414794152063314,0.21325960220507947,-0.027562809915055577,-0.03926661620891785,sterben.Ein,2.815054559677675
-8.209404199708063,1.1414794152063314,0.21325960220507947,-0.027562809915055577,-0.03926661620891785,mensch+en sterben.ein,2.815054559677675
-8.218851593943157,1.1461024061433027,0.2168482567674645,-0.027591386959132613,-0.03954979216568361,sterben.ein schwer+es,2.8045929189484706
-8.225660577339488,1.149433090086577,0.2194432995328159,-0.02761192424412124,-0.03975473603623438,Erdbeben…,2.7970536091678304
-8.225660577339488,1.149433090086577,0.2194432995328159,-0.02761192424412124,-0.03975473603623438,schwer+es erdbeben…,2.7970536091678304
-8.232870507190302,1.152976648681882,0.22220913621090943,-0.026580899858502687,-0.03980270475132234,+3393,2.7890629690531252
-8.232870507190302,1.152976648681882,0.22220913621090943,-0.026580899858502687,-0.03980270475132234,erdbeben… +3393,2.7890629690531252
-8.236520056588834,1.1547735569344535,0.22361456198298496,-0.025819353135073435,-0.039788631524732755,+3393 char+s,2.785016837327519
-6.981071796970097,0.5306479392268153,-0.1619531389534905,-0.042964052044641356,0.022114971857154678,philippinischer,4.180875119384328
-6.981071796970097,0.5306479392268153,-0.1619531389534905,-0.042964052044641356,0.022114971857154678,erdbeben philippinisch+er,4.180875119384328
-6.426617990592383,0.2507657112808612,-0.2892591649322066,-0.06563102801815136,0.07316302559571705,philippinisch+er küste,4.799812926951955
-5.7426138576171555,-0.10358641154817771,-0.42164582950652285,-0.12322938473851437,0.1862182388188055,küste warnung,5.567632050394793
5.691839843197055,-5.769957592615592,-1.4193298353024546,-0.004562661937701309,0.06212815269127305,warn+en folge,18.312198138625977
16.596314142201525,-11.127416358065693,-1.7404829730925842,0.0012713443917370323,0.07013745390304126,folge tsunamiwelle+n,30.45525666434113
0.22466314049024128,-3.0671367177411653,-1.1097530376814428,-0.009704912414908397,0.04802757608741372,tsunamiwelle+n entlang,12.218989909907785
-1.615852051490556,-2.152725550994513,-0.9580449781756891,-0.012136205670135049,0.039897646167702805,entlang küste+n,10.16647903203519
-2.259355167586113,-1.8322985119448592,-0.8961002771132494,-0.01311351575814566,0.0364016395028062,mehrerer,9.448677467115761
-2.259355167586113,-1.8322985119448592,-0.8961002771132494,-0.01311351575814566,0.0364016395028062,küste+n mehrere+r,9.448677467115761
-5.6336930676219685,-0.14494952675928463,-0.4468765007081617,-0.019861584301879353,0.008554775394882523,Länder,5.6835338302633565
-5.6336930676219685,-0.14494952675928463,-0.4468765007081617,-0.019861584301879353,0.008554775394882523,mehrere+r land+er,5.6835338302633565
-7.139964472032472,0.6105363381586699,-0.12223274111592253,-0.02414283365253841,-0.013944312600162642,Länder.Nach,4.003720355860528
-7.139964472032472,0.6105363381586699,-0.12223274111592253,-0.02414283365253841,-0.013944312600162642,mehrere+r länder.nach,4.003720355860528
-7.381797859743785,0.7314303724993203,-0.05656970585911196,-0.024911456253208116,-0.018728729143058495,länder.nach schwer+en,3.7344067821695512
-7.615619201514658,0.848006386657987,0.011884454449658305,-0.025667376108736612,-0.023802997241097072,"7,8…",3.4742283929285422
-7.615619201514658,0.848006386657987,0.011884454449658305,-0.025667376108736612,-0.023802997241097072,"stärke 7,8…",3.4742283929285422
-7.651037390438062,0.8656293784886466,0.02272460641732023,-0.02578245633366231,-0.024614779811840556,+1347,3.4348404437423445
-7.651037390438062,0.8656293784886466,0.02272460641732023,-0.02578245633366231,-0.024614779811840556,"7,8… +1347",3.4348404437423445
-7.683469539528415,0.8817570074879191,0.03276646914513547,-0.025887873381794872,-0.025368815872727678,+1347 chars,3.3987791832566994
-5.7426138576171555,-0.10358641154817771,-0.42164582950652285,-0.12322938473851437,0.1862182388188055,panik warnung,5.567632050394793
-6.401595341760048,0.24039948566176417,-0.2967429181438421,-0.021927219059198533,-0.0016132064507222987,tsunamiwelle+n mehrere+n,4.826836491253488
-6.54606281974208,0.31288438061751744,-0.2652595192385234,-0.022343300050484013,-0.0037970712719703065,+3426,4.665718540214932
-6.54606281974208,0.31288438061751744,-0.2652595192385234,-0.022343300050484013,-0.0037970712719703065,tsunamiwelle+n +3426,4.665718540214932
-6.769284978765696,0.4248405053664419,-0.21422518717211164,-0.023003312840896475,-0.007375109006643822,+3426 chars,4.416824485431718
-5.7426138576171555,-0.10358641154817771,-0.42164582950652285,-0.12322938473851437,0.1862182388188055,ein+stürz+en warnung,5.567632050394793
-5.907161573858059,-0.007729970283304688,-0.3964344024483993,-0.020569471191187648,0.005184051495820723,stürz+en person,5.378402402003857
-5.724107119525818,-0.09958599890010289,-0.43053564570964425,-0.020092322415977408,0.007467895602606699,person sterb+t,5.5826479686930055
-7.204425738329441,0.6427860781557795,-0.10520112632913331,-0.024346014110474615,-0.015177586357886533,+1643,3.9319159794174863
-7.204425738329441,0.6427860781557795,-0.10520112632913331,-0.024346014110474615,-0.015177586357886533,mehrere+r +1643,3.9319159794174863
-7.288284957417943,0.6847147154019153,-0.08254099781970745,-0.024612261133100662,-0.016826769492119288,+1643 char+s,3.8385229241385037
1.3773240856358804,-3.6384566277026056,-1.1896488143412853,-0.008402972844415543,0.052028256262403774,Notfälle,13.50405975321905
-4.128394248974596,-0.8991807308831197,-0.6795187207156194,-0.01645151512247636,0.02348630443206172,not+fall+e schwer+es,7.363333837964457
-1.9008408267608896,-2.013426055348044,-0.9291157685987244,-0.05415201001800144,0.1104269766330121,tsunami-warnung erneut,9.849647035943475
-0.9051915071626659,-2.5070410112537647,-1.019545189153799,-0.03375422902634338,0.08244486737594578,erneut beb+t,10.959439016323769
-1.5991744670115757,-2.1615151086891786,-0.9587936558023977,-0.02815019123298663,0.06768568057667732,beb+t pazifisch+en,10.185268777011792
-2.6449525115124217,-1.6402128570123131,-0.8559428580241802,-0.020509325015412205,0.04577953666745349,feuer+ring erde,9.018554506501951
-1.8818020590189803,-2.020346782115443,-0.9330912484534987,-0.01253100988453651,0.03850078535849586,behörde+n philippinen,9.869834029572658
1.4801688232923382,-3.6893873394140937,-1.1963111220396878,-0.008293706388213513,0.05235202026971181,indonesien warn+en,13.618706171482346
8.681037891273807,-7.24189251574508,-1.5347795515615024,-0.0025561494552958828,0.06613392605811438,rufen,21.641953372085954
2.2113666282778652,-4.051295791245039,-1.2417079431430782,-0.007546145072442691,0.0545147075583196,tsunami ruf+en,14.433755720473556
6.394992209769374,-6.116499690580746,-1.4490581989627487,-0.004052179296288364,0.06324370234660777,ruf+en mensch+en,19.095550610014765
-0.7602657345959152,-2.5781588124560133,-1.032782202697209,-0.010945067120535567,0.04398380974452057,Sicherheit,11.120705961450255
-3.0854736144062507,-1.4203249312068387,-0.8079559186455998,-0.014487722212514858,0.0312694325472193,mensch+en sicherheit,8.52703944024833
-1.523782942031092,-2.19853808466798,-0.9664827865337058,-0.012002375229459896,0.04036638699434446,bringen,10.26917068589942
-1.523782942031092,-2.19853808466798,-0.9664827865337058,-0.012002375229459896,0.04036638699434446,sicherheit bring+en,10.26917068589942
-6.702600792635051,0.39140247924379823,-0.22978957738485917,-0.02280399475125825,-0.00627889144583179,Mensch…,4.491169753044911
-6.702600792635051,0.39140247924379823,-0.22978957738485917,-0.02280399475125825,-0.00627889144583179,ruf+en mensch…,4.491169753044911
-6.959931993794573,0.5203916449279549,-0.16812277197800896,-0.023582936071614456,-0.010647965334237827,+2080,4.204319744289842
-6.959931993794573,0.5203916449279549,-0.16812277197800896,-0.023582936071614456,-0.010647965334237827,mensch… +2080,4.204319744289842
-7.086048110862334,0.5835504439681944,-0.13622948959182749,-0.02397395020626149,-0.012934805594215955,+2080 char+s,4.063787539331356
-6.255229775060142,0.1657594303086043,-0.32595258207896655,-0.05371042968550832,0.055901091476899575,tsunami-warnung hier,4.990561406142881
-7.2618347756755925,0.6714933167964876,-0.08975112515880908,-0.024528060218853363,-0.01630098649468622,thema not+fall+e,3.8679777477839408
-7.1046091679928045,0.5928416471848521,-0.1314361288230022,-0.024031977214932856,-0.013280117464963125,sie schwer+es,4.043108141632757
-2.4577094686359615,-1.7334569118080752,-0.8758361147325767,-0.014376700349561433,0.03687070624341827,südphilippinischen,9.227405220487231
-2.4577094686359615,-1.7334569118080752,-0.8758361147325767,-0.014376700349561433,0.03687070624341827,küste süd+philippinisch+en,9.227405220487231
-1.321518815023012,-2.2991547815075015,-0.9846713436146997,-0.011713324787635168,0.041370510365905555,süd+philippinisch+en provinz,10.494764463787503
-0.582085953233717,-2.6666765556162066,-1.0473762046024915,-0.010710972966593119,0.044763854559639396,Sarangani,11.31940772080063
-0.582085953233717,-2.6666765556162066,-1.0473762046024915,-0.010710972966593119,0.044763854559639396,provinz sarangani,11.31940772080063
0.22466314049024128,-3.0671367177411653,-1.1097530376814428,-0.009704912414908397,0.04802757608741372,sarangani behörde+n,12.218989909907785
1.5795212882745542,-3.739019626460165,-1.2017356137893123,-0.00970649928717161,0.08362956325321755,Küstengebiete,13.72961834861635
-0.9091393458027284,-2.5047568302156464,-1.01911859793874,-0.01306211880309571,0.0835980075682751,mehrere küste+n+gebiet+e,10.954893035618248
-3.221777126237683,-1.3525512476266557,-0.7917743903378764,-0.026719362530329544,0.05101375021921817,küste+n+gebiet+e insel,8.375059327757022
5.382196505173198,-5.617377174461588,-1.4053293813090606,0.0001115987891913727,0.07218149731415538,Mindanao,17.967246076740466
0.4452003779171463,-3.1766864481902064,-1.1254763298344264,-0.016665801536487862,0.061329154278892746,insel mindanao,12.464941526588442
-3.81674864178214,-1.055190070490394,-0.7197753331295282,-0.024782481204070624,0.04139945816059711,mindanao aus+ge+geb+en,7.711145161006655
-4.411238179249501,-0.7577182551357109,-0.6403594966913942,-0.023491125263484746,0.032172771701443975,erei…,7.047728426965698
-4.411238179249501,-0.7577182551357109,-0.6403594966913942,-0.023491125263484746,0.032172771701443975,beben erei…,7.047728426965698
-7.638544045634061,0.8594368970762369,0.019051208010333973,-0.029311546575098255,-0.01822363872274837,+1887,3.4487177066112453
-7.638544045634061,0.8594368970762369,0.019051208010333973,-0.029311546575098255,-0.01822363872274837,erei… +1887,3.4487177066112453
-7.672029671331014,0.8760922229414521,0.029364402614126865,-0.029150845416262824,-0.01945979991686036,+1887 chars,3.411483200984058
0.7113585639317108,-3.3084841394014393,-1.1447108099452614,-0.009137137654907713,0.04980411396734449,not+fall+e tsunami-warnung,12.761624849646967
-0.2193903611379593,-2.8491275814370822,-1.0747126759801529,0.0882963299613267,0.07332855601740945,philippinen ein,11.72485118655035
6.6560350480144095,-6.245279175505138,-1.4593230798458556,0.02776030205184205,0.06991637113501363,südlichen,19.38642153760538
2.0193222956227626,-3.956619742455034,-1.2296209622003806,0.037226069222025426,0.0628773502939253,erschütter+t südlich+en,14.219836725567083
7.500543493084752,-6.661738377493251,-1.491653613592839,0.05003480186476732,0.08178535289214656,südlich+en philippinen,20.32739549359628
-2.545749460266526,-1.6895583279895745,-0.8667235853680841,-0.013573722510569828,0.034711126884601796,tsunami-well+en ruf+en,9.12918608153675
-1.1581360901246125,-2.380366884979902,-0.998976193984314,-0.0058457447861737085,0.04311932811515751,mensch+en küste+n,10.676968543595702
-4.084266216319223,-0.9216913311842401,-0.6848290529111932,0.04295895332691317,0.03394921988774303,Flucht,7.412753470363484
-5.772751231871235,-0.0762692615039895,-0.4207705045256948,0.06434900768138115,0.021173500313942464,küste+n flucht,5.528829642091739
-4.793071049854615,-0.7459191573377391,-0.5660863820094768,0.7422984444755426,0.16043598717936203,bericht+e schaden,6.699876145669677
-5.9840209436587655,0.004111164607712325,-0.37747681238928543,0.2934623550561007,0.059068714660774964,liegen,5.304257602667932
-5.9840209436587655,0.004111164607712325,-0.37747681238928543,0.2934623550561007,0.059068714660774964,schaden lieg+en,5.304257602667932
-6.144832064848197,0.09854719910813259,-0.347276749110731,0.20658464212642214,0.04126132532658902,lieg+en bereits,5.118873638162682
-3.0645686875924207,-1.430758827845156,-0.8103207489282283,-0.01445111911480257,0.03140942859960949,erdbeben südlich+en,8.550363322273544
-1.1169389862322046,-2.4014341651538493,-1.0020109620602176,0.046384690930105235,0.05229756337989988,philippinen erschütter+t,10.723158568785184
12.759214722893638,-9.245621465580964,-1.6551243535220521,-0.0003725026439025163,0.06912912212411057,Tsunami-Warnungen,26.183384063787898
-3.6859285090303455,-1.120426736395808,-0.7366604203529551,-0.015583892092092143,0.026991804165215308,erschütter+t tsunami-warnung+en,7.857067079181015
-4.507797037526408,-0.7103712740728558,-0.6255780213809986,-0.04519521023334715,0.06841089136166373,tsunami-warnung+en mehrere+n,6.940373932955553
-5.452160877820042,-0.23627028906535008,-0.4780783642223914,-0.033397938616891554,0.03471684483091407,land+ern aus+ge+lös+t,5.886187748105698
-5.992856432244289,0.035190669634243665,-0.3795710929851429,-0.02951734900791886,0.019046850515993065,stürzten,5.2828156845429595
-5.992856432244289,0.035190669634243665,-0.3795710929851429,-0.02951734900791886,0.019046850515993065,gebäude stürz+ten,5.2828156845429595
-6.253190892779092,0.16588543138712986,-0.32760447759332895,-0.028248160775118304,0.012095324092074393,stürz+ten mensch+en,4.992375534547793
-6.385642095241663,0.2323683443599056,-0.29987740739440755,-0.02773660105222859,0.008664605196418013,liefen,4.844631635033968
-6.385642095241663,0.2323683443599056,-0.29987740739440755,-0.02773660105222859,0.008664605196418013,mensch+en lauf+en,4.844631635033968
-6.510388052322142,0.29497186012757304,-0.2729059959157725,-0.027332857282348553,0.0054846357712493125,lauf+en panik,4.705500740661352
-4.254983992731479,-0.836537495225095,-0.6615452840128828,0.05176913301848261,0.03875300924672559,Straßen,7.222355519494252
-6.655702358257415,0.3678769344209649,-0.24037164978400238,-0.026953786746125297,0.001829203935862625,panik straße+n,4.543455586788602
-7.793568531470955,0.9364526470591343,0.06782533285301857,-0.028677805526572633,-0.023852014810124757,beb+en stär…,3.2763929193253567
-7.819208806708408,0.9491664172098928,0.07615325304134019,-0.028598961280742626,-0.024762289906933937,+4571,3.2479057900103996
-7.819208806708408,0.9491664172098928,0.07615325304134019,-0.028598961280742626,-0.024762289906933937,stär… +4571,3.2479057900103996
-7.839711870213943,0.959327410078503,0.08286825935600306,-0.028540904607614905,-0.025486703720044898,+4571 chars,3.225129495676304
-6.790116889610003,0.4350510147073692,-0.20855218084762273,-0.039155002038096264,0.019882473577939055,auf+ge+heb+en mindestens,4.393676753668011
-7.42042770068141,0.7507265738813795,-0.04535282898321932,-0.030714144824195325,-0.009817630529316314,sterb+en schwer+es,3.6913918831491097
-6.9766675427061,0.5287824130908017,-0.1638266614857062,-0.026450488466670138,-0.006123019157248846,philippinische,4.185661400206473
-7.836382632798683,0.9576778316381032,0.0817744984488279,-0.028550034142511553,-0.025369276066194206,"7,8 philippinisch+e",3.2288276554743875
-7.883018242150349,0.9807725801240441,0.09721740129163614,-0.028432446663791987,-0.0270075964018043,philippinisch+e insel,3.177031463896683
-7.923572430155379,1.0008330611919227,0.11086345699258243,-0.028347731215951525,-0.028421894166027223,mindanao erschütter+t,3.132002822392563
-7.9766460167573765,1.0270521005960822,0.12903685834287346,-0.028260347520618817,-0.030260974525226907,beben treff,3.073093218654212
-7.994990013229993,1.0361046847934148,0.13540330599668804,-0.028236088755081348,-0.03089409588710086,treff region,3.052737578463439
-8.01403404716905,1.0454972628879782,0.1420599419883302,-0.028214024796117045,-0.031550268525961475,region erst+en,3.0316082377070996
-8.026608297915644,1.0516957873192363,0.14648181822518266,-0.028201164761157485,-0.03198298376910363,erst+en tag,3.0176588908868154
-8.0402847768181,1.058434757588316,0.15131565711127656,-0.02818869170402399,-0.03245321225182374,tag neu+en,3.002488415273843
-8.05009209777463,1.0632653347254033,0.15479772878360126,-0.028180704224317572,-0.032790177322107254,Schuljahres,2.991610826375152
-8.05009209777463,1.0632653347254033,0.15479772878360126,-0.028180704224317572,-0.032790177322107254,neu+en schul+jahr+es,2.991610826375152
-7.063733290176733,0.5723871855642251,-0.14182055503298002,-0.026874003158137063,-0.007437899881324664,verschiedenen,4.0886417753932145
-7.063733290176733,0.5723871855642251,-0.14182055503298002,-0.026874003158137063,-0.007437899881324664,philippinen verscheid+en+en,4.0886417753932145
-7.13926474654255,0.6101960226871503,-0.12229660295701394,-0.026720519416494233,-0.009514666896829442,verscheid+en+en behörde+n,4.004491381619299
-7.182131513090881,0.6316445103149138,-0.11101900073023616,-0.026653540000358814,-0.010677529313759197,behörde+n zufolge,3.9567401269613907
-6.561734887996621,0.32024948506774864,-0.2609856257667345,0.04792259242316539,0.011844548437747472,zufolge mindestens,4.64843991325691
-5.555275732499782,-0.1900912286604708,-0.45890235267291113,0.13948426565699729,0.039952946423489975,129,5.773532456015167
-6.622618401649792,0.3512904255461855,-0.24799929408952165,-0.024643135474920277,-0.0014377876140968422,129 weit+er+e,4.580345710766498
-7.403751638730592,0.7424014417767442,-0.05029042620120036,-0.0265078661115902,-0.016575282563670572,weit+er+e sei,3.709961317687881
-7.440646832695045,0.7608149593046907,-0.039762917004770415,-0.02651198898716734,-0.017547919651422834,sei beb+en,3.6688950748040905
-7.0402393273215935,0.5606166567763076,-0.14793508586361154,-0.02412665168483883,-0.011586664351945712,"7,8 insel",4.114826950033827
-8.257143792531764,1.1648272960295403,0.2315592216382296,-0.028179785924904433,-0.039903945769333864,mindanao verl…,2.7621969143184484
-8.26152929770375,1.1669686359119404,0.23325588963294988,-0.02818283972977826,-0.0400555496564828,+5070,2.757343125970803
-8.26152929770375,1.1669686359119404,0.23325588963294988,-0.02818283972977826,-0.0400555496564828,verl… +5070,2.757343125970803
-8.265209361198782,1.1687651721829988,0.23468202526915743,-0.02818548793560734,-0.04018282701144655,+5070 chars,2.753270296724497
-7.638544045634061,0.8594368970762369,0.019051208010333973,-0.029311546575098255,-0.01822363872274837,erei… +1937,3.4487177066112453
-7.672029671331014,0.8760922229414521,0.029364402614126865,-0.029150845416262824,-0.01945979991686036,+1937 chars,3.411483200984058
-7.638544045634061,0.8594368970762369,0.019051208010333973,-0.029311546575098255,-0.01822363872274837,+1839,3.4487177066112453
-7.638544045634061,0.8594368970762369,0.019051208010333973,-0.029311546575098255,-0.01822363872274837,erei… +1839,3.4487177066112453
-7.672029671331014,0.8760922229414521,0.029364402614126865,-0.029150845416262824,-0.01945979991686036,+1839 chars,3.411483200984058
-6.723054805923459,0.36266988575496706,-0.22026317488713695,0.3528761608445621,0.05912616700849188,ein tot+er,4.485306195597449
-6.881880787531566,0.4787716714934256,-0.18613322040415556,0.09456202445669205,0.0105409151171095,tot+er schwer+em,4.292382003462929
-3.6859285090303455,-1.120426736395808,-0.7366604203529551,-0.015583892092092143,0.026991804165215308,philippinen tsunami-warnung+en,7.857067079181015
-6.571964706670893,0.325391267209286,-0.25846879045552434,-0.0440750826900631,0.032997657700644716,tsunami-warnung+en region,4.6370114830746685
-6.964399988832314,0.5062660451904604,-0.16421635173622723,0.23131155052471858,0.03295778600198872,region ein,4.206428945482313
-6.7760729498639884,0.42823901446713775,-0.21240477962234827,-0.027778008008920572,0.0006593873570070186,"7,8 süden",4.409251471894131
-3.005449292357846,-1.4625036781885883,-0.8156726511329713,0.08766554336498097,0.05506037329444858,süden philippinen,8.617274127244285
-3.5708241980679514,-1.1801615517721076,-0.7496503726361798,0.08776101495948488,0.04823261402423679,philippinen mindestens,7.986445702484194
-7.263120348911844,0.6721474928352542,-0.08929533061449418,-0.026841469604598562,-0.012374499519479998,mensch+en leben,3.8665373331599326
-7.288196188935612,0.684681938188614,-0.0824642108872045,-0.026799558138071115,-0.013081698705476472,gekostet,3.8386131774739023
-7.288196188935612,0.684681938188614,-0.0824642108872045,-0.026799558138071115,-0.013081698705476472,leben ge+kost+et,3.8386131774739023
-7.38196578420606,0.731525698811252,-0.05644025715598071,-0.026689126486417847,-0.015692127640159037,vier weit+er+e,3.7342119664883606
-6.05314996873339,0.06505068749402776,-0.36743932591420786,0.04657657892806265,0.01867206499486572,weit+er+e mensch+en,5.215719024841419
-7.177846666413838,0.6295003300035913,-0.11216742815671707,-0.02634411636590956,-0.011101885361880524,mensch+en sei,3.961513733687915
-7.950170215778808,1.0139777431027168,0.11992576087047375,-0.02830069041772015,-0.029345033598871847,sei verletz+t,3.1024774377303355
-7.986986033756063,1.032155424982484,0.1326199976742139,-0.028246306945633015,-0.030617986191154398,werd+en teil+te,3.0616189359304786
-8.0084595222866,1.042748475989127,0.14010640913502936,-0.02822015833900994,-0.0313583023772207,Polizei,3.037792836414435
-8.0084595222866,1.042748475989127,0.14010640913502936,-0.02822015833900994,-0.0313583023772207,teil+te polizei,3.037792836414435
-8.028357151766624,1.0525576902825986,0.14709851657853734,-0.02819948233252857,-0.032043136353655036,General,3.0157188992827377
-8.028357151766624,1.0525576902825986,0.14709851657853734,-0.02819948233252857,-0.032043136353655036,polizei general,3.0157188992827377
-7.043582837926218,0.5622932281199238,-0.1470636629054254,-0.024599141149733546,-0.010856591152618625,Santos,4.11109963358601
-8.041945259370825,1.0592527374922212,0.15190427973612963,-0.028187283501181642,-0.032510276788750174,general santos,3.00064666191196
-7.025206983784965,0.5530909198307277,-0.1517273543471589,-0.024503737069096972,-0.010587692248776794,City,4.131575699848224
-7.025206983784965,0.5530909198307277,-0.1517273543471589,-0.024503737069096972,-0.010587692248776794,santos city,4.131575699848224
-8.065649809709644,1.0709249344817076,0.16034871085287067,-0.028169645760809044,-0.03332438339601056,city süden,2.9743571735976726
-8.102086511919586,1.0888474925871432,0.17348203572970514,-0.028151278474595347,-0.034574410493893086,Nachrichtenagentur,2.933957737569961
-8.102086511919586,1.0888474925871432,0.17348203572970514,-0.028151278474595347,-0.034574410493893086,philippinen nachricht+en+agentur,2.933957737569961
-8.129139075819559,1.1021385535161714,0.18335555333401946,-0.028144224731031595,-0.03550208774964433,nachricht+en+agentur kopier+e,2.903971707960825
-8.287508646055755,1.1796442482562408,0.24337067009189925,-0.02820316877646662,-0.0409553230345504,+2997,2.7285948303446537
-8.287508646055755,1.1796442482562408,0.24337067009189925,-0.02820316877646662,-0.0409553230345504,mensch+en +2997,2.7285948303446537
-8.29071093285859,1.1812055330674265,0.24462507671413733,-0.028205933093616853,-0.04106644701533107,+2997 chars,2.7250518523985154
-7.310657765570877,0.6958935549704757,-0.07607229384382191,-0.031676579109051084,-0.005304032223316858,philippinen erneut,3.8135999816151545
-7.638544045634061,0.8594368970762369,0.019051208010333973,-0.029311546575098255,-0.01822363872274837,+2740,3.4487177066112453
-7.638544045634061,0.8594368970762369,0.019051208010333973,-0.029311546575098255,-0.01822363872274837,erei… +2740,3.4487177066112453
-7.672029671331014,0.8760922229414521,0.029364402614126865,-0.029150845416262824,-0.01945979991686036,+2740 chars,3.411483200984058
-7.1046091679928045,0.5928416471848521,-0.1314361288230022,-0.024031977214932856,-0.013280117464963125,natur+katastrophe schwer+es,4.043108141632757
-6.527793587117836,0.30316172180489387,-0.2682211060424929,-0.0452287010091103,0.03589289484326313,Schule,4.686297850825895
-6.527793587117836,0.30316172180489387,-0.2682211060424929,-0.0452287010091103,0.03589289484326313,ein schule,4.686297850825895
-6.903348172468991,0.49189130114472657,-0.18142586280790798,-0.03706156149039173,0.013757456671047167,schule weit+er+e,4.2674262807909145
-7.081022197905587,0.5809734999325038,-0.1370410804770742,-0.03433019383989018,0.004931213320976815,weit+er+e gebäude,4.069396959162757
-7.257802119090806,0.6697522825695643,-0.0902774994739256,-0.006416018196883845,0.0005037968473653939,gebäude aufgrund,3.8723316201769244
-7.340099170603059,0.7099866827528529,-0.06720058293616318,0.05409911068012473,0.0056833741043244256,aufgrund beben+s,3.78107302070488
-7.107879776431262,0.5668457447242508,-0.1267084330917958,0.29784046982496176,0.05148740412244686,eingestürzt,4.0514468679863045
-7.358287258241363,0.7171233706105282,-0.06174667621961996,0.09624918130307897,0.011202604783752432,beben+s ein+ge+stürz+t,3.7616659399875427
-7.079627913986879,0.5211763360692436,-0.13204253877224348,0.4318961876789429,0.07432416950098669,ein+ge+stürz+t tot+e,4.0966561586771775
-1.830673757074237,-2.0732116749775993,-0.9326152317073666,0.297446294584595,0.09581264895028074,tot+e verletz+t+e,9.938780227946856
-7.5681072243187515,0.8187098162950108,-0.0007461493017697392,0.13892685262329982,0.010122900103926254,verletz+t+e geb+t,3.5294969766364646
-6.710230282729206,0.394013728829284,-0.2270428289268484,0.06842828951754247,0.012227937319373432,bislang,4.483171242233348
-7.652157237736101,0.8633348174559483,0.02438931893479894,0.10142278998340278,0.0012805162025639125,geb+t bislang,3.4348083612744227
-7.703905318915075,0.8901726410194299,0.04027242310634866,0.08168137321544959,-0.003624411150395409,bislang un+klar,3.376793159541518
-7.840143843570278,0.9592945381582332,0.08362788986173796,0.041067051279783814,-0.014720229137877565,küste+n+gebiet+e müss+en,3.2247439837171354
-7.898292117820629,0.9883538398617722,0.10283628224864708,0.02804370816847021,-0.018766951755360306,müss+en drei,3.1600499086932374
-7.969698127251142,1.0238125780429703,0.12702527327185226,0.014889133083256253,-0.02328261535851983,flut+welle+n rechn+en,3.080712462653738
-8.025938439073347,1.0516078833703595,0.1465593013424078,0.006388490218704871,-0.026542364403225625,zunächst us+-+erdbeben+warte,3.0182897543440075
-8.068954441826216,1.0728036710095505,0.16179673851166068,0.00082916862631054,-0.028885957580135013,usg+s stärke,2.9705770942800354
-8.085108238262086,1.080750537497996,0.16758684035591967,-0.0010693392855225196,-0.029736194754166535,"8,2",2.9526661138344386
-8.085108238262086,1.080750537497996,0.16758684035591967,-0.0010693392855225196,-0.029736194754166535,"stärke 8,2",2.9526661138344386
-8.090723410482624,1.083511365783377,0.1696083340494643,-0.0017065114083105386,-0.030028169000709752,beziffert,2.946440938674388
-8.090723410482624,1.083511365783377,0.1696083340494643,-0.0017065114083105386,-0.030028169000709752,"8,2 beziffer+t",2.946440938674388
-8.118194194670814,1.097006754127343,0.17956420485668134,-0.004662007951500254,-0.03143130414936365,beziffer+t spät+er,2.9159917379464138
-8.126674185225731,1.1011689646983016,0.18265991250830102,-0.005522150635169025,-0.031856318529658485,ebenfalls,2.9065942740896697
-8.126674185225731,1.1011689646983016,0.18265991250830102,-0.005522150635169025,-0.031856318529658485,spät+er ebenfalls,2.9065942740896697
-8.142741800942616,1.1090507042040698,0.18855489674296538,-0.007087565287151352,-0.03265167265389337,"ebenfalls 7,8",2.888790729153932
-8.14712941474229,1.1112019293132258,0.19017136942939897,-0.007500776082630873,-0.03286666573734595,korrigiert,2.883929640517671
-8.14712941474229,1.1112019293132258,0.19017136942939897,-0.007500776082630873,-0.03286666573734595,"7,8 korrigier+t",2.883929640517671
-8.04283513851258,1.054900534909299,0.15356664406549989,0.1291577609264014,-0.007303896784753169,Demnach,3.001717110458638
-8.167849299972083,1.1213547241687138,0.19784423583423447,-0.009372500902672309,-0.03386975987336818,fand,2.860977055331084
-8.167849299972083,1.1213547241687138,0.19784423583423447,-0.009372500902672309,-0.03386975987336818,demnach find,2.860977055331084
-8.176566765694114,1.1256233312356678,0.20109197285532437,-0.010121913137347829,-0.034285998332337767,find beb+en,2.851321809555811
-8.190349200451696,1.132368482859951,0.20625053157451337,-0.011262503406147751,-0.03493740125802732,beb+en relativ,2.836058640880533
-8.197347165717556,1.135791626608015,0.20888102115202647,-0.011821432354322923,-0.03526511835402802,geringen,2.82830973593589
-8.197347165717556,1.135791626608015,0.20888102115202647,-0.011821432354322923,-0.03526511835402802,relativ gering+en,2.82830973593589
-8.204948269581088,1.1395085251825914,0.21174687244474508,-0.012413509355932667,-0.035618841455498686,gering+en tiefe,2.819893655339946
-8.223936818995318,1.1487879960869631,0.218945789367797,-0.013826260115720006,-0.03649268181700723,statt,2.798872313674279
-8.223936818995318,1.1487879960869631,0.218945789367797,-0.013826260115720006,-0.03649268181700723,kilo+meter+n statt,2.798872313674279
-8.232074721397577,1.1527623321268667,0.222048497169545,-0.014403606308606813,-0.0368630642885626,+2206,2.7898645929923203
-8.236376485303582,1.1548625770350354,0.22369288238256896,-0.014702170344809681,-0.03705788964295912,+2206 chars,2.785103370509169
-7.233928567786253,0.6575406682422615,-0.09729501542473988,-0.024439444530827983,-0.015751901099863,zur…,3.8990564667658174
-7.233928567786253,0.6575406682422615,-0.09729501542473988,-0.024439444530827983,-0.015751901099863,küste+n zur…,3.8990564667658174
-7.31340287285211,0.6972670902033957,-0.0756393011865148,-0.024692401857021512,-0.017330969856738723,+3388,3.8105538898019047
-7.31340287285211,0.6972670902033957,-0.0756393011865148,-0.024692401857021512,-0.017330969856738723,zur… +3388,3.8105538898019047
-7.381797859743785,0.7314303724993203,-0.05656970585911196,-0.024911456253208116,-0.018728729143058495,+3388 chars,3.7344067821695512
-6.54606281974208,0.31288438061751744,-0.2652595192385234,-0.022343300050484013,-0.0037970712719703065,tsunamiwarnung schwer+em,4.665718540214932
-6.154911706449223,0.11660461979713999,-0.34795092802962657,-0.021237054715551134,0.0019007096446319906,beb+en philippinen,5.102001080688203
-7.325496930469761,0.703309840408129,-0.07229694396403745,-0.02473104966035301,-0.017575464409832472,philippinen vor,3.7970878226133986
-7.412612855220665,0.7468140986383198,-0.04784257438280344,-0.025010517321366266,-0.01937068927410776,vor insel,3.700104835968763
-7.468632259326361,0.774766068843515,-0.03175514174270888,-0.02519111763136839,-0.02055783864076638,mindanao werd+e,3.63775615571946
-7.371057462620519,0.7260671991919423,-0.05959150591558929,-0.02487698043374514,-0.018506782557416168,werd+e erdbeben,3.7463633935889686
-7.005070769363071,0.543002389701345,-0.15684073189422124,-0.023722218482670886,-0.011454789769224843,"7,8 registrier+t",4.154016889802433
-6.452892263927108,0.2661388917999936,-0.28569610556319247,-0.02207395421476221,-0.002377440398653563,für japan,4.769624590876932
-6.079806513480736,0.07891200642093255,-0.36294604043748185,-0.021031993283599795,0.0029207295916223557,japan geb,5.185787607001388
-3.6859285090303455,-1.120426736395808,-0.7366604203529551,-0.015583892092092143,0.026991804165215308,geb tsunamiwarnung,7.857067079181015
-6.702600792635051,0.39140247924379823,-0.22978957738485917,-0.02280399475125825,-0.00627889144583179,auch vier,4.491169753044911
-6.858123580196611,0.46937548126126627,-0.19304581365230708,-0.023271633969088042,-0.008873852614566677,vier weit+er+en,4.317791670734953
-7.06685285521663,0.5739405799148198,-0.141159264520281,-0.023914066857579557,-0.012580107361561357,weit+er+en land+ern,4.085174457566788
-7.27523377213244,0.6781913508304298,-0.0861059921430302,-0.024570689379377435,-0.016566678809760843,extreme,3.8530563855137245
-7.27523377213244,0.6781913508304298,-0.0861059921430302,-0.024570689379377435,-0.016566678809760843,land+ern extrem+e,3.8530563855137245
-7.371057462620519,0.7260671991919423,-0.05959150591558929,-0.02487698043374514,-0.018506782557416168,extrem+e welle+n,3.7463633935889686
-7.441492126965127,0.7612263906197518,-0.03958535655375048,-0.025103542615240913,-0.019979406861936465,möglich,3.6679610677851526
-7.441492126965127,0.7612263906197518,-0.03958535655375048,-0.025103542615240913,-0.019979406861936465,welle+n möglich,3.6679610677851526
-6.157326831856811,0.11781341393575229,-0.34735386581548977,-0.02362624231300878,0.005954492659339564,erdbeben süd+küste,5.0993043992441045
-7.31340287285211,0.6972670902033957,-0.0756393011865148,-0.024692401857021512,-0.017330969856738723,"7,8 ereign+ete",3.8105538898019047
-7.494202839416302,0.7875183758403066,-0.024314454772969212,-0.025273750990700766,-0.021108574152992145,ereign+ete montag+morgen,3.6093009076325018
-7.639585352785024,0.8599323689128231,0.019205288066989627,-0.02574523973062564,-0.02435098037153695,montag+morgen küste,3.4475753251904564
-7.703633186866569,0.8917789880707079,0.0390664455103759,-0.025953416155211212,-0.025842879356842124,Provin…,3.3763622430093796
-7.703633186866569,0.8917789880707079,0.0390664455103759,-0.025953416155211212,-0.025842879356842124,küste provin…,3.3763622430093796
-7.745306510008447,0.9124795491232589,0.05222770973534545,-0.026088840733917776,-0.02683575021521129,+2466,3.330039496809313
-7.745306510008447,0.9124795491232589,0.05222770973534545,-0.026088840733917776,-0.02683575021521129,provin… +2466,3.330039496809313
-7.770607171426377,0.9250386872863738,0.060312471853230284,-0.02617100725011934,-0.02744734317425815,+2466 char+s,3.301921268567403
-7.68150122030057,0.8677646549113258,0.03433419225200077,0.20753723807932928,0.01411949645863143,melden,3.4065952761341998
-7.68150122030057,0.8677646549113258,0.03433419225200077,0.20753723807932928,0.01411949645863143,behörde+n meld+en,3.4065952761341998
-7.582271790812696,0.8076984244612992,0.004745596344074517,0.27743783481967627,0.028768742493034984,meld+en mehrere,3.521596620533245
-5.834068436126422,-0.1671687898620111,-0.39795929931923074,0.6167513724342343,0.12291301653469436,mehrere tot+e,5.513439350100686
-7.525236188080996,0.7783338323510669,-0.012141639618346089,0.28272771075684633,0.030997896953404908,tot+e schwer+es,3.5854613740212087
-2.651164283914948,-1.6369607507385386,-0.855265137692773,0.010019716985984629,0.04233630084133025,erschütter+t philippinen,9.011558658626035
-5.534378539293461,-0.19477308478626654,-0.4644616475866626,-0.019611820904568898,0.009718958350323926,küste+n soll+en,5.7943541552887075
-5.953515699961362,0.015532267687045742,-0.3875734547421209,-0.020692452080873874,0.004587156322166511,soll+en sicherheit,5.326684758097463
-6.744855601323334,0.4125915008872687,-0.2199596640623725,-0.02293008380497091,-0.006970712807601753,Geschäfte,4.44405959641119
-6.744855601323334,0.4125915008872687,-0.2199596640623725,-0.02293008380497091,-0.006970712807601753,viel+e geschäft+e,4.44405959641119
-6.546745453024062,0.3132268431990082,-0.2651079738047733,-0.022345286909034857,-0.0038076265345698135,geschäft+e erdbeben,4.664957291062081
-1.250655163127501,-2.3343971924974167,-0.9909334703046231,-0.011613630011663649,0.04171420324451461,beschädigt,10.573799527692156
-6.985747985258369,0.5333239708859889,-0.16168812461482837,-0.023662502309677584,-0.01110784782128748,erdbeben beschädig+t,4.1755497183216725
-7.0418347644371915,0.5614138301645164,-0.1475431769434955,-0.023836213829271362,-0.0121214471195277,alliance/dpa/XinHua,4.113050446450141
-7.0418347644371915,0.5614138301645164,-0.1475431769434955,-0.023836213829271362,-0.0121214471195277,picture alliance/dpa/xinhua,4.113050446450141
-6.969261256676162,0.5250652726125593,-0.16580291291592442,-0.023611660538734765,-0.010813677785863195,alliance/dpa/xinhua ein,4.193922793389052
-6.54606281974208,0.31288438061751744,-0.2652595192385234,-0.022343300050484013,-0.0037970712719703065,+4143,4.665718540214932
-6.769284978765696,0.4248405053664419,-0.21422518717211164,-0.023003312840896475,-0.007375109006643822,+4143 chars,4.416824485431718
-6.830816605482796,0.4556880600611206,-0.19961104581155426,-0.023188823539372096,-0.008408397325604923,Philippinische,4.348230562015898
-6.830816605482796,0.4556880600611206,-0.19961104581155426,-0.023188823539372096,-0.008408397325604923,pazifik philippinisch+e,4.348230562015898
-6.8533470340907625,0.46698138287765656,-0.19419779079318178,-0.023257127496507386,-0.008792124205151061,philippinisch+e behörde+n,4.323115949712494
-6.857966428826729,0.46929671467851697,-0.1930837387147925,-0.023271156554173927,-0.008871161591039602,behörde+n ruf+en,4.317966842156899
-6.85749466812635,0.4690602609512533,-0.19319757795668246,-0.023269723436384105,-0.008863084132490033,ruf+en küste+n+bewohner,4.318492698457408
-6.83688598494488,0.4587304227512543,-0.19815610684061732,-0.023207203894699404,-0.008511480571272677,küste+n+bewohner flucht,4.341464945062423
-7.645353780282198,0.862802112534419,0.020976262387765395,-0.025763985191083326,-0.02448369822318243,flucht ein,3.4411606369163312
-7.913675824663753,0.9959206722870926,0.10743396439263544,-0.026633786862244595,-0.03103780963071035,flucht viel+e,3.143001226813038
-8.113701239249167,1.0945432693135138,0.17766720836066477,-0.027268565904408026,-0.03647293230425494,+3649,2.9210893830194222
-8.113701239249167,1.0945432693135138,0.17766720836066477,-0.027268565904408026,-0.03647293230425494,erdbeben +3649,2.9210893830194222
-8.121029117236102,1.0981435113203308,0.18034467808759408,-0.027291369984900844,-0.036682157151894025,+3649 chars,2.912966881294767
-7.28957725909655,0.6854898633747428,-0.08209171375922449,-0.01398300533395651,-0.015102213041506274,"7,8 erdbeben",3.837025296061324
-3.187827463665357,-1.3693167934238168,-0.7958973269685041,0.024609437941499186,0.03726854015696099,mindestens drei,8.41286897636287
-5.17939283259866,-0.37682966087192993,-0.5229041955521458,0.11722260726231891,0.03691180195188473,drei tot+e,6.19221502451738
-3.6859285090303455,-1.120426736395808,-0.7366604203529551,-0.015583892092092143,0.026991804165215308,tot+e tsunami-warnung,7.857067079181015
-6.758358270049484,0.41909927768331756,-0.216006703622867,-0.03979580967906512,0.021678709399982732,auf+ge+heb+en auf,4.429093280530765
-5.568563040459621,-0.1776243075372923,-0.4584509406706791,-0.019697358414353668,0.009321671609127388,drei mensch,5.756208972943077
-3.6859285090303455,-1.120426736395808,-0.7366604203529551,-0.015583892092092143,0.026991804165215308,befürchtete,7.857067079181015
-3.6859285090303455,-1.120426736395808,-0.7366604203529551,-0.015583892092092143,0.026991804165215308,doch befürcht+et+e,7.857067079181015
0.7113585639317108,-3.3084841394014393,-1.1447108099452614,-0.009137137654907713,0.04980411396734449,befürcht+et+e tsunami-well+e,12.761624849646967
-3.950330943845956,-0.9882438838687557,-0.703024084458171,-0.016095856323771984,0.024936399665005906,tsunami-well+e bleib+en,7.56203257902661
-4.693334972634601,-0.616379972148072,-0.5999070450159673,-0.017642267676674768,0.01849309780009678,bleib+en offenbar,6.732899630608176
-6.982930104582561,0.5319124615330808,-0.16239279031312526,-0.023653805343905272,-0.011057448646297097,+1409,4.178689966103032
-6.982930104582561,0.5319124615330808,-0.16239279031312526,-0.023653805343905272,-0.011057448646297097,offenbar +1409,4.178689966103032
-7.1046091679928045,0.5928416471848521,-0.1314361288230022,-0.024031977214932856,-0.013280117464963125,+1409 chars,4.043108141632757
-3.6859285090303455,-1.120426736395808,-0.7366604203529551,-0.015583892092092143,0.026991804165215308,Tsunami-Entwarnung,7.857067079181015
-3.6859285090303455,-1.120426736395808,-0.7366604203529551,-0.015583892092092143,0.026991804165215308,philippinen tsunami-entwarnung,7.857067079181015
-6.702600792635051,0.39140247924379823,-0.22978957738485917,-0.02280399475125825,-0.00627889144583179,tsunami-entwarnung erdbeben,4.491169753044911
-7.046985923499661,0.5639932134972439,-0.1462325402511208,-0.02385222528423855,-0.012215550433975292,nan nach,4.107310726317056
-4.829140371385185,-0.548347191121235,-0.5795161348151214,-0.017943572722946804,0.01719432217047337,US-Tsunami-Warnzentrum,6.581347402594781
-4.829140371385185,-0.548347191121235,-0.5795161348151214,-0.017943572722946804,0.01719432217047337,sarangani us-tsunami-warnzentrum,6.581347402594781
-3.6859285090303455,-1.120426736395808,-0.7366604203529551,-0.015583892092092143,0.026991804165215308,us-tsunami-warnzentrum tsunami-warnung,7.857067079181015
-6.903348172468991,0.49189130114472657,-0.18142586280790798,-0.03706156149039173,0.013757456671047167,der entwarnung,4.2674262807909145
-7.135591968631851,0.6083059909174393,-0.12293587874535256,-0.03361533067263238,0.002389795728668088,entwarnung komm,4.00859443420085
-7.200735846737434,0.6409164239159915,-0.10579088851634083,-0.03283264148838293,-0.0005510879678668167,komm mehrere,3.9360226067579536
-7.310657765570877,0.6958935549704757,-0.07607229384382191,-0.031676579109051084,-0.005304032223316858,mehrere stunde+n,3.8135999816151545
-7.484170080232014,0.7825324532356113,-0.027010024863766382,-0.03023722134456787,-0.012344844827563664,stunde+n beben,3.6204496636977472
-7.532274248837295,0.8065163789336471,-0.012911215187469596,-0.029914964662632326,-0.014211190009783166,de…,3.566924104166011
-7.532274248837295,0.8065163789336471,-0.012911215187469596,-0.029914964662632326,-0.014211190009783166,beben de…,3.566924104166011
-7.568560583265089,0.8245966243425153,-0.002125950615449658,-0.029692502640694802,-0.015597551479832598,+834,3.5265555400051767
-7.568560583265089,0.8245966243425153,-0.002125950615449658,-0.029692502640694802,-0.015597551479832598,de… +834,3.5265555400051767
-7.601897799650608,0.8411981979473766,0.007899287602324445,-0.029503276850110907,-0.016856020420733066,+834 chars,3.489473651282154
-5.907161573858059,-0.007729970283304688,-0.3964344024483993,-0.020569471191187648,0.005184051495820723,schaden mindanao,5.378402402003857
-3.6859285090303455,-1.120426736395808,-0.7366604203529551,-0.015583892092092143,0.026991804165215308,mindanao tsunami-warnung,7.857067079181015
-7.244789783533042,0.6629575148079616,-0.09400172413745055,-0.03234517761373383,-0.0024861254127993594,philippinen auf+ge+heb+en,3.886953562250237
-7.379532150404468,0.7303066978920618,-0.05692342486373432,-0.03105127764755974,-0.008161138774544364,auf+ge+heb+en ein,3.7369157468622887
-6.44038717045598,0.25986433141914267,-0.28840227888824527,-0.02203808115708459,-0.002190020153110723,mensch+en komm+en,4.78357135897915
-6.346654977880627,0.21283023588155725,-0.3084178340685909,-0.021771291637839016,-0.0008079095598067625,komm+en um,4.888115077857104
-6.172700813477709,0.1255323122971732,-0.34435988408783963,-0.021285969558269745,0.0016558320031797719,leben zahlreich+e,5.082156362614706
-3.4207924487158143,-1.2528180737914019,-0.7688448730302703,-0.0008361753455754585,0.03136132052370991,zahlreich+e gebäude,8.15286960552325
-2.6853191051150205,-1.6199655622717892,-0.851968332309756,-0.013804053077189786,0.0338543939318757,gebäude beschädig+t,8.973480443452658
-4.371273515292626,-0.7776415465400923,-0.6462720692226288,-0.016951466611142673,0.02141628297080196,Zumindest,7.0923011688392
-3.823722512779683,-1.0515490243560461,-0.719313986470666,-0.015848348842403093,0.025934741942615816,zumindest gefahr,7.703310535092339
-3.185266583421206,-1.3705105535855369,-0.7965630855658565,-0.014663848203595328,0.030593257542849715,tsunami+s schein+t,8.415697948732534
-8.045468404629686,1.060973505703323,0.15310187140258585,-0.027054432941628324,-0.03456032787135015,di…,2.9967471766254428
-8.045468404629686,1.060973505703323,0.15310187140258585,-0.027054432941628324,-0.03456032787135015,zumindest di…,2.9967471766254428
-8.05350587454806,1.0649320479189361,0.15596177788395554,-0.027079811398473888,-0.034782347913127606,+3574,2.987832733387449
-8.05350587454806,1.0649320479189361,0.15596177788395554,-0.027079811398473888,-0.034782347913127606,di… +3574,2.987832733387449
-8.062829941748435,1.0695228872055702,0.15929064244445815,-0.027109203892252326,-0.035040987766281534,+3574 chars,2.9774920792372135
-7.408792057870131,0.721369474556341,-0.045841190147319924,0.27632137815737723,0.03237667837903911,natur+katastrophe viele,3.714563661858653
-7.142499742130916,0.5477657643688727,-0.1157671253207917,0.44953180488764816,0.06963766872197556,viele tot+e,4.028742129888634
-6.105161505303378,0.09164542427722111,-0.35775948132722135,-0.02307125324899162,0.008104615349701985,philippinen der,5.157492298150773
-6.91112725884391,0.4959386353430484,-0.18015930795807203,-0.023433206017348558,-0.009789747430214518,beb+en indonesien,4.258713027574234
-6.54606281974208,0.31288438061751744,-0.2652595192385234,-0.022343300050484013,-0.0037970712719703065,deutlich,4.665718540214932
-6.54606281974208,0.31288438061751744,-0.2652595192385234,-0.022343300050484013,-0.0037970712719703065,indonesien deutlich,4.665718540214932
-5.694873862585679,-0.11425371903939263,-0.43585439138785553,-0.020017365505524326,0.007822196767071809,deutlich spür+en,5.615266712236061
-4.229721288713078,-0.8500327895018396,-0.6641529510740127,-0.050206450754120294,0.08054586368654335,tsunami-warnung+en werd+en,7.250884032818059
-6.8203851800371895,0.45025033804398307,-0.20138562184164266,-0.03856662325515806,0.018203392072896188,Teil,4.3599247853676015
-6.8203851800371895,0.45025033804398307,-0.20138562184164266,-0.03856662325515806,0.018203392072896188,werd+en teil,4.3599247853676015
-7.099817262300563,0.5903889638928952,-0.1322088926427759,-0.03407772603537274,0.004047555874739053,teil auf+ge+heb+en,4.048454139492102
-8.038613662498994,1.0576114943328838,0.1507236468356747,-0.028190132016801966,-0.03239577679995072,"7,8 verletz+t",3.004341986913008
-5.202087987011832,-0.36146865403646666,-0.5202783462311132,0.024429494141046768,0.021490742049377207,sagte,6.165168175317382
-8.065649809709644,1.0709249344817076,0.16034871085287067,-0.028169645760809044,-0.03332438339601056,werd+en sag+te,2.9743571735976726
-8.084539667881847,1.0802194551915152,0.16713399933434883,-0.028158826323228622,-0.03397257783497442,+2673,2.9534112781391433
-8.084539667881847,1.0802194551915152,0.16713399933434883,-0.028158826323228622,-0.03397257783497442,sag+te +2673,2.9534112781391433
-8.092795227772356,1.0842795238879002,0.17011521368377114,-0.02815497870470705,-0.0342557564094029,+2673 chars,2.9442582581869168
-5.338730825898155,-0.3075123499270638,-0.49498226943450585,0.2185844388553373,0.05317601510871567,120,6.019006176300338
-5.338730825898155,-0.3075123499270638,-0.49498226943450585,0.2185844388553373,0.05317601510871567,mehr 120,6.019006176300338
-5.317386265440401,-0.31547258215896434,-0.498917572281936,0.1975323864337231,0.04963640242145155,120 verletz+t+e,6.041630680475273
-7.789473534470909,0.9161388546552858,0.06884134174744284,0.24465184764475684,0.018023486327449413,verletz+t+e mindestens,3.288863661130785
-6.083633811144106,-0.0659795746711711,-0.3487775743880196,0.6728565239992015,0.13084182441150008,mindestens tot+e,5.245487827146766
-6.124179736779908,0.009687812366698356,-0.34470919212871887,0.5345179801270251,0.1027429631954235,tot+e schwer+em,5.176123320949498
-6.043310989418441,0.03589787265005251,-0.36615074167321077,0.2823711857479551,0.05626556532356715,tot+e mehr,5.237224851453155
-6.050314845790109,0.06315987488288943,-0.3679613091361225,0.06085195901881482,0.01711247336003172,verletz+t+e zahlreich+e,5.219087263747208
-7.9614297754552315,1.0186033262016105,0.12453052563258599,0.06270537382037428,-0.01756691358233188,Zumind…,3.09037280581085
-7.983827471779772,1.0299531423519062,0.1321969100260239,0.054436049494117164,-0.019534758326493366,+3695,3.065390459366567
-7.983827471779772,1.0299531423519062,0.1321969100260239,0.054436049494117164,-0.019534758326493366,zumind… +3695,3.065390459366567
-7.997570119757308,1.0368832456962775,0.13693615413397173,0.04967404960547773,-0.020691338600025415,+3695 chars,3.0500771331546614
-7.736453481155262,0.9080833888695015,0.04941569498855557,-0.026060078306866408,-0.026623329551561714,Tsumaniwarnungen,3.339879367823563
-7.736453481155262,0.9080833888695015,0.04941569498855557,-0.026060078306866408,-0.026623329551561714,philippinen tsumaniwarnung+en,3.339879367823563
-7.651037390438062,0.8656293784886466,0.02272460641732023,-0.02578245633366231,-0.024614779811840556,tsumaniwarnung+en auf,3.4348404437423445
-6.1181779578166555,0.09816926309298424,-0.3553183080893064,-0.02113646600471481,0.002402371820018241,philippinen stark+es,5.142980336129579
-3.3692059336016618,-1.2786637679884225,-0.7751009366966901,-0.014994663999388409,0.029311758374951973,warn+ten möglich+en,8.21046691287979
0.7113585639317108,-3.3084841394014393,-1.1447108099452614,-0.009137137654907713,0.04980411396734449,möglich+en tsunami+s,12.761624849646967
-3.823722512779683,-1.0515490243560461,-0.719313986470666,-0.015848348842403093,0.025934741942615816,riefen,7.703310535092339
-3.823722512779683,-1.0515490243560461,-0.719313986470666,-0.015848348842403093,0.025934741942615816,tsunami+s ruf+en,7.703310535092339
-5.664751448758812,-0.12936708989746348,-0.44129946381714336,-0.019940482341077967,0.008184378084045561,mensch+en küste+n+gebiet+e,5.648877918000357
-6.041515368334262,0.05983413964780482,-0.3702582821410137,0.004847045359622868,0.007744485586575926,verlassen,5.228440080897076
-6.041515368334262,0.05983413964780482,-0.3702582821410137,0.004847045359622868,0.007744485586575926,küste+n+gebiet+e verlass+en,5.228440080897076
-7.446430955067501,0.7628567676593863,-0.03737944499337793,0.059344740664352406,-0.006063801458303743,erst+e bericht+e,3.6628107383910704
-7.411352469521686,0.7313844995363163,-0.045745787299305715,0.22059440124396168,0.02242339353766145,sprech+en mehrere+n,3.7079137377608875
-6.469037261507694,0.047647320167917506,-0.2651551339216567,0.8313016845480251,0.15771758282310638,Toten,4.850375240814122
-7.155044894985769,0.5531014465219335,-0.11244927258015416,0.45274478193191336,0.06999915881497518,mehrere+n tot+en,4.015176998937597
-6.436444822812007,0.2506641905702822,-0.28732565614167677,0.15549270791535008,0.02812547289720055,08.06.2026,4.7910838985105
-7.543148262752946,0.8015167648829273,-0.007866138202069412,0.186103560637527,0.01353849818935894,stand 08.06.2026,3.5593342814069904
-7.572266339006098,0.8229258363618046,6.988428069694408e-05,0.11095464938893243,-4.5248484262881e-05,08:26,3.5239458925697296
-7.572266339006098,0.8229258363618046,6.988428069694408e-05,0.11095464938893243,-4.5248484262881e-05,08.06.2026 08:26,3.5239458925697296
-7.570709162657268,0.8238270405337373,-0.0006702098956420932,0.08251785286839099,-0.004832316412584987,08:26 uhr,3.5249525785749767
-7.563482770693776,0.8211060140108621,-0.0030237244043225427,0.06246089538680666,-0.008050079922189743,uhr auf,3.532612313785016
-7.4858442044962,0.7833503161922166,-0.02675351988686411,-0.025246726980712716,-0.020927926453962957,Erst…,3.6186021843371954
-7.541205383914615,0.8109473749882958,-0.010473898282950658,-0.02542591584383465,-0.022135814033418487,+1334,3.557003504015426
-7.541205383914615,0.8109473749882958,-0.010473898282950658,-0.02542591584383465,-0.022135814033418487,erst… +1334,3.557003504015426
-7.583469855411273,0.832000895594712,0.0021565367991922754,-0.025562989681364435,-0.023076439217065432,+1334 chars,3.509986751620782
-7.621274207853684,0.8284655493351223,0.01644086010998081,0.2696824252725583,0.026490506542142772,tot+e 129,3.4776284577068575
-7.66067411201287,0.855174599200557,0.028048304894140886,0.22404151538102293,0.01750031662717431,129 verletz+t+e,3.4307234695453546
-7.402566860067086,0.7417994505215084,-0.050697110518665364,-0.024978199017235723,-0.01916055405867885,mindanao mindestens,3.7112872057158883
-7.086048110862334,0.5835504439681944,-0.13622948959182749,-0.02397395020626149,-0.012934805594215955,mensch+en ge+töt+et,4.063787539331356
-6.885187781659115,0.4829396697169137,-0.1864896719696549,-0.0233539975466472,-0.009339445672382422,ge+töt+et mehr,4.287624826643995
-6.588558507820697,0.33420267310027496,-0.2557740646076942,-0.022467358617718605,-0.004458539684185116,mehr 100,4.618329986025826
-6.401595341760048,0.24039948566176417,-0.2967429181438421,-0.021927219059198533,-0.0016132064507222987,100 werd+en,4.826836491253488
-6.689830019060595,0.38466460013909254,-0.23187014286832663,-0.041263315038332526,0.025680511452756866,mittlerweile,4.505523933363572
-6.689830019060595,0.38466460013909254,-0.23187014286832663,-0.041263315038332526,0.025680511452756866,werd+en mittlerweile,4.505523933363572
-7.041434411201932,0.5611366855456594,-0.14713126792943745,-0.03488397941037853,0.006822150382732192,mittlerweile auf+ge+heb+en,4.113512076412995
-7.3687216156459545,0.7249070678156695,-0.05995680261017115,-0.03114458703202792,-0.00771840929486628,durch schwer+es,3.748950889302155
-6.846235233890788,0.4634219489209914,-0.19582812546032047,-0.025010961871719962,-0.005629605405785297,philippinen angabe+n,4.331038185146169
-7.808459364218406,0.9438372021791737,0.07265250132728389,-0.028631163380364612,-0.02438127404685112,verschiedener,3.259848209196501
-7.808459364218406,0.9438372021791737,0.07265250132728389,-0.028631163380364612,-0.02438127404685112,angabe+n verscheid+en+er,3.259848209196501
-7.855862717383786,0.9673279699010424,0.08819315996392152,-0.028498233647773465,-0.026055309951324927,verscheid+en+er behörde+n,3.2071900413493957
-7.9431521652143715,1.0105103719790023,0.11752582708955818,-0.02831246086682174,-0.029101763942443445,mensch+en ge+sterb+en,3.110267406016047
-8.035239077305325,1.0559488874817324,0.1495293275950629,-0.028193111357858132,-0.032279776387839965,sei beben,3.0080850983926952
-8.045234780117305,1.0608730723664235,0.15307149491968172,-0.028184561114073976,-0.032623309487384275,beben verletz+t,2.9969981081412644
-8.071615416484816,1.0738609098728809,0.16248616632419202,-0.028165922877809658,-0.03352913326969843,sag…,2.967741873778344
-8.071615416484816,1.0738609098728809,0.16248616632419202,-0.028165922877809658,-0.03352913326969843,werd+en sag…,2.967741873778344
-8.080305787797412,1.078136770722157,0.16560881767594637,-0.02816100603757046,-0.033827327453617474,+1789,2.9581056845928555
-8.080305787797412,1.078136770722157,0.16560881767594637,-0.02816100603757046,-0.033827327453617474,sag… +1789,2.9581056845928555
-8.088702148086428,1.0822667072748982,0.16863592990041112,-0.02815682008058178,-0.034115363764279816,+1789 chars,2.9487962108209382
-3.185266583421206,-1.3705105535855369,-0.7965630855658565,-0.014663848203595328,0.030593257542849715,erschütter+t klein+er+e,8.415697948732534
0.7113585639317108,-3.3084841394014393,-1.1447108099452614,-0.009137137654907713,0.04980411396734449,klein+er+e tsunami-well+en,12.761624849646967
-4.067211895550881,-0.9297867057696672,-0.6876754936322343,-0.01632829663122012,0.023990781932430573,tsunami-well+en aus+ge+lös+t,7.4316070095027635
-4.956297519893893,-0.48711446154572524,-0.5587524117268857,0.09317626964580535,0.034961388051275744,der aus+mess,6.440507563749222
-4.735578213160041,-0.6515838323797714,-0.5858002357619525,0.42232670482120477,0.09707930052875288,aus+mess schaden,6.710293566394964
-5.776915335518859,-0.07919179252581632,-0.41901020810714784,0.14320579042891485,0.03478145852520156,schaden zahl,5.5263556877101125
-4.971232740258479,-0.47881981409825736,-0.5566178939784682,0.07756538783488018,0.03211307618845406,Todesopfer,6.423490194268577
-6.022050411330587,0.04697858205903982,-0.37302769878894115,0.10132866036736436,0.024429160786952595,zahl tod+es+opfer,5.251483638658908
-6.350503735472312,0.21413170672005588,-0.3069013007456013,0.051650855081015835,0.011472546307632774,tod+es+opfer un+klar,4.884081649651207
-7.679335353768536,0.8798614515156398,0.031853061973100505,0.014807775439217186,-0.018589177740944117,08.36,3.4032977677966914
-7.679335353768536,0.8798614515156398,0.031853061973100505,0.014807775439217186,-0.018589177740944117,08.06.2026 08.36,3.4032977677966914
-7.710148829692791,0.8952033820473178,0.0414539303740927,0.011363854141867157,-0.0198698017896832,08.36 uhr,3.3690300142593794
-7.73392464348483,0.9070294216344588,0.04893419217291896,0.008856142299550172,-0.020839103085684617,Zusa…,3.3425950949272316
-7.73392464348483,0.9070294216344588,0.04893419217291896,0.008856142299550172,-0.020839103085684617,uhr zusa…,3.3425950949272316
-7.764690904259973,0.9223178705394148,0.05870867566605717,0.005794454286073629,-0.02207102005409098,+3488,3.308395684564056
-7.764690904259973,0.9223178705394148,0.05870867566605717,0.005794454286073629,-0.02207102005409098,zusa… +3488,3.308395684564056
-7.78901420885446,0.934393408279256,0.06651321688923305,0.0035132672632800558,-0.023028472969925717,+3488 chars,3.2813642341978273
-8.166690639683164,1.1205540606063273,0.19720526777930708,-0.02743249337054397,-0.03800316463440378,kompakt,2.8623667815255525
-8.166690639683164,1.1205540606063273,0.19720526777930708,-0.02743249337054397,-0.03800316463440378,new+s kompakt,2.8623667815255525
-8.157652114501875,1.116121243608304,0.19384333966966802,-0.02740469864046883,-0.03773928130116128,kompakt heftig+es,2.8723810780771832
-8.10485630550011,1.0901963550862994,0.17444572611985407,-0.027240987331595735,-0.03622139637092918,philippinen bei,2.930894186902169
-7.936326938686526,1.0071193230585398,0.11512275955130252,-0.026706589207793497,-0.031627893990757154,Israel,3.1178542864814025
-7.918860036942133,0.9984843497843698,0.10918802163079964,-0.026650464214187167,-0.031172321186857692,israel meld+et,3.1372454324143413
-7.886338305706884,0.9823959309428674,0.09823970580868747,-0.02654570989024048,-0.030333754778602985,zweite,3.173356248070886
-7.886338305706884,0.9823959309428674,0.09823970580868747,-0.02654570989024048,-0.030333754778602985,meld+et zweit+e,3.173356248070886
-7.865654891025189,0.9721567912998392,0.09134439813108355,-0.026478936891942615,-0.029806859199667066,Angriffswelle,3.196326416921099
-7.865654891025189,0.9721567912998392,0.09134439813108355,-0.026478936891942615,-0.029806859199667066,zweit+e angriff+s+welle,3.196326416921099
-7.805393280092175,0.9422951968152213,0.07154722134543727,-0.0262838704403164,-0.02829936850408525,Raketen,3.2632679605479016
-7.805393280092175,0.9422951968152213,0.07154722134543727,-0.0262838704403164,-0.02829936850408525,angriff+s+welle rakete+n,3.2632679605479016
-7.758184827617599,0.9188731225503577,0.05633393386043846,-0.0261306710913032,-0.027146215331152544,Iran,3.3157265046350455
-7.758184827617599,0.9188731225503577,0.05633393386043846,-0.0261306710913032,-0.027146215331152544,rakete+n iran,3.3157265046350455
-7.713316550231232,0.8965905621566514,0.04210761585256445,-0.02598488998574586,-0.026072000251224553,DW-Nachrichtenüberblick,3.3655975993037393
-7.713316550231232,0.8965905621566514,0.04210761585256445,-0.02598488998574586,-0.026072000251224553,der dw-nachrichtenüberblick,3.3655975993037393
-6.223914832039437,0.15123452519600722,-0.33393547045087657,-0.02142753310139086,0.0009436609889512081,vorübergehend,5.025025739791974
-6.223914832039437,0.15123452519600722,-0.33393547045087657,-0.02142753310139086,0.0009436609889512081,erschütter+t vor+übergeh+end,5.025025739791974
-3.6859285090303455,-1.120426736395808,-0.7366604203529551,-0.015583892092092143,0.026991804165215308,vor+übergeh+end tsunami-warnung+en,7.857067079181015
-7.765833117281698,0.9226917413344133,0.058902591041825575,-0.02877108166486764,-0.022861488770381085,+6680,3.307212712943522
-7.765833117281698,0.9226917413344133,0.058902591041825575,-0.02877108166486764,-0.022861488770381085,der +6680,3.307212712943522
-7.78974110470948,0.9345541746980139,0.06658875207272916,-0.02869017915390282,-0.02371569759175366,+6680 char+s,3.280645684717113
-5.270371476532981,-0.32723707362638654,-0.5091868482711471,-0.02476082841037178,0.02263002815059119,"7,8 erschütter+t",6.088972327427003
-7.500810243501813,0.7908308627078429,-0.022158296091000663,-0.030122157417058537,-0.012994259845046041,massives,3.601932924550705
-7.500810243501813,0.7908308627078429,-0.022158296091000663,-0.030122157417058537,-0.012994259845046041,ein massiv+es,3.601932924550705
-6.376379391927791,0.22688583630078218,-0.3007978762278052,-0.049634477131252026,0.04652208362335646,massiv+es erdbeben,4.85529142639935
-7.761682829748567,0.9206318626431738,0.05757496825907564,-0.02878576609273598,-0.022712713852231135,philippinen montag+morgen,3.3118249697435744
-7.826186344953288,0.9526249306617225,0.0784328923890062,-0.02857871086324778,-0.025009155476433072,montag+morgen erde,3.2401543055197695
-7.117995995356106,0.599494146796884,-0.12750929024416824,-0.03383981556329568,0.003201264302983918,erde erschütter+t,4.028199129461805
-7.894369689162218,0.9863898598758307,0.101016438842765,-0.028407121829057483,-0.027404367295591196,der philippinisch+e,3.1644263133782893
-7.933524666505302,1.0057526340655896,0.11424380022821383,-0.028329353448926956,-0.02876768851598202,Institut,3.1209544856033116
-7.933524666505302,1.0057526340655896,0.11424380022821383,-0.028329353448926956,-0.02876768851598202,philippinisch+e institut,3.1209544856033116
-7.9547563073072585,1.0162431893960284,0.1214974677510371,-0.02829324448287076,-0.02950389043581598,Phivolcs,3.0973871381327984
-7.9547563073072585,1.0162431893960284,0.1214974677510371,-0.02829324448287076,-0.02950389043581598,institut phivolc+s,3.0973871381327984
-7.974531464128738,1.0260082641590387,0.12830582763738352,-0.02826333641098393,-0.030187918794778223,registrierte,3.0754398430327163
-7.974531464128738,1.0260082641590387,0.12830582763738352,-0.02826333641098393,-0.030187918794778223,phivolc+s registrier+te,3.0754398430327163
-8.0084595222866,1.042748475989127,0.14010640913502936,-0.02822015833900994,-0.0313583023772207,registrier+te gewaltig+es,3.037792836414435
-8.028357151766624,1.0525576902825986,0.14709851657853734,-0.02819948233252857,-0.032043136353655036,Erdb,3.0157188992827377
-8.028357151766624,1.0525576902825986,0.14709851657853734,-0.02819948233252857,-0.032043136353655036,gewaltig+es erdb,3.0157188992827377
-8.035239077305325,1.0559488874817324,0.1495293275950629,-0.028193111357858132,-0.032279776387839965,erdb ...,3.0080850983926952
-6.61048528471058,0.3452043867224761,-0.2507475232617327,-0.024500361402821712,-0.0014294441080091869,+++Team-Arzt,4.593875170262962
-8.041945259370825,1.0592527374922212,0.15190427973612963,-0.028187283501181642,-0.032510276788750174,... +++team-arzt,3.00064666191196
-6.666039705902316,0.3730698803759336,-0.23812043357675222,-0.024538259022146926,-0.002530265605358663,+++team-arzt geb+t,4.531929763805204
-6.686278325561394,0.38322032835553177,-0.23347389972261956,-0.024553631555619848,-0.0029331188528022023,geb+t update,4.509364047423961
-6.725042427528343,0.4026603433805982,-0.22450357940087398,-0.024585388556249962,-0.0037075999079165187,Eriksen,4.46614454265022
-6.725042427528343,0.4026603433805982,-0.22450357940087398,-0.024585388556249962,-0.0037075999079165187,update erikse+n,4.46614454265022
-6.77231109970116,0.42636211743789065,-0.21343754737371112,-0.024628187974962985,-0.004657378101135822,Kollaps,4.413446348741645
-6.77231109970116,0.42636211743789065,-0.21343754737371112,-0.024628187974962985,-0.004657378101135822,erikse+n kollaps,4.413446348741645
-6.813127818561636,0.44682555164737203,-0.20376668493493838,-0.024668707598944132,-0.005482565562827953,kollaps geh+t,4.36794435160868
-7.468330160052973,0.7746249561919958,-0.03178557348298691,-0.026425719657367525,-0.018438316714545933,geh+t gut,3.638086182047994
-7.306798378916632,0.6939769512353169,-0.07738225791554813,-0.026337718921029277,-0.014346739720075032,gut +++team-arzt,3.8179007533318505
-8.2500428120598,1.1613590913359813,0.22881852947673859,-0.028175079120473998,-0.03965862879643186,+477,2.7700566553749586
-8.2500428120598,1.1613590913359813,0.22881852947673859,-0.028175079120473998,-0.03965862879643186,geh+t +477,2.7700566553749586
-8.253303042164701,1.1629515740648408,0.23007584473900425,-0.02817720339085377,-0.03977123578726623,+477 chars,2.766447980682085
-7.258672670924813,0.6699013318002061,-0.09025325897118187,-0.032198341098745566,-0.0030873748645698224,erschütter+t süden,3.871491646146098
-7.661190351722095,0.8707019961078706,0.02601298910736993,-0.029201374123499116,-0.019061009572726655,"7,8 lass+st",3.423535353143229
-7.731175347364154,0.9054847857759412,0.04787564537113262,-0.028899621917314457,-0.02161443557699228,lass+st insel,3.3457315670942562
-7.793568531470955,0.9364526470591343,0.06782533285301857,-0.028677805526572633,-0.023852014810124757,mindanao mehrere,3.2763929193253567
-7.822716003375797,0.9509048789066266,0.07729837490394086,-0.028588718701470076,-0.02488641870834756,mehrere haus+er,3.244009534329859
-7.846269599386698,0.9625762596391747,0.08502655541528104,-0.028523256343990416,-0.025717784576524863,haus+er ein+stürz+en,3.217845314386023
-7.972400935670649,1.0249564741699209,0.12756986527068181,-0.0282663884828715,-0.030114294715749168,ein video,3.077804234892863
-7.9849484239759505,1.031149888249069,0.13191278952492655,-0.028248998570523192,-0.03054766220944407,video zeig+t,3.0638799922832605
-7.996955272489664,1.03707421746685,0.1360880040087603,-0.02823366592327968,-0.03096185947441904,Schulkinder,3.0505569771141148
-7.996955272489664,1.03707421746685,0.1360880040087603,-0.02823366592327968,-0.03096185947441904,zeig+t schul+kind+er,3.0505569771141148
-8.024847842205585,1.0508281166095168,0.1458614476401946,-0.02820288442060128,-0.031922424919426255,schul+kind+er panik,3.0196117805063696
-8.036931801537696,1.0567828903739205,0.15012821509603444,-0.028191605032759068,-0.03233796625900226,Schwere,3.006207504683664
-8.05009209777463,1.0632653347254033,0.15479772878360126,-0.028180704224317572,-0.032790177322107254,schwer+e erd+stoß+e,2.991610826375152
-8.077442510175736,1.0767281189615319,0.16457880370794645,-0.028162560032010328,-0.03372908820827586,erd+stoß+e früh+en,2.961280505842855
-8.087322462947832,1.0815881644875218,0.1681378320637361,-0.028157470094754448,-0.034068037828592405,früh+en montag+morgen,2.950325890271787
-8.10851088419594,1.0920050516240984,0.17581721320853663,-0.028149105792823217,-0.034794719617156265,montag+morgen süden,2.9268360498720773
-8.134875670857792,1.10495519664978,0.1854629242878863,-0.028143426039474242,-0.035698817501552856,philippinen haus+er,2.897614043592241
-8.147014031120477,1.1109129803159041,0.18993794427165842,-0.02814252199816062,-0.03611514603115717,haus+er einsturz,2.8841626889469265
-7.933608754383167,0.9906484805964395,0.11640060251687426,0.2235089594745619,0.012001262286851826,gebracht,3.127414517035983
-7.933608754383167,0.9906484805964395,0.11640060251687426,0.2235089594745619,0.012001262286851826,einsturz ge+bring+t,3.127414517035983
-8.058474191458709,1.064343250359997,0.15893503428869954,0.10486362526068783,-0.01181102306417861,Behördenangaben,2.9836180219581316
-8.169491410380338,1.121937696573341,0.19828229445159484,-0.02814360719784052,-0.03688643731540458,ge+bring+t behörde+n+angabe+n,2.859258191114702
-8.184508510926015,1.1292975699566947,0.20389938429135218,-0.028146275720901948,-0.037402115910302826,behörde+n+angabe+n zufolge,2.8426226782000343
-8.20357562770761,1.1386355409970537,0.21108080843324,-0.028151836045751014,-0.03805747847064087,Personen,2.8215044016601
-8.20357562770761,1.1386355409970537,0.21108080843324,-0.028151836045751014,-0.03805747847064087,mindestens person+en,2.8215044016601
-8.210902421240796,1.1422217064064455,0.21385522961344106,-0.02815460330952348,-0.038309528901206764,person+en ge+töt+et,2.81339055487718
-7.344448913329195,0.7119406481649868,-0.0662258074173651,0.059385206940982566,-0.003250662539995515,134,3.7763340139732997
-8.130435991862745,1.1006059185457553,0.1848571823932054,0.09017316105833907,-0.016596950471413047,mindestens 134,2.9034569104606875
-8.13402403868817,1.1024018025173246,0.18617013493582904,0.08955332545164488,-0.016817536106883024,134 weit+er+e,2.8994656329710358
-8.245883905204533,1.159346677009608,0.2272837657917623,-0.029599292563073587,-0.03708057222752529,+3510,2.7746495254541115
-8.245883905204533,1.159346677009608,0.2272837657917623,-0.029599292563073587,-0.03708057222752529,werd+en +3510,2.7746495254541115
-8.249264643206416,1.1610027266411538,0.22860275241171812,-0.02997422697686164,-0.036561112389471524,+3510 chars,2.770904785632348
-7.710899755404135,0.8743713721367385,0.044025261917783456,0.2618255037313832,0.022980967755864036,hundert+e nachbeben,3.3773911606583185
-7.371363147089454,0.6427440343501474,-0.05330113274431912,0.5115885738361433,0.07674769569026801,nachbeben tot+e,3.7823295960009857
-7.736756682110203,0.9008900173749004,0.05120160871866794,0.1577005509224505,0.0041628023453825075,verletz+t+e schwer+em,3.3427074887323607
-7.734615159741635,0.9070713243631832,0.04937934585832983,0.03350464161124421,-0.016778678486220992,philippinen panik,3.3419538676939107
-6.694816125550599,0.3874213489227163,-0.23110564737988987,0.029323212583092076,0.0025424928590571036,panik mindanao,4.499871957722943
-6.600131985287672,0.33981227238769973,-0.2526322989386139,0.03532723046022569,0.005028048669600972,mindanao haus+er,4.605497749028259
-6.5230694821648285,0.3009959689852555,-0.26974229420174567,0.04200623299033875,0.007323360784190137,haus+er stürz+en,4.69150074477294
-6.3527146768174525,0.2150024289807675,-0.30635777033137734,0.058835804881645984,0.012662439359289365,Risse,4.88171831739542
-6.3527146768174525,0.2150024289807675,-0.30635777033137734,0.058835804881645984,0.012662439359289365,stürz+en riß+e,4.88171831739542
-6.129645813342059,0.10186138998656613,-0.35194129716084926,0.08589796224642861,0.0203587680008712,riß+e straße+n,5.131065126533724
-5.949093838362681,0.009612664979671948,-0.38700679269730254,0.11277564743440131,0.02734427795261823,tun,5.333205835498053
-5.949093838362681,0.009612664979671948,-0.38700679269730254,0.11277564743440131,0.02734427795261823,straße+n tu+n,5.333205835498053
-4.276405623228742,-0.8251221045363075,-0.6594263736384745,-0.016754101581546697,0.02223793719561859,stundenlang,7.198166491207837
-4.276405623228742,-0.8251221045363075,-0.6594263736384745,-0.016754101581546697,0.02223793719561859,verletz+t+e stundenlang,7.198166491207837
0.7113585639317108,-3.3084841394014393,-1.1447108099452614,-0.009137137654907713,0.04980411396734449,stundenlang tsunami-warnung,12.761624849646967
-6.527793587117836,0.30316172180489387,-0.2682211060424929,-0.0452287010091103,0.03589289484326313,was auge+n+zeug+en,4.686297850825895
-7.117995995356106,0.599494146796884,-0.12750929024416824,-0.03383981556329568,0.003201264302983918,auge+n+zeug+en dramatisch+en,4.028199129461805
-6.719285999943677,0.39975569035972836,-0.22565711658144252,-0.028551280919878623,0.0032152113065080402,Minuten,4.472563826582691
-7.310657765570877,0.6958935549704757,-0.07607229384382191,-0.031676579109051084,-0.005304032223316858,dramatisch+en minute+n,3.8135999816151545
-7.400431675571005,0.740743519823599,-0.05102930752632215,-0.030875879686350246,-0.009011250797030565,minute+n bericht+en,3.7136500795531973
-7.7576906733942295,0.9188796329137321,0.05654346492572719,0.004686015419140699,-0.01923129605280926,hin+zu+füg+en panik,3.316156932149151
-6.318197708569836,0.19754191126961418,-0.31297654107701,-0.0515271211776117,0.05092241595301099,Was…,4.920247859130887
-6.613529669245162,0.34630094074330575,-0.24918565953667315,-0.04304030967899192,0.030351430938265346,+3757,4.590638206937112
-6.613529669245162,0.34630094074330575,-0.24918565953667315,-0.04304030967899192,0.030351430938265346,was… +3757,4.590638206937112
-6.8203851800371895,0.45025033804398307,-0.20138562184164266,-0.03856662325515806,0.018203392072896188,+3757 chars,4.3599247853676015
-8.059759625433685,1.0680113359035563,0.15819315460886793,-0.02709953110737872,-0.034955691795985705,Flaggenzeremonie,2.980897055143764
-8.059759625433685,1.0680113359035563,0.15819315460886793,-0.02709953110737872,-0.034955691795985705,philippinen flagge+n+zeremonie,2.980897055143764
-8.02686127082501,1.051805185262292,0.1465149332995483,-0.026995539208354485,-0.034049615099894584,flagge+n+zeremonie erst+en,3.0173868577077596
-8.014300767599554,1.0456130591907868,0.1420950154741747,-0.02695567792442712,-0.033707422565582026,Schultag,3.0313211967970175
-8.014300767599554,1.0456130591907868,0.1420950154741747,-0.02695567792442712,-0.033707422565582026,erst+en schul+tag,3.0313211967970175
-7.997241587598926,1.0371991717970062,0.13612588575730653,-0.026901412217209937,-0.03324592722495745,rettete,3.050248526040908
-7.997241587598926,1.0371991717970062,0.13612588575730653,-0.026901412217209937,-0.03324592722495745,schul+tag rett+ete,3.050248526040908
-7.9811338241818754,1.0292504292663693,0.13052504894717645,-0.026850046623614947,-0.03281357075370894,rett+ete viel+en,3.068122586962407
-7.9662362327572565,1.0218954117896237,0.12537525401141084,-0.02680243844676214,-0.03241659870133153,Kindern,3.084655750227621
-7.9662362327572565,1.0218954117896237,0.12537525401141084,-0.02680243844676214,-0.03241659870133153,viel+en kind+ern,3.084655750227621
-7.938740104526447,1.0083119694610923,0.1159457165975475,-0.026714334980914002,-0.031691123628685786,kind+ern leben,3.115175464991321
-7.923956129923875,1.0010040964724047,0.11091554954686578,-0.026666849654633357,-0.03130485913486933,leben der,3.1315876779965404
-7.853197742088148,0.9659874188184265,0.0872165290335778,-0.026438671871183147,-0.029491889833931112,"7,8 treff",3.210162332675736
-7.786506551204658,0.9329276077228075,0.06543019815638544,-0.026222610854049443,-0.027835153525502733,treff stadt,3.284253361581154
-7.762374916233517,0.920952964641454,0.05767395516527567,-0.026144278145698096,-0.027247604090460044,stadt santos,3.3110698538647028
-7.667599760618496,0.8738665761351323,0.027838797637203486,-0.025836288044431843,-0.02499855556557847,meisten,3.4164240386169293
-7.667599760618496,0.8738665761351323,0.027838797637203486,-0.025836288044431843,-0.02499855556557847,city meist+en,3.4164240386169293
-7.5767206361294175,0.8286397684517919,0.00012762281258453523,-0.025541087177751096,-0.022925133567069426,meist+en tod+es+opfer,3.517494281492623
-7.494202839416302,0.7875183758403066,-0.024314454772969212,-0.025273750990700766,-0.021108574152992145,verzeichnet,3.6093009076325018
-7.494202839416302,0.7875183758403066,-0.024314454772969212,-0.025273750990700766,-0.021108574152992145,tod+es+opfer verzeichn+et,3.6093009076325018
-7.381797859743785,0.7314303724993203,-0.05656970585911196,-0.024911456253208116,-0.018728729143058495,verzeichn+et werd+en,3.7344067821695512
-4.920961355215056,-0.5023735950120023,-0.5652314717749489,-0.022377201029426055,0.023557895156690295,dutzend+e mensch+en,6.478888152379333
-6.800271826109178,0.4403759684540316,-0.20689639513284885,-0.02309654501507857,-0.007892804476811247,außerdem,4.3822802668057355
-6.800271826109178,0.4403759684540316,-0.20689639513284885,-0.02309654501507857,-0.007892804476811247,werd+en außerdem,4.3822802668057355
-6.452892263927108,0.2661388917999936,-0.28569610556319247,-0.02207395421476221,-0.002377440398653563,außerdem verletz+t,4.769624590876932
-3.6859285090303455,-1.120426736395808,-0.7366604203529551,-0.015583892092092143,0.026991804165215308,mehrere tsunamiwarnung+en,7.857067079181015
-6.401595341760048,0.24039948566176417,-0.2967429181438421,-0.021927219059198533,-0.0016132064507222987,tsunamiwarnung+en werd+en,4.826836491253488
-6.702600792635051,0.39140247924379823,-0.22978957738485917,-0.02280399475125825,-0.00627889144583179,weitgehend,4.491169753044911
-6.702600792635051,0.39140247924379823,-0.22978957738485917,-0.02280399475125825,-0.00627889144583179,werd+en weitgehend,4.491169753044911
-7.139964472032472,0.6105363381586699,-0.12223274111592253,-0.02414283365253841,-0.013944312600162642,weitgehend auf+ge+heb+en,4.003720355860528
-7.31340287285211,0.6972670902033957,-0.0756393011865148,-0.024692401857021512,-0.017330969856738723,Manila,3.8105538898019047
-7.402566860067086,0.7417994505215084,-0.050697110518665364,-0.024978199017235723,-0.01916055405867885,APA/dpa,3.7112872057158883
-7.402566860067086,0.7417994505215084,-0.050697110518665364,-0.024978199017235723,-0.01916055405867885,manila apa/dpa,3.7112872057158883
-7.502403587473816,0.7916072467476316,-0.021914982444572465,-0.025300275740173118,-0.021286399982181667,apa/dpa bei,3.600175622731439
-7.853197742088148,0.9659874188184265,0.0872165290335778,-0.026438671871183147,-0.029491889833931112,Zivilschutzes,3.210162332675736
-7.853197742088148,0.9659874188184265,0.0872165290335778,-0.026438671871183147,-0.029491889833931112,angabe+n zivil+schutz+es,3.210162332675736
-7.8947987159515005,0.9865826100811328,0.1010752671118044,-0.026572990835068755,-0.03055070760268333,zivil+schutz+es mindestens,3.163961374088591
-8.00304751757951,1.0400632672298733,0.13815307270416197,-0.026919896989120774,-0.03340257439948169,134 weiter+e,3.0438065003215677
-8.017950039210163,1.047412350846198,0.14337697058782944,-0.02696726750131337,-0.03380663080976771,weiter+e werd+en,3.027272630292286
-8.059759625433685,1.0680113359035563,0.15819315460886793,-0.02709953110737872,-0.034955691795985705,Direktor,2.980897055143764
-8.059759625433685,1.0680113359035563,0.15819315460886793,-0.02709953110737872,-0.034955691795985705,verletz+t direktor,2.980897055143764
-8.07907985745478,1.0775201954507465,0.16512104061937483,-0.027160299045867475,-0.0354945422517569,Beh…,2.9594724664293954
-8.07907985745478,1.0775201954507465,0.16512104061937483,-0.027160299045867475,-0.0354945422517569,direktor beh…,2.9594724664293954
-8.08751656688793,1.081670452159505,0.16816268571656387,-0.027186758895451406,-0.03573143709887403,+3412,2.950117977617398
-8.08751656688793,1.081670452159505,0.16816268571656387,-0.027186758895451406,-0.03573143709887403,beh… +3412,2.950117977617398
-8.095673416860802,1.0856818309504386,0.1711129917776679,-0.027212294993971813,-0.0359614027443873,+3412 char+s,2.9410744662628616
-8.148347808030227,0.9066233157142112,0.19419931228315312,0.7935253981670818,0.1119494786286693,mehr tot+e,2.971832165866667
-8.585939074757114,1.286474297363821,0.3696694328869925,0.3483431361970525,0.011830410393489463,erdbeben süden,2.415297547033969
-8.597620929395237,1.2952960249057106,0.37489470149928283,0.3333998038419414,0.008723965598178701,erschütter+t mindestens,2.4010246736330743
-8.628581107384884,1.3181032554663563,0.3888757436266183,0.29280647692785694,0.0003661453210169058,Tod,2.36344968436187
-8.628581107384884,1.3181032554663563,0.3888757436266183,0.29280647692785694,0.0003661453210169058,mensch+en tod,2.36344968436187
-8.630166106607883,1.3192472773574353,0.38959661581302996,0.2906887150497059,-6.665942819684273e-05,tod ge+reiß+en,2.3615364179931206
-8.637593475388625,1.3245761307571362,0.3929812026882356,0.2807122988874299,-0.0021012493998740084,mindestens zwölf,2.3525848806942573
-8.63947922718882,1.3259205614208744,0.3938422352779684,0.2781655083001321,-0.002619512146713389,zwölf mensch+en,2.3503159017131177
-8.642142019274852,1.3278130149724356,0.3950592391238104,0.2745596738296518,-0.0033525020061097206,galten,2.3471145907979034
-8.642142019274852,1.3278130149724356,0.3950592391238104,0.2745596738296518,-0.0033525020061097206,mensch+en gelt+en,2.3471145907979034
-8.722039486880393,1.381012682880741,0.4321909757425952,0.16088728952550096,-0.025994216242271072,gelt+en behörde+n+angabe+n,2.2526325559056497
-8.728413173767654,1.3849265542291471,0.4352018251426558,0.1513410304955602,-0.0278551925622142,Erdstoß,2.245240217288898
-8.728413173767654,1.3849265542291471,0.4352018251426558,0.1513410304955602,-0.0278551925622142,behörde+n+angabe+n erd+stoß,2.245240217288898
-8.730902503274871,1.3864406032948864,0.4363795885055793,0.14759254815142078,-0.02858424380453567,erd+stoß montag+morgen,2.242359425418047
-8.734436452413986,1.3885757653313817,0.43805333953110126,0.14225158254927395,-0.02962137935598446,montag+morgen vermiss+t,2.2382759836007216
-8.73635870104419,1.3897300840768083,0.43896461344760407,0.1393367964222086,-0.030186574745478853,vermiss+t mindestens,2.2360579469516333
-8.742949011753433,1.3936492539276593,0.44209339649986995,0.1292918024898607,-0.032129977632726785,verletz…,2.228470348957961
-8.742949011753433,1.3936492539276593,0.44209339649986995,0.1292918024898607,-0.032129977632726785,werd+en verletz…,2.228470348957961
-8.74429655074394,1.3944432303287226,0.4427340045189115,0.1272279451432883,-0.03252843160219853,verletz… kopier+e,2.2269221291554278
-8.755036566238761,1.400679862318038,0.44784992827300285,0.11065719759988768,-0.03571728493254505,+1883,2.2146227324267227
-8.755036566238761,1.400679862318038,0.44784992827300285,0.11065719759988768,-0.03571728493254505,gelt+en +1883,2.2146227324267227
-8.755036566238761,1.400679862318038,0.44784992827300285,0.11065719759988768,-0.03571728493254505,+1883 chars,2.2146227324267227
-6.255229775060142,0.1657594303086043,-0.32595258207896655,-0.05371042968550832,0.055901091476899575,tsunami-warnung bei,4.990561406142881
-6.220554179373362,0.14950220128719094,-0.3342987683966507,-0.028387751731522866,0.012950605956811159,dutzende,5.028783177142077
-6.220554179373362,0.14950220128719094,-0.3342987683966507,-0.028387751731522866,0.012950605956811159,philippinen dutzend+e,5.028783177142077
-7.180141644884379,0.6306492145750602,-0.1115394153837343,-0.026792803446299047,-0.010390130231754217,Digos,3.9589563143245203
-7.180141644884379,0.6306492145750602,-0.1115394153837343,-0.026792803446299047,-0.010390130231754217,bild+er digo+s,3.9589563143245203
-7.225901530399262,0.6535375354770934,-0.0993467324178592,-0.026716026148155634,-0.011655212900594375,digo+s mindanao,3.9079880373680664
-7.263380868748282,0.6722773028944788,-0.08923274585964588,-0.02666561593489294,-0.012682081982567879,mindanao zeig+en,3.8662476816365876
-7.30878677794394,0.6949716180686971,-0.07682202285527906,-0.026618759874020875,-0.01391668247739182,Schulklassen,3.8156857949607383
-7.30878677794394,0.6949716180686971,-0.07682202285527906,-0.026618759874020875,-0.01391668247739182,zeig+en schul+klasse+n,3.8156857949607383
-7.390135686262811,0.7356043125795118,-0.05414132753949506,-0.02657092867789249,-0.01610878291618969,schul+klasse+n beben+s,3.725117700996869
-7.434871894785973,0.7579336550545761,-0.041416564298136796,-0.026562813020319404,-0.017306859330950962,Grundschule,3.6753223049484625
-7.434871894785973,0.7579336550545761,-0.041416564298136796,-0.026562813020319404,-0.017306859330950962,beben+s grund+schule,3.6753223049484625
-8.012188622603553,1.0445873420338854,0.14141277085625578,-0.02821602570214056,-0.0314867282177075,grund+schule erschütterung+en,3.0336555941149568
-8.0402847768181,1.058434757588316,0.15131565711127656,-0.02818869170402399,-0.03245321225182374,hin-,3.002488415273843
-8.0402847768181,1.058434757588316,0.15131565711127656,-0.02818869170402399,-0.03245321225182374,erschütterung+en hin+-,3.002488415273843
-8.054859608865431,1.0656129817486768,0.15649521001695602,-0.028177106605162563,-0.032953919978225985,hergerissen,2.9863233658190578
-8.054859608865431,1.0656129817486768,0.15649521001695602,-0.028177106605162563,-0.032953919978225985,hin+- her+ge+reiß+en,2.9863233658190578
-8.262763949680991,1.1675714052879205,0.2337341111169918,-0.028183719521626682,-0.04009824468885007,Ersch…,2.7559766826434697
-8.262763949680991,1.1675714052879205,0.2337341111169918,-0.028183719521626682,-0.04009824468885007,grund+schule ersch…,2.7559766826434697
-8.267623485569594,1.1699435253580206,0.2356187588417646,-0.028187267279136157,-0.04026635160676766,+98,2.750598612669372
-8.267623485569594,1.1699435253580206,0.2356187588417646,-0.028187267279136157,-0.04026635160676766,ersch… +98,2.750598612669372
-8.270006988254277,1.171106794439492,0.23654453553989913,-0.028189056585299,-0.04034884097809522,+98 char+s,2.7479608913941416
-8.339613207287561,1.080814119323745,0.2661011695986861,0.6226684022046081,0.07177005826251699,philippinen zahl,2.7249377581682475
-8.065532268733229,0.829592229091936,0.16519206286596966,0.8589142284885247,0.12790835093979322,zahl tot+en,3.0794711619687107
-8.359771252674804,1.098672146858372,0.27410166097247934,0.6027801391450534,0.06723604793093842,tot+en beben,2.6991421100842574
-8.447604726018113,1.1747530650803517,0.3099435709902891,0.5112061576175588,0.04674238941565255,beben philippinen,2.5875155683659155
-8.486996976575018,1.2077492547041746,0.32654296611641553,0.46731696444475085,0.03714199772988112,philippinen steig+t,2.537951979745577
-8.507263597671185,1.2243955411691934,0.3352102208001566,0.44399883036001814,0.032099357366830665,steig+t mindestens,2.5125983179128233
-8.523559859213908,1.2376014592122524,0.34224204682817,0.424869513218173,0.02799247008398618,mindestens nach,2.4922908404234727
-8.419865539072433,1.1510657516514067,0.2984502673963211,0.5410295670019015,0.053347782076393215,philippinen meld+et,2.6226176710119957
-8.188507153486812,0.9437290872971063,0.208713267554406,0.760094179147819,0.10391441323510445,Zivilschutz,2.919751096432712
-8.35136530732187,1.0912409182911234,0.27075532243246697,0.6111221024503748,0.0691341771466813,meld+et zivil+schutz,2.7098919721542063
-8.065532268733229,0.829592229091936,0.16519206286596966,0.8589142284885247,0.12790835093979322,zivil+schutz tot+e,3.0794711619687107
-8.319975195300099,1.0632989507139599,0.2583867740177171,0.6416662767805961,0.07612888832204937,mehr 600,2.7501206602307353
-8.340424172767937,1.0815349927218867,0.26642142767690796,0.6218759499219758,0.07158883027432564,600 mensch+en,2.723898899564998
-8.313449610956031,1.0574547827262764,0.25584062732522134,0.6478987799217617,0.07756478343028864,verletz+t vermiss+t,2.758499527535856
-8.009338316049394,0.7770726827858543,0.1461882391155869,0.9007921952224887,0.1382972992927632,der schaden,3.1526293997638617
-8.333089043255166,1.0750075951376672,0.26352959089108047,0.6290206050278733,0.07322446859802986,enorm,2.7332985050612515
-8.333089043255166,1.0750075951376672,0.26352959089108047,0.6290206050278733,0.07322446859802986,schaden enorm,2.7332985050612515
-8.508066185816194,1.2250497732987418,0.33555523318674835,0.44306472494518834,0.03189818857178672,mensch+en schwer+en,2.5115964798847554
-8.561785319361356,1.2678878412739147,0.3589538619677572,0.37861512919130474,0.01817281689939016,philippinen um,2.4449611601119265
-8.580489014789658,1.2823203868323407,0.36724112653649166,0.3552466626071294,0.013270961270314473,Zudem,2.42197325325316
-8.58533746381238,1.2860169394362844,0.3694010841865573,0.34910730417004116,0.01198969917417687,zudem werd+en,2.4160339342488713
-8.590634282548779,1.2900335459145076,0.37176626145754843,0.34236114015744773,0.010584933670314567,werd+en mehr,2.40955496357266
-8.5969428207917,1.294787056454003,0.3745906291305522,0.33427273004889346,0.008904989183870223,630,2.4018518140016454
-8.5969428207917,1.294787056454003,0.3745906291305522,0.33427273004889346,0.008904989183870223,mehr 630,2.4018518140016454
-8.599584358584945,1.2967675160314074,0.3757756512999812,0.33086844187906994,0.008199332401624522,630 mensch+en,2.39863069959085
-8.612615529510116,1.306449207530872,0.38164211282049004,0.31392170316491236,0.004698897564293657,verletz+t weiter+e,2.3827792247046276
-8.616819228622422,1.3095403402924073,0.3835418087617012,0.308400098717743,0.0035628195605716673,gelten,2.3776798391173
-8.616819228622422,1.3095403402924073,0.3835418087617012,0.308400098717743,0.0035628195605716673,weiter+e gelt+en,2.3776798391173
-8.622211894041266,1.3134822363491412,0.38598395224653803,0.3012771544455679,0.0021004763378148494,gelt+en vermiss+t,2.3711485028292536
-8.630202976395488,1.3192738608508983,0.3896133903987325,0.29063940557932616,-7.673295854056933e-05,vermiss+t zivil+schutz,2.361491924643212
-8.635039147934942,1.3227495086457821,0.3918160026411406,0.284153059317515,-0.001400337784201077,mitteilt…,2.355660738640532
-8.635039147934942,1.3227495086457821,0.3918160026411406,0.284153059317515,-0.001400337784201077,zivil+schutz mitteilt…,2.355660738640532
-8.639174685401056,1.3257036771446644,0.3937031349857272,0.27857718709494506,-0.002535768083981444,+1286,2.3506822294153715
-8.639174685401056,1.3257036771446644,0.3937031349857272,0.27857718709494506,-0.002535768083981444,mitteilt… +1286,2.3506822294153715
-8.641321776693328,1.3272308134499564,0.3946842085875712,0.27567161221817915,-0.0031265664684278632,+1286 char+s,2.3481003895445065
-7.06685285521663,0.5739405799148198,-0.141159264520281,-0.023914066857579557,-0.012580107361561357,Frachter-Stapellauf,4.085174457566788
-6.223914832039437,0.15123452519600722,-0.33393547045087657,-0.02142753310139086,0.0009436609889512081,frachter+-+stapel+lauf folge+n,5.025025739791974
-5.258243776751126,-0.3332657651064266,-0.5114669985158012,-0.018937140450931783,0.012802872496259112,folge+n mini-tsunami,6.102492448417568
-5.694873862585679,-0.11425371903939263,-0.43585439138785553,-0.020017365505524326,0.007822196767071809,mini-tsunami spül+t,5.615266712236061
-1.820243242131868,-2.050994205056623,-0.9389456233434657,-0.012438517728891976,0.038829912324489485,Schüler,9.938499174471504
-6.223914832039437,0.15123452519600722,-0.33393547045087657,-0.02142753310139086,0.0009436609889512081,spül+t schüler,5.025025739791974
-6.769284978765696,0.4248405053664419,-0.21422518717211164,-0.023003312840896475,-0.007375109006643822,schüler bei,4.416824485431718
-5.424569517816419,-0.2498536909897533,-0.483477917586544,-0.019340085952404548,0.010971490800693486,Schiffsstapellauf,5.916887930592879
-5.424569517816419,-0.2498536909897533,-0.483477917586544,-0.019340085952404548,0.010971490800693486,bei schiff+s+stapel+lauf,5.916887930592879
-6.018895702428676,0.048343269865136484,-0.37491414797208955,-0.02086740847852133,0.0037319277799607135,Winschoterdiep-Kanal,5.25374189645897
-6.018895702428676,0.048343269865136484,-0.37491414797208955,-0.02086740847852133,0.0037319277799607135,schiff+s+stapel+lauf winschoterdiep-kanal,5.25374189645897
-6.4651943497835305,0.27231148410066286,-0.2830254800514547,-0.022109309142040297,-0.0025625281329991235,Niederlanden,4.755904409664317
-6.4651943497835305,0.27231148410066286,-0.2830254800514547,-0.022109309142040297,-0.0025625281329991235,winschoterdiep-kanal niederlanden,4.755904409664317
-3.950330943845956,-0.9882438838687557,-0.703024084458171,-0.016095856323771984,0.024936399665005906,niederlanden schüler,7.56203257902661
-6.822581382096859,0.4515599209650796,-0.2015812874266046,-0.023163907581327182,-0.008268865897486759,schüler stark+en,4.357410584029205
-6.878530344998498,0.47960320570465154,-0.1881069831458216,-0.023333710627542227,-0.009224517504297147,Verdrängungswelle,4.295045337787348
-6.878530344998498,0.47960320570465154,-0.1881069831458216,-0.023333710627542227,-0.009224517504297147,stark+en verdrängung+s+welle,4.295045337787348
-6.988543518834515,0.5347242649260844,-0.16098848562704818,-0.02367113322204343,-0.01115789646112892,verdrängung+s+welle überrasch+t,4.172434392107864
-7.086048110862334,0.5835504439681944,-0.13622948959182749,-0.02397395020626149,-0.012934805594215955,überrasch+t wasser,4.063787539331356
-7.941133589529675,1.0094948087143678,0.11676269335587776,-0.026722015524409858,-0.031753907383489516,geri,3.1125185372463706
-7.941133589529675,1.0094948087143678,0.11676269335587776,-0.026722015524409858,-0.031753907383489516,wasser gerat,3.1125185372463706
-7.950516012123304,1.014130741454202,0.11997227641816831,-0.026752102882880557,-0.03200069152752072,gerat ...,3.1021038712141933
-7.959604117300103,1.0186200539095331,0.12309193666792415,-0.026781214575587853,-0.03224076231830166,... mehr,3.0920165901951187
-6.769284978765696,0.4248405053664419,-0.21422518717211164,-0.023003312840896475,-0.007375109006643822,anzeige+n bei,4.416824485431718
-8.197807782327384,1.135802158891852,0.20887346816968566,-0.02752760624652758,-0.03892088739938008,wasser ge+reiß+en,2.827897388256918
-8.213393588234613,1.1434318234323602,0.21477330988113344,-0.02757488869920531,-0.039386027136939,Jam,2.8106367507632513
-8.213393588234613,1.1434318234323602,0.21477330988113344,-0.02757488869920531,-0.039386027136939,quelle ja+m,2.8106367507632513
-8.21961953312529,1.146478103141164,0.21714057248001045,-0.027593705717527423,-0.039572870598959524,ja+m +42,2.8037425830746066
-8.222662588588058,1.1479667206977358,0.2182998134819893,-0.02760288786685216,-0.039664411202049936,+42 chars,2.800373090558607
-8.65950662791613,1.3399784945635185,0.4030290183459953,0.25076590675102817,-0.00816628735349894,"6,7 erschütter+t+e",2.3263153578221196
-8.644327149857496,1.3293607382168526,0.396058957606128,0.2715922257359919,-0.003955032284618031,erschütter+t+e indonesisch+e,2.344489852626686
-8.508961316959493,1.2257789812652657,0.3359401869545118,0.44202194087302205,0.03167369064789307,indonesisch+e insel,2.5104793279161393
-8.59058728992044,1.28999801242552,0.37174525286698473,0.3424211714734685,0.010597419637392582,sulawesi zunächst,2.4096123994844376
-8.560086114403816,1.2665635047708932,0.35820454360919757,0.38071366500722165,0.01861495138848752,zunächst geb,2.4470553802948567
-8.482868365306084,1.204329421076968,0.3247879064958811,0.47200453279472787,0.03816055180075163,geb bericht+e,2.5431296098344336
-8.473668044122352,1.1966750811795728,0.32088977976647787,0.4823755537949971,0.0404198345753539,schaden opfer,2.554682416174614
-8.546950158881137,1.2562545653179735,0.3524319921191458,0.3968017629254855,0.022015150086141567,Erbeben,2.4632763525507286
-8.546950158881137,1.2562545653179735,0.3524319921191458,0.3968017629254855,0.022015150086141567,der erbebe+n,2.4632763525507286
-8.578380569071559,1.2807070062686363,0.3663033233479927,0.35790589706930626,0.013826778810201853,weckte,2.4245586673309143
-8.578380569071559,1.2807070062686363,0.3663033233479927,0.35790589706930626,0.013826778810201853,erbebe+n weck+te,2.4245586673309143
-7.764265843878619,0.907737454422956,0.06049379590093647,0.21623588084609782,0.013653990049993205,dennoch,3.3150909724967472
-8.598653210370513,1.2960700762265018,0.3753577674804399,0.33206964373615827,0.008448228116280068,weck+te dennoch,2.3997658519628655
-8.616719858904744,1.3094674543367864,0.3834968619522545,0.3085309332370818,0.003589713774321268,Erinnerungen,2.37780030059987
-8.616719858904744,1.3094674543367864,0.3834968619522545,0.3085309332370818,0.003589713774321268,dennoch erinnerung+en,2.37780030059987
-8.648181233514324,1.3320789138073659,0.39782448325513287,0.2663396740002481,-0.0050200215384840555,erinnerung+en katastrophe,2.339865525083484
-8.665381524457773,1.344023363001647,0.40573838640820575,0.24260465396318734,-0.009808253341782001,katastrophe 2018,2.319309643887051
-8.698695981223983,1.3662358013491576,0.42122299659871465,0.19522951581850467,-0.019248048648867637,"6,7 indonesisch+e",2.2799008595377606
-8.710520494850334,1.373806125628989,0.42676698019407455,0.17795445918299985,-0.022651636871272182,sulawesi erschütter+t,2.2660509015670907
-8.726241798289701,1.3835991781971408,0.4341753326568574,0.15460150988664387,-0.027220280218105776,usg+s deutsch+en,2.2477559971386807
-8.728646688801566,1.385068931964555,0.43531226330091694,0.15098987942496267,-0.027923529153091924,Geoforschungszentrums,2.2449698270422402
-8.728646688801566,1.385068931964555,0.43531226330091694,0.15098987942496267,-0.027923529153091924,deutsch+en geoforschungszentrum+s,2.2449698270422402
-8.733636458305835,1.3880938916677898,0.43767426662998976,0.1434626442655956,-0.029386378255113386,GFZ,2.23919972356926
-8.733636458305835,1.3880938916677898,0.43767426662998976,0.1434626442655956,-0.029386378255113386,geoforschungszentrum+s gfz,2.23919972356926
-8.734633594865029,1.3886943806211192,0.4381467704762973,0.14195296012074915,-0.029679310482810396,gfz ereign+ete,2.238048404671265
-8.739565107910044,1.3916443471637647,0.4404859978846178,0.13445961971628714,-0.03113100916960912,ereign+ete eher,2.232363058938427
-8.740403379606718,1.3921424818204733,0.44088401680405714,0.13318141147450907,-0.03137826124378178,gerin…,2.2313980987710447
-8.740403379606718,1.3921424818204733,0.44088401680405714,0.13318141147450907,-0.03137826124378178,eher gerin…,2.2313980987710447
-8.741701321638251,1.392911860135417,0.44150051390767725,0.13119972006647462,-0.03176137536424663,+1227,2.2299048354657227
-8.741701321638251,1.392911860135417,0.44150051390767725,0.13119972006647462,-0.03176137536424663,gerin… +1227,2.2299048354657227
-8.742641621198764,1.3934677842965892,0.44194730629330103,0.12976212057008088,-0.032039136717269545,+1227 char+s,2.2288236722976755
-3.0740310780481543,-1.426036095170411,-0.8092512591640568,-0.014467674669385462,0.03134613099637674,Pflege,8.539806029121168
0.23794619726640853,-3.073725993669147,-1.110732475053272,-0.00968904366417179,0.0480778805920134,Studie,12.233800320777696
-4.17556891831417,-0.8755791519390863,-0.673170682049324,-0.01654725993979689,0.02309276537036131,pflege studie,7.310691453538228
2.4404190380084785,-4.164598446342213,-1.2552571567380075,-0.007321971971962752,0.05514491987549716,Pflege-Tsunami,14.689056032237016
-0.10292717913207738,-2.904587306644267,-1.085124720883009,-0.010103206725636018,0.04675290160510237,studie pflege-tsunami,11.853720073817021
-0.7277548040516564,-2.5943118863875116,-1.0354684980229683,-0.010902014389599925,0.04412784416767228,pflege-tsunami bleib+t,11.156961876544287
-6.769284978765696,0.4248405053664419,-0.21422518717211164,-0.023003312840896475,-0.007375109006643822,bleib+t der,4.416824485431718
-6.606619247638781,0.343262403119291,-0.25171081402198,-0.022520311921035898,-0.004742387401531201,der jahr+en,4.5981905123317794
-6.703974540940699,0.3920913994257158,-0.22947174836669176,-0.022808082561675543,-0.0063012326317020695,erwartete,4.489638106740303
-6.703974540940699,0.3920913994257158,-0.22947174836669176,-0.022808082561675543,-0.0063012326317020695,jahr+en erwart+ete,4.489638106740303
-6.410158988379826,0.22281772212405482,-0.2913561786868719,0.26622284874170304,0.048198007707078314,starke,4.8267770598937005
-6.818288922689859,0.4494081516433288,-0.202606470143511,-0.023150931289712736,-0.00819629090922045,erwart+ete stark+e,4.36219555242289
-6.885600338233324,0.48314642477059744,-0.18638934941553198,-0.023355255280858557,-0.009346576287871666,stark+e weit+er+e,4.287164985817192
-6.952911353625221,0.5168744059256543,-0.16986450367706735,-0.023561341391950933,-0.01052361436403533,Zuwachs,4.212143989168959
-6.952911353625221,0.5168744059256543,-0.16986450367706735,-0.023561341391950933,-0.01052361436403533,weit+er+e zuwachs,4.212143989168959
-7.032544490075921,0.5567616293754589,-0.14990200710479823,-0.02380736082210296,-0.011952163230707913,Pflegebedürftigen,4.123402373425554
-7.032544490075921,0.5567616293754589,-0.14990200710479823,-0.02380736082210296,-0.011952163230707913,zuwachs pflegebedürftig+en,4.123402373425554
-5.897833109034968,-0.012411268140372744,-0.3982063251560358,-0.020544828129662223,0.0053032418041452575,Mecklenburg-Vorpommern,5.388810379635531
-7.15507212078135,0.6180960689449302,-0.11827050629280692,-0.024190331464163994,-0.014230742584794509,pflegebedürftig+en mecklenburg-vorpommern,3.9868906433340894
-5.304988955379407,-0.30982540228636335,-0.5036970975301404,-0.01904934912191724,0.012295929514331264,mecklenburg-vorpommern bleib+t,6.050328560929502
-7.309207783563965,0.6951708592669814,-0.07679573644278703,-0.02467900513283964,-0.01724642490295379,bleib+t neu+en,3.8152250101233713
-5.844662341357531,-0.039093364422536414,-0.4082348827692251,-0.020405041882031814,0.005976750071063141,neu+en studie,5.448135044627628
-7.353619394523606,0.7173582296351069,-0.06447592958072762,-0.024821064772754465,-0.018148392145593426,studie zufolge,3.7657770220637943
-7.923956129923875,1.0010040964724047,0.11091554954686578,-0.026666849654633357,-0.03130485913486933,zufolge wohl,3.1315876779965404
-7.957358833020779,1.017511046130586,0.12232021288549025,-0.026774025308526215,-0.03218135652921794,Problem,3.0945086649589677
-7.957358833020779,1.017511046130586,0.12232021288549025,-0.026774025308526215,-0.03218135652921794,ein problem,3.0945086649589677
-7.993301628791223,1.035255274071066,0.13475276138917106,-0.02688885918380003,-0.03313986944511924,problem dennoch,3.0546203135046626
-8.008732519848436,1.0428672012926075,0.1401423801363263,-0.02693798093203736,-0.03355637655724086,Bestand,3.0374989391836045
-8.008732519848436,1.0428672012926075,0.1401423801363263,-0.02693798093203736,-0.03355637655724086,dennoch bestand,3.0374989391836045
-8.10614006394993,1.0908273581525914,0.17491259797238132,-0.02724499366439794,-0.036257836611826945,hin+zu+füg+en der,2.9294710625845273
-8.239318572683015,1.156110889535061,0.22467053829504266,-0.02765296592093093,-0.040167998534728876,woh…,2.781932378689208
-8.239318572683015,1.156110889535061,0.22467053829504266,-0.02765296592093093,-0.040167998534728876,zufolge woh…,2.781932378689208
-8.243443034251019,1.1581266236666334,0.22625484859936115,-0.02766531838653777,-0.04029336970426834,+1788,2.7773665016945537
-8.243443034251019,1.1581266236666334,0.22625484859936115,-0.02766531838653777,-0.04029336970426834,woh… +1788,2.7773665016945537
-8.247482376480317,1.1601003764971474,0.2278090760326676,-0.02767739690256699,-0.040416413081290535,+1788 chars,2.7728950604101894
-6.769284978765696,0.4248405053664419,-0.21422518717211164,-0.023003312840896475,-0.007375109006643822,bleib+t hier,4.416824485431718
-6.702600792635051,0.39140247924379823,-0.22978957738485917,-0.02280399475125825,-0.00627889144583179,thema pflege,4.491169753044911
-6.346654977880627,0.21283023588155725,-0.3084178340685909,-0.021771291637839016,-0.0008079095598067625,sie studie,4.888115077857104
-6.959931993794573,0.5203916449279549,-0.16812277197800896,-0.023582936071614456,-0.010647965334237827,Berechnungen,4.204319744289842
-6.959931993794573,0.5203916449279549,-0.16812277197800896,-0.023582936071614456,-0.010647965334237827,neu+e berechnung+en,4.204319744289842
-7.2618347756755925,0.6714933167964876,-0.08975112515880908,-0.024528060218853363,-0.01630098649468622,berechnung+en entwicklung,3.8679777477839408
-7.441492126965127,0.7612263906197518,-0.03958535655375048,-0.025103542615240913,-0.019979406861936465,Pflegebedürftigkeit,3.6679610677851526
-7.441492126965127,0.7612263906197518,-0.03958535655375048,-0.025103542615240913,-0.019979406861936465,entwicklung pflege+bedürftigkeit,3.6679610677851526
-7.412612855220665,0.7468140986383198,-0.04784257438280344,-0.025010517321366266,-0.01937068927410776,pflege+bedürftigkeit mecklenburg-vorpommern,3.700104835968763
-7.1046091679928045,0.5928416471848521,-0.1314361288230022,-0.024031977214932856,-0.013280117464963125,mecklenburg-vorpommern geb+en,4.043108141632757
-6.982930104582561,0.5319124615330808,-0.16239279031312526,-0.023653805343905272,-0.011057448646297097,geb+en entwarnung,4.178689966103032
-6.452892263927108,0.2661388917999936,-0.28569610556319247,-0.02207395421476221,-0.002377440398653563,droht,4.769624590876932
-5.568563040459621,-0.1776243075372923,-0.4584509406706791,-0.019697358414353668,0.009321671609127388,droh+t pflege-tsunami,5.756208972943077
-5.907161573858059,-0.007729970283304688,-0.3964344024483993,-0.020569471191187648,0.005184051495820723,pflege-tsunami sag+te,5.378402402003857
-6.346654977880627,0.21283023588155725,-0.3084178340685909,-0.021771291637839016,-0.0008079095598067625,Professor,4.888115077857104
-6.346654977880627,0.21283023588155725,-0.3084178340685909,-0.021771291637839016,-0.0008079095598067625,sag+te professor,4.888115077857104
-6.769284978765696,0.4248405053664419,-0.21422518717211164,-0.023003312840896475,-0.007375109006643822,Thomas,4.416824485431718
-6.769284978765696,0.4248405053664419,-0.21422518717211164,-0.023003312840896475,-0.007375109006643822,professor thomas,4.416824485431718
-6.959931993794573,0.5203916449279549,-0.16812277197800896,-0.023582936071614456,-0.010647965334237827,Klie,4.204319744289842
-6.959931993794573,0.5203916449279549,-0.16812277197800896,-0.023582936071614456,-0.010647965334237827,thomas klie,4.204319744289842
-7.204425738329441,0.6427860781557795,-0.10520112632913331,-0.024346014110474615,-0.015177586357886533,Interdisziplinären,3.9319159794174863
-7.204425738329441,0.6427860781557795,-0.10520112632913331,-0.024346014110474615,-0.015177586357886533,klie interdisziplinär+en,3.9319159794174863
-7.432068043166991,0.7565238258887022,-0.042288319874836236,-0.025073166966101342,-0.019780003923994448,Care,3.6784500737357497
-7.432068043166991,0.7565238258887022,-0.042288319874836236,-0.025073166966101342,-0.019780003923994448,interdisziplinär+en care,3.6784500737357497
-7.477322489967042,0.7791004579938638,-0.029233343565294837,-0.025219187999210236,-0.020744376035034796,Forsc…,3.628085245480465
-7.477322489967042,0.7791004579938638,-0.029233343565294837,-0.025219187999210236,-0.020744376035034796,care forsc…,3.628085245480465
-7.541205383914615,0.8109473749882958,-0.010473898282950658,-0.02542591584383465,-0.022135814033418487,+1587,3.557003504015426
-7.541205383914615,0.8109473749882958,-0.010473898282950658,-0.02542591584383465,-0.022135814033418487,forsc… +1587,3.557003504015426
-7.583469855411273,0.832000895594712,0.0021565367991922754,-0.025562989681364435,-0.023076439217065432,+1587 chars,3.509986751620782
-8.15969269047672,1.1171221592017908,0.19460127860561535,-0.027410980010714764,-0.03779875224663617,was minute+n,2.8701201286154667
-8.141727278296687,1.1083071652631067,0.18794950927359,-0.027355555301852,-0.0372772428448127,Japan-Beben,2.8900272957038218
-8.141727278296687,1.1083071652631067,0.18794950927359,-0.027355555301852,-0.0372772428448127,minute+n japan+-+beben,2.8900272957038218
-8.12813553528605,1.1016339814602925,0.18294865203227084,-0.027313445467520615,-0.03688578348957631,geschah,2.9050903903851943
-8.12813553528605,1.1016339814602925,0.18294865203227084,-0.027313445467520615,-0.03688578348957631,japan+-+beben gescheh,2.9050903903851943
-8.117393580270837,1.096357470236293,0.17901535210978017,-0.02728006142414731,-0.03657826112903859,Unerwarteter,2.9169965804653355
-8.117393580270837,1.096357470236293,0.17901535210978017,-0.02728006142414731,-0.03657826112903859,gescheh un+erwart+et+er,2.9169965804653355
-8.100963416387147,1.0882827068592287,0.17303141677526285,-0.02722883118000895,-0.036111034705241025,Mechanismus,2.9352097939947424
-8.100963416387147,1.0882827068592287,0.17303141677526285,-0.02722883118000895,-0.036111034705241025,un+erwart+et+er mechanismus,2.9352097939947424
-8.084736213949018,1.0803028570873043,0.1671591912751265,-0.027178044217254657,-0.03565325980432797,mechanismus überrasch+t,2.953200710724023
-8.06886121576939,1.0724916804539082,0.1614503386084683,-0.027128187871336685,-0.03520891092140573,überrasch+t forscher,2.970803670036658
-8.055083694677966,1.0657090141667076,0.1565242444363048,-0.027084788902773754,-0.034826033230312255,forscher wissenschaftler,2.986082828015731
-8.017950039210163,1.047412350846198,0.14337697058782944,-0.02696726750131337,-0.03380663080976771,herausgefunden,3.027272630292286
-8.017950039210163,1.047412350846198,0.14337697058782944,-0.02696726750131337,-0.03380663080976771,wissenschaftler heraus+ge+find+en,3.027272630292286
-7.970573409360227,1.0240370364820535,0.12687154667253595,-0.026816308419239113,-0.032531884633244336,heraus+ge+find+en groß+e,3.0798422116511626
-6.305773491969755,0.1923148848086762,-0.3170025062533901,-0.02165609047631297,-0.000217334354971295,groß+e erdbeben,4.933714839630619
-5.962391705293616,0.01998664422931773,-0.3858659916085857,-0.020716101109844353,0.0044719739632958465,erdbeben 2011,5.316781869314207
-7.83355720792208,0.9562566756277577,0.08074608671973935,-0.026375121613637115,-0.02899886023390072,verschieb+en warn+en,3.2319789419913034
-7.7941879421735605,0.9367379608191493,0.06791307512721069,-0.026247531312712142,-0.02802348726357394,warn+en bislang,3.275718138976477
-7.762374916233517,0.920952964641454,0.05767395516527567,-0.026144278145698096,-0.027247604090460044,unerkannten,3.3110698538647028
-7.762374916233517,0.920952964641454,0.05767395516527567,-0.026144278145698096,-0.027247604090460044,bislang un+erkenn+t+en,3.3110698538647028
-7.70850684038872,0.8942007741480817,0.04059579341333196,-0.025969257286024176,-0.025958077371685408,un+erkenn+t+en risiko+en,3.3709443104826553
-7.62778535223341,0.854061082913554,0.015593357311846981,-0.02570689861862884,-0.024080488508480574,japan lieg+t,3.4606978812173974
-7.590108728493905,0.8353067225339326,0.004156758093268979,-0.025584538372601,-0.023225682653939553,lieg+t seit,3.5026021863658774
-7.325496930469761,0.703309840408129,-0.07229694396403745,-0.02473104966035301,-0.017575464409832472,jahr+en osten,3.7970878226133986
-7.173165778933542,0.6271488427489682,-0.11350156745120282,-0.024247315794551104,-0.014575873934129006,der groß+e,3.9667354118301743
-6.079806513480736,0.07891200642093255,-0.36294604043748185,-0.021031993283599795,0.0029207295916223557,tsunami dadurch,5.185787607001388
-6.702600792635051,0.39140247924379823,-0.22978957738485917,-0.02280399475125825,-0.00627889144583179,Reaktor-Katastrophe,4.491169753044911
-6.702600792635051,0.39140247924379823,-0.22978957738485917,-0.02280399475125825,-0.00627889144583179,dadurch reaktor+-+katastrophe,4.491169753044911
-7.233928567786253,0.6575406682422615,-0.09729501542473988,-0.024439444530827983,-0.015751901099863,reaktor+-+katastrophe fukushima,3.8990564667658174
-7.3600674066047045,0.7205787052728205,-0.06267295848401654,-0.024841731843007774,-0.018280631416932716,auslöste,3.758598382731782
-7.3600674066047045,0.7205787052728205,-0.06267295848401654,-0.024841731843007774,-0.018280631416932716,fukushima aus+lös+te,3.758598382731782
-7.5261070672626555,0.8034231299212506,-0.014943161738299317,-0.025377001769517956,-0.021803707342994368,aus+lös+te land,3.5738015539758075
-7.62778535223341,0.854061082913554,0.015593357311846981,-0.02570689861862884,-0.024080488508480574,land sechs,3.4606978812173974
-7.662158406049912,0.8711606188118515,0.026155395553260494,-0.025818601552964626,-0.024872174706019698,Milli…,3.422474346321411
-7.662158406049912,0.8711606188118515,0.026155395553260494,-0.025818601552964626,-0.024872174706019698,sechs milli…,3.422474346321411
-7.703633186866569,0.8917789880707079,0.0390664455103759,-0.025953416155211212,-0.025842879356842124,+3898,3.3763622430093796
-7.703633186866569,0.8917789880707079,0.0390664455103759,-0.025953416155211212,-0.025842879356842124,milli… +3898,3.3763622430093796
-7.73194332074338,0.9058434689993153,0.047986468912948464,-0.026045423554145863,-0.026515424808776514,+3898 char+s,3.344892457212762
-8.251442101006408,1.1617269273233994,0.22915320028372207,-0.029651387899829917,-0.046885981345802775,Seismische,2.7686645259207476
-7.45797403020101,0.7693517863814214,-0.034927889756850516,-0.02619585616427107,-0.023676940945549722,seismisch+e welle,3.6496698947447417
-8.242076727372481,1.1572794843175138,0.22562056233492375,-0.02884134295217393,-0.04406963270123026,verschob,2.7789682612498443
-8.242076727372481,1.1572794843175138,0.22562056233492375,-0.02884134295217393,-0.04406963270123026,welle verschieb,2.7789682612498443
-8.236893596668336,1.1548137617391312,0.22367116756670163,-0.0283942041207114,-0.04251576524514621,verschieb japan,2.7846727140774354
-8.233346138743293,1.153124393795286,0.2223392847319961,-0.028088650326876182,-0.0414542244187192,dauerhaft,2.788577790589335
-8.233346138743293,1.153124393795286,0.2223392847319961,-0.028088650326876182,-0.0414542244187192,japan dauerhaft,2.788577790589335
-8.227143019577221,1.1501581043702094,0.22000924847938297,-0.027616388924182455,-0.039799451191946715,dauerhaft seit,2.7954122360831395
-8.220384584085734,1.1468523741136933,0.21743188008858733,-0.027596015127346475,-0.03959587127034104,seit groß+en,2.8028954524066214
-8.214967927126352,1.1442022093101345,0.2153713450575627,-0.027579650785421593,-0.0394332175292284,Tohoku-Erdbeben,2.8088933960355877
-8.214967927126352,1.1442022093101345,0.2153713450575627,-0.027579650785421593,-0.0394332175292284,groß+en tohoku-erdbebe+n,2.8088933960355877
-8.199504327706812,1.136632917583407,0.2095138651405338,-0.027532765013165598,-0.03897133980115373,tohoku-erdbebe+n jahr,2.8260183951057445
-8.19088181225899,1.1324100351708537,0.2062636814550802,-0.027506516489434044,-0.03871537126150342,2011 lieg+t,2.835568530963335
-8.236893596668336,1.1548137617391312,0.22367116756670163,-0.0283942041207114,-0.04251576524514621,lieg+t japan,2.7846727140774354
-8.18005154530157,1.1271036772093115,0.20219734632344277,-0.02747344463659791,-0.03839544439513185,japan rund,2.847565149865
-8.17537319626625,1.1248107334245743,0.20044630353692716,-0.02745912420710359,-0.03825778627837791,fünf,2.852747742639266
-8.17537319626625,1.1248107334245743,0.20044630353692716,-0.02745912420710359,-0.03825778627837791,rund fünf,2.852747742639266
-8.170592088766902,1.1224669592602396,0.19866020555789668,-0.027444468276112122,-0.038117439549443986,Millimeter,2.8580444254460904
-8.170592088766902,1.1224669592602396,0.19866020555789668,-0.027444468276112122,-0.038117439549443986,fünf millimeter,2.8580444254460904
-8.152467726092752,1.1135778932883862,0.19192046439187613,-0.027388723583713515,-0.037588459394829764,östlich,2.8781255645416297
-8.152467726092752,1.1135778932883862,0.19192046439187613,-0.027388723583713515,-0.037588459394829764,millimeter östlich,2.8781255645416297
-8.138403801780633,1.1066757566667231,0.18672419442080807,-0.027345272366555436,-0.03718127827859446,östlich neu+e,2.8937103673293367
-8.13275558294565,1.103902701194782,0.1846454940661549,-0.0273277759566714,-0.03701855051711254,Studiendaten,2.8999699862360364
-8.13275558294565,1.103902701194782,0.1846454940661549,-0.0273277759566714,-0.03701855051711254,neu+e studie+n+dat+en,2.8999699862360364
-8.117393580270837,1.096357470236293,0.17901535210978017,-0.02728006142414731,-0.03657826112903859,studie+n+dat+en zeig+en,2.9169965804653355
-8.08751656688793,1.081670452159505,0.16816268571656387,-0.027186758895451406,-0.03573143709887403,verantwortlich dafür,2.950117977617398
-8.050320870111685,1.063363527794558,0.15482742189494958,-0.02706975923588945,-0.034694265389204754,dafür beb+en,2.9913651827653887
-5.3461301197628766,-0.28919367990336786,-0.49679698998736965,-0.019148773553155973,0.011844795537700261,ausgelöste,6.004418599449936
-8.0405234274421,1.0585375149015075,0.15134674293207545,-0.027038800444729054,-0.034424157765070566,beb+en aus+ge+lös+t+e,3.002232004588361
-8.021550320328068,1.0491872798663058,0.14464346950920542,-0.026978694751548397,-0.0339046761679916,seismische,3.023278532277153
-8.021550320328068,1.0491872798663058,0.14464346950920542,-0.026978694751548397,-0.0339046761679916,aus+ge+lös+t+e seismisch+e,3.023278532277153
-7.970573409360227,1.0240370364820535,0.12687154667253595,-0.026816308419239113,-0.032531884633244336,Erdkern,3.0798422116511626
-7.970573409360227,1.0240370364820535,0.12687154667253595,-0.026816308419239113,-0.032531884633244336,welle erd+kern,3.0798422116511626
-7.943507662044404,1.0106679750854226,0.11757376476456902,-0.026729631724689902,-0.03181625072424091,erd+kern zurück,3.1098832043854263
-7.926471913543747,1.0022478871032783,0.11176958115028485,-0.026674935484508045,-0.03137040374211938,wanderte,3.1287946949185805
-7.926471913543747,1.0022478871032783,0.11176958115028485,-0.026674935484508045,-0.03137040374211938,zurück wander+te,3.1287946949185805
-7.886338305706884,0.9823959309428674,0.09823970580868747,-0.02654570989024048,-0.030333754778602985,wander+te dabei,3.173356248070886
-7.868694335457054,0.9736617780545409,0.0923544080231392,-0.02648875584274363,-0.02988397809420714,dabei stark,3.192950734968878
-7.850006110820357,0.9644064661667895,0.0861619346062503,-0.026428350141605095,-0.02941147564849375,genug,3.2137073954136026
-7.850006110820357,0.9644064661667895,0.0861619346062503,-0.026428350141605095,-0.02941147564849375,stark genug,3.2137073954136026
-7.812661316119732,0.9458989927097035,0.07391220475941664,-0.026307431180994375,-0.028479043741652048,genug 11.,3.2551929412315914
-7.758184827617599,0.9188731225503577,0.05633393386043846,-0.0261306710913032,-0.027146215331152544,2011 erschütter+te,3.3157265046350455
-7.678253543840595,0.8791638750357476,0.031143898875501452,-0.02587091833246008,-0.025246845347028347,erschütter+te erdbeben,3.4045784456938892
-6.93915797827265,0.5099838009233297,-0.17326650326016654,-0.023519091675354344,-0.010280888298316748,"9,0",4.227471931874064
-6.93915797827265,0.5099838009233297,-0.17326650326016654,-0.023519091675354344,-0.010280888298316748,"stärke 9,0",4.227471931874064
-7.5261070672626555,0.8034231299212506,-0.014943161738299317,-0.025377001769517956,-0.021803707342994368,"9,0 japan",3.5738015539758075
-7.441492126965127,0.7612263906197518,-0.03958535655375048,-0.025103542615240913,-0.019979406861936465,stärkste,3.6679610677851526
-7.441492126965127,0.7612263906197518,-0.03958535655375048,-0.025103542615240913,-0.019979406861936465,japan stark+st+e,3.6679610677851526
-7.173165778933542,0.6271488427489682,-0.11350156745120282,-0.024247315794551104,-0.014575873934129006,aufgezeichnet,3.9667354118301743
-7.173165778933542,0.6271488427489682,-0.11350156745120282,-0.024247315794551104,-0.014575873934129006,stark+st+e auf+ge+zeichn+et,3.9667354118301743
-6.885187781659115,0.4829396697169137,-0.1864896719696549,-0.0233539975466472,-0.009339445672382422,auf+ge+zeichn+et werd+e,4.287624826643995
-5.997625771603064,0.03766884754774358,-0.37905356686748115,-0.02081029718913433,0.004011894816796743,dadurch aus+ge+lös+t+e,5.277471953985181
-3.6859285090303455,-1.120426736395808,-0.7366604203529551,-0.015583892092092143,0.026991804165215308,aus+ge+lös+t+e tsunami,7.857067079181015
-5.694873862585679,-0.11425371903939263,-0.43585439138785553,-0.020017365505524326,0.007822196767071809,überflutete,5.615266712236061
-5.694873862585679,-0.11425371903939263,-0.43585439138785553,-0.020017365505524326,0.007822196767071809,tsunami überflut+ete,5.615266712236061
-6.54606281974208,0.31288438061751744,-0.2652595192385234,-0.022343300050484013,-0.0037970712719703065,überflut+ete mehr,4.665718540214932
-6.858123580196611,0.46937548126126627,-0.19304581365230708,-0.023271633969088042,-0.008873852614566677,mehr 500,4.317791670734953
-6.959931993794573,0.5203916449279549,-0.16812277197800896,-0.023582936071614456,-0.010647965334237827,Quadratkilometer,4.204319744289842
-6.959931993794573,0.5203916449279549,-0.16812277197800896,-0.023582936071614456,-0.010647965334237827,500 quadrat+kilo+meter,4.204319744289842
-7.348817744213147,0.7149598896315481,-0.06581617900372942,-0.02480568130252473,-0.018050130834547,Pazifikk…,3.771122848773568
-7.348817744213147,0.7149598896315481,-0.06581617900372942,-0.02480568130252473,-0.018050130834547,quadrat+kilo+meter pazifikk…,3.771122848773568
-7.459767817348586,0.7703442862191683,-0.034320183373456145,-0.025162498717225867,-0.02036822641922726,+5044,3.6476212684398117
-7.459767817348586,0.7703442862191683,-0.034320183373456145,-0.025162498717225867,-0.02036822641922726,pazifikk… +5044,3.6476212684398117
-7.51045141157921,0.7956194231329026,-0.01955398460269193,-0.025326316274832176,-0.021461481564873618,+5044 char+s,3.5912207934839118
-8.233942637344462,1.153408558022679,0.2225631062488091,-0.02814000147377238,-0.04163260922730964,Fukushima-Gau,2.787921113047601
-8.233942637344462,1.153408558022679,0.2225631062488091,-0.02814000147377238,-0.04163260922730964,gleichzeitig fukushima-gau,2.787921113047601
-8.224167146118367,1.148702651579604,0.21887350288153207,-0.02760742404376181,-0.03970972384570178,fukushima-gau mega-erdbebe+n,2.7987071764616793
-8.207786606346687,1.1406876652420093,0.21264653412576273,-0.027557907571726933,-0.03921826747424611,ganz,2.8168459204361125
-8.207786606346687,1.1406876652420093,0.21264653412576273,-0.027557907571726933,-0.03921826747424611,mega-erdbebe+n ganz,2.8168459204361125
-8.203686577399164,1.1386806032396115,0.21109443021877777,-0.02754546981111108,-0.039095899058009274,ganz japan,2.8213865275473133
-8.183722699284793,1.1289026578719643,0.20357372549275313,-0.02748466762922009,-0.038503694221035396,verschieb+en der,2.8434984846923896
-8.18005154530157,1.1271036772093115,0.20219734632344277,-0.02747344463659791,-0.03839544439513185,Tōhoku-Erdbeben,2.847565149865
-8.18005154530157,1.1271036772093115,0.20219734632344277,-0.02747344463659791,-0.03839544439513185,der tōhoku-erdbebe+n,2.847565149865
-8.154555885277347,1.1146023640955167,0.19269447726073663,-0.027395160786545147,-0.03764916014832335,tōhoku-erdbebe+n stärke,2.875811774498391
-8.138403801780633,1.1066757566667231,0.18672419442080807,-0.027345272366555436,-0.03718127827859446,"9,0 erschütter+t",2.8937103673293367
-8.124609302124277,1.0999021158871012,0.18165563387488748,-0.027302496439337215,-0.0367846538238187,erschütter+t 2011,2.9089986704592485
-8.113701239249167,1.0945432693135138,0.17766720836066477,-0.027268565904408026,-0.03647293230425494,2011 nordosten,2.9210893830194222
-8.07764539111189,1.0768144157265318,0.1646048750848424,-0.0271557954550523,-0.035454360479351375,20.000,2.9610630496978025
-8.07764539111189,1.0768144157265318,0.1646048750848424,-0.0271557954550523,-0.035454360479351375,mehr 20.000,2.9610630496978025
-8.067366839539158,1.0717561572761205,0.16091475649298645,-0.0271234863157878,-0.035167258685646574,20.000 mensch+en,2.972460832727447
-8.02860825706301,1.0526662207994781,0.14713136638867513,-0.027001076742016673,-0.03409737170530384,sterb+en komm+t,3.015448904013577
-6.728073250739821,0.40417618510398245,-0.22387720045706128,-0.022879917770847816,-0.006694790070328437,Nuklearkatastrophe,4.462769996334259
-8.010601374946063,1.0437888401350437,0.1407972752272664,-0.02694392225799519,-0.03360702719241922,komm+t nuklearkatastroph+e,3.03542549029591
-6.445028034271418,0.26219294545167005,-0.2873989691103226,-0.022051386606916155,-0.0022594905368950036,Kernkraftwerk,4.778395443168492
-6.445028034271418,0.26219294545167005,-0.2873989691103226,-0.022051386606916155,-0.0022594905368950036,nuklearkatastroph+e kern+kraft+werk,4.778395443168492
-6.159863083331542,0.11908953447468695,-0.34695293734545446,-0.021250656263162894,0.001832678793354716,kern+kraft+werk fukushima,5.096477525497235
-6.792539075569428,0.43649926378524495,-0.20873110036966408,-0.023073242833339554,-0.007763112074784993,der schwer+e,4.390900597824032
-6.724811869464691,0.4025407514643131,-0.22463645621597159,-0.02287018212147982,-0.006641345776647899,schwer+e beben,4.466406117199344
-7.853197742088148,0.9659874188184265,0.0872165290335778,-0.026438671871183147,-0.029491889833931112,beben schein+t,3.210162332675736
-7.812661316119732,0.9458989927097035,0.07391220475941664,-0.026307431180994375,-0.028479043741652048,gesamte,3.2551929412315914
-7.812661316119732,0.9458989927097035,0.07391220475941664,-0.026307431180994375,-0.028479043741652048,schein+t ge+sam+t+e,3.2551929412315914
-7.782600073091661,0.9309895524098555,0.06417009611368063,-0.026209934455284776,-0.027739617642868718,ge+sam+t+e land,3.2885942154944092
-7.762374916233517,0.920952964641454,0.05767395516527567,-0.026144278145698096,-0.027247604090460044,land verschieb+en,3.3110698538647028
-7.548555847178674,0.8146098786960903,-0.008289993810117226,-0.025449740095451073,-0.022298236928380254,führte,3.548825928378039
-7.548555847178674,0.8146098786960903,-0.008289993810117226,-0.025449740095451073,-0.022298236928380254,beben führ+te,3.548825928378039
-7.459767817348586,0.7703442862191683,-0.034320183373456145,-0.025162498717225867,-0.02036822641922726,führ+te nuklearkatastroph+e,3.6476212684398117
-3.6859285090303455,-1.120426736395808,-0.7366604203529551,-0.015583892092092143,0.026991804165215308,daiichi tsunami,7.857067079181015
-6.079806513480736,0.07891200642093255,-0.36294604043748185,-0.021031993283599795,0.0029207295916223557,Kühlsysteme,5.185787607001388
-6.079806513480736,0.07891200642093255,-0.36294604043748185,-0.021031993283599795,0.0029207295916223557,tsunami kühlsystem+e,5.185787607001388
-6.702600792635051,0.39140247924379823,-0.22978957738485917,-0.02280399475125825,-0.00627889144583179,ausfielen,4.491169753044911
-6.702600792635051,0.39140247924379823,-0.22978957738485917,-0.02280399475125825,-0.00627889144583179,kühlsystem+e aus+fall+en,4.491169753044911
-7.2618347756755925,0.6714933167964876,-0.08975112515880908,-0.024528060218853363,-0.01630098649468622,aus+fall+en kern+schmelz+e,3.8679777477839408
-7.441492126965127,0.7612263906197518,-0.03958535655375048,-0.025103542615240913,-0.019979406861936465,kern+schmelz+e mehrere+n,3.6679610677851526
-7.518351057765447,0.7995572901419703,-0.01723038792747433,-0.025351887011058113,-0.021633893464869422,Reaktoren,3.582431125760644
-7.518351057765447,0.7995572901419703,-0.01723038792747433,-0.025351887011058113,-0.021633893464869422,mehrere+n reaktor+en,3.582431125760644
-7.590108728493905,0.8353067225339326,0.004156758093268979,-0.025584538372601,-0.023225682653939553,reaktor+en komm,3.5026021863658774
-7.662158406049912,0.8711606188118515,0.026155395553260494,-0.025818601552964626,-0.024872174706019698,imago…,3.422474346321411
-7.662158406049912,0.8711606188118515,0.026155395553260494,-0.025818601552964626,-0.024872174706019698,foto imago…,3.422474346321411
-7.703633186866569,0.8917789880707079,0.0390664455103759,-0.025953416155211212,-0.025842879356842124,+3981,3.3763622430093796
-7.703633186866569,0.8917789880707079,0.0390664455103759,-0.025953416155211212,-0.025842879356842124,imago… +3981,3.3763622430093796
-7.73194332074338,0.9058434689993153,0.047986468912948464,-0.026045423554145863,-0.026515424808776514,+3981 chars,3.344892457212762
-8.689066108896274,1.3599459241338672,0.4167262647509912,0.2091181209456023,-0.016496778308367356,7.1,2.291234924106323
-8.681391468951574,1.354855579557986,0.4131545134589638,0.2200727020148523,-0.01431731516168138,7.1 richter+skala,2.3003017753398787
-8.67070120045624,1.347653954359177,0.4081972885636266,0.23516545678351458,-0.01130088911632783,richter+skala stark+es,2.3129800785870755
-8.65740749728404,1.338524381399899,0.4020625283117453,0.25366822003269823,-0.007581244273896608,beb+en erschütter+t,2.3288224275568545
-3.266999510826743,-1.4296531657160552,-0.7738402180602826,0.5586068236475291,0.1357646773007743,Venezuela,8.368075773202355
-8.642987828642259,1.328412664150245,0.3954460956429302,0.273411953332791,-0.0035856165154751207,erschütter+t venezuela,2.346098372341236
-8.62780241035497,1.3175403349918522,0.38852176584732884,0.2938454798375847,0.0005786017281642249,venezuela nach,2.364390039762693
-8.605952881230738,1.3015176355361786,0.37863841957228195,0.3226182231739002,0.006492638299543958,nach heftig+en,2.3908756956455854
-8.433300364626584,1.162581479372797,0.3039966291371681,0.5266936843203276,0.05016433932780964,heftig+en beben,2.6055975517129712
-8.510424294429665,1.2269697280182004,0.33656970667925495,0.4403154354545356,0.031306474779279295,beben venezuela,2.508653950079555
-8.182952015953859,0.9386086779025429,0.20668770302757433,0.7647897723402235,0.10503789825382273,venezuela zeig+en,2.926949659073434
-8.025791638320474,0.7924640558067748,0.15169731744129014,0.8887267149751346,0.1352907174152519,Videos,3.1312020452646654
-8.025791638320474,0.7924640558067748,0.15169731744129014,0.8887267149751346,0.1352907174152519,zeig+en video+s,3.1312020452646654
-7.573910945738944,0.3709518177246498,0.015079373281699978,1.1725618332240813,0.20884214888691813,video+s schaden,3.719407910674579
-8.128629133738562,0.8883361787688304,0.18718135794646468,0.8095155199840672,0.11582238705522083,Gebäuden,2.997435901541388
-8.128629133738562,0.8883361787688304,0.18718135794646468,0.8095155199840672,0.11582238705522083,schaden gebäude+n,2.997435901541388
-8.029398737491109,0.7958370109555375,0.1529111340172505,0.8860602408747427,0.134627725618331,Flughafen,3.126505157555394
-8.321886119151236,1.0650081275605068,0.2591340055554762,0.6398336619658839,0.07570723243364746,gebäude+n flug+hafen,2.7476680174358212
-8.400185983456876,1.1340596595307766,0.2903939964852628,0.5616710261747062,0.05795843335936932,flug+hafen haupt+stadt,2.64761020943829
-8.027292525074948,0.7938675794843832,0.1522021119274228,0.8876181552181824,0.13501502086928602,Caracas,3.1292476740987127
-8.027292525074948,0.7938675794843832,0.1522021119274228,0.8876181552181824,0.13501502086928602,haupt+stadt caracas,3.1292476740987127
-8.160576308474234,0.9179429465295814,0.19858717843908713,0.7834705585018295,0.10952398513475994,erdbeben venezuela,2.9559638496202356
-8.399512447671107,1.1334748613053942,0.29011969898712037,0.562370093128646,0.0581151412227652,venezuela erschütter+t,2.6484668115415215
-8.70665401894398,1.3713496397917995,0.4249514723456525,0.183630274134483,-0.021535627545073974,stärke vorläufig,2.2705713740077296
-8.71197346197776,1.3747244161999008,0.4274498920623359,0.17581472091819966,-0.023071791430891123,"7,1",2.26435428681448
-8.71197346197776,1.3747244161999008,0.4274498920623359,0.17581472091819966,-0.023071791430891123,"vorläufig 7,1",2.26435428681448
-8.719751633327341,1.3795948602769639,0.4311118862941976,0.1642960273481322,-0.025328206740229953,demnach beben,2.2552917252447067
-8.72419898566757,1.3823447251400842,0.43321033445471896,0.15766112440162008,-0.026623826508750587,beben weltweit,2.250125307679166
-8.72648946891148,1.3837508953487578,0.43429237641648955,0.15423004748748317,-0.027292651374896698,weltweit stark+sten,2.247468905325414
-8.45371332843483,1.179921437379072,0.31249627675759845,0.5045206252105372,0.04527074960479618,laufenden,2.579806812642427
-8.729792246902345,1.3857663473298212,0.43585417220502143,0.14926579207824703,-0.028258928135785635,stark+sten lauf+end+en,2.2436438296029904
-8.462917598228007,1.1876743644580117,0.3163574384625152,0.49436470067520744,0.04304155630056385,lauf+end+en jahr+es,2.568206830562039
-8.734436452413986,1.3885757653313817,0.43805333953110126,0.14225158254927395,-0.02962137935598446,der zentrum,2.2382759836007216
-8.735982802999105,1.3895047499742987,0.43878636542590393,0.13990732157324445,-0.030075991435246932,la…,2.2364915138693457
-8.735982802999105,1.3895047499742987,0.43878636542590393,0.13990732157324445,-0.030075991435246932,zentrum la…,2.2364915138693457
-8.736914850061616,1.390063118020183,0.4392283772136245,0.1384922146826116,-0.030350237393990787,+519,2.235416630160496
-8.736914850061616,1.390063118020183,0.4392283772136245,0.1384922146826116,-0.030350237393990787,la… +519,2.235416630160496
-8.737821854234685,1.390605347131314,0.4396586479861536,0.13711359109351198,-0.03061728313072841,+519 chars,2.2343711252039062
-8.382628083135469,1.1187583171591629,0.2832743557439616,0.5797379305933165,0.06202019972057167,Notstand,2.6699655635322004
-8.147242202837646,0.9055990547472939,0.19380394843055967,0.794429198273939,0.11216787187723193,zwei,2.973267238452653
-8.699653099826115,1.3668549175168179,0.42167083253222887,0.1938403310318918,-0.0195225083137439,not+stand zwei,2.2787770098335542
-8.697221832292815,1.3652800868576196,0.4205335598688612,0.19736600936616827,-0.018825684738099487,zwei schwer+en,2.2816327523665505
-8.679991140224537,1.353919518937789,0.41250396362809555,0.22206068124407785,-0.013920905394725944,bestätigt,2.3019593193423447
-8.679991140224537,1.353919518937789,0.41250396362809555,0.22206068124407785,-0.013920905394725944,venezuela bestätig+t,2.3019593193423447
-8.67236594583121,1.3487837743043734,0.4089678644563706,0.23282774647564722,-0.01176914046359516,bestätig+t erst+e,2.311002082060127
-8.667211937415766,1.345276052665529,0.4065838570186117,0.24005025122264212,-0.010321216772904054,erst+e opfer,2.3171302238569176
-8.660528485176435,1.3406846782644617,0.40349980783794304,0.24935044802533954,-0.008451398613888363,opfer viel+e,2.3250956532320455
-8.654111489939911,1.3362318731596736,0.4005466560195674,0.2582108520575198,-0.0066643614081614636,viel+e weit+er+e,2.3327630540414237
-8.362439500432453,1.1010261688475167,0.27516690389077997,0.6001175058054453,0.06663129426913408,verschüttet,2.695732003359828
-8.644327149857496,1.3293607382168526,0.396058957606128,0.2715922257359919,-0.003955032284618031,weit+er+e verschütt+et,2.344489852626686
-8.626074206418135,1.3162889729002776,0.387736590151953,0.29614802187129624,0.0010497013393119571,verschütt+et nach,2.3664779190039082
-8.699653099826115,1.3668549175168179,0.42167083253222887,0.1938403310318918,-0.0195225083137439,nach zwei,2.2787770098335542
-8.605952881230738,1.3015176355361786,0.37863841957228195,0.3226182231739002,0.006492638299543958,zwei heftig+en,2.3908756956455854
-8.561286066945655,1.2674989529902752,0.3587336389102169,0.37923212926909594,0.018302777666972754,Präsidentin,2.4455763761447287
-8.65523062338249,1.3370115432233773,0.40106112679828304,0.25667042098660686,-0.006975443800551373,Delcy,2.331424488646551
-8.65523062338249,1.3370115432233773,0.40106112679828304,0.25667042098660686,-0.006975443800551373,präsident+in delcy,2.331424488646551
-8.661532593518388,1.3413775200759546,0.40396261227783736,0.24795790506197748,-0.00873175696168501,Rodríguez,2.323897606667885
-8.661532593518388,1.3413775200759546,0.40396261227783736,0.24795790506197748,-0.00873175696168501,delcy rodríguez,2.323897606667885
-8.67070120045624,1.347653954359177,0.4081972885636266,0.23516545678351458,-0.01130088911632783,rodríguez sprech+t,2.3129800785870755
-8.684733070930458,1.35708028198443,0.41470836739456046,0.21531533750466095,-0.015264835957053732,sprech+t vorfall,2.296350339330375
-8.691942329835792,1.3618360424251454,0.4180675950995332,0.2049866952680641,-0.01731658657311254,schwerwiegenden,2.287844663929925
-8.691942329835792,1.3618360424251454,0.4180675950995332,0.2049866952680641,-0.01731658657311254,vorfall schwerwiegend+en,2.287844663929925
-8.700124233357794,1.3671592662974517,0.4218913355272043,0.1931559296724924,-0.01965767588634846,schwerwiegend+en folge+n,2.278223982417687
-8.719751633327341,1.3795948602769639,0.4311118862941976,0.1642960273481322,-0.025328206740229953,venezuela erst+en,2.2552917252447067
-8.721760781297744,1.3808403268578076,0.4320594741475635,0.16130304556473724,-0.025913026888764498,Erkenntnissen,2.252956336037981
-8.721760781297744,1.3808403268578076,0.4320594741475635,0.16130304556473724,-0.025913026888764498,erst+en erkenntnis+sen,2.252956336037981
-8.725488739735749,1.3831373765158286,0.4338195163903892,0.1557302811553202,-0.02700030690047988,erkenntnis+sen zufolge,2.2486291357685557
-8.737098217766123,1.390172830185783,0.4393153536757129,0.13821362284812533,-0.030404212241081363,ge+komm+en rund,2.2352052222908494
-8.738000348879682,1.3907119232872975,0.4397433391661892,0.13684210479298134,-0.0306698561852441,700,2.2341654321546294
-8.738000348879682,1.3907119232872975,0.4397433391661892,0.13684210479298134,-0.0306698561852441,rund 700,2.2341654321546294
-8.738704926026259,1.3911321888999906,0.44007769342517816,0.13576988391107855,-0.030877442182583995,700 weit+er+e,2.2333536804650826
-8.74007063991231,1.391944870279374,0.44072601548875534,0.13368893343064558,-0.031280101152340936,weit+er+e verletz+t,2.231781074884017
-8.7434045991352,1.393917970912241,0.4423099463327604,0.1285944146585624,-0.032264649232297236,der sag+te,2.2279467898166456
-8.744877425382859,1.3947847038708217,0.44301023617878654,0.12633724776983077,-0.03270030377265408,geschäftsführende,2.2262550904243867
-8.744877425382859,1.3947847038708217,0.44301023617878654,0.12633724776983077,-0.03270030377265408,sag+te geschäftsführend+e,2.2262550904243867
-8.747364543006741,1.3962414413988329,0.444193574857796,0.12251644135670621,-0.03343697676904133,geschäftsführend+e präsident+in,2.2234013867325633
-8.7489166703303,1.397146132360234,0.4449325510848114,0.12012613371412252,-0.033897344246348216,De…,2.221622417763464
-8.7489166703303,1.397146132360234,0.4449325510848114,0.12012613371412252,-0.033897344246348216,präsident+in de…,2.221622417763464
-8.749540424860674,1.3975087417111696,0.44522963043109604,0.119164265554796,-0.03408248983028278,+8168,2.2209079226056048
-8.749540424860674,1.3975087417111696,0.44522963043109604,0.119164265554796,-0.03408248983028278,de… +8168,2.2209079226056048
-8.750272040965967,1.3979333514601109,0.4455781591993999,0.1180351364169491,-0.03429975175033891,+8168 chars,2.220070182794984
-8.50559829720381,1.2230368255476831,0.3344947815325773,0.4459343967778527,0.03251640517329961,venezuela ruf+t,2.5146775930756067
-8.489443028462912,1.2097708993064,0.3275844665457233,0.46452984185645324,0.03653715875443236,ruf+t not+stand,2.534886405939458
-8.332978681467575,1.0749092647399776,0.2634861649817584,0.6291277071084722,0.07324901690435418,100.000,2.7334399826015447
-8.332978681467575,1.0749092647399776,0.2634861649817584,0.6291277071084722,0.07324901690435418,not+stand 100.000,2.7334399826015447
-8.073344717685355,0.8368812455015471,0.16787677107355062,0.8529385162440212,0.1264365982666751,100.000 tot+e,3.069306422835059
-8.357422580647478,1.0965981236417823,0.2731652133217281,0.605117989782526,0.06776747438140811,tot+e zwei,2.7021446560280062
-8.405450928504026,1.1386247815795418,0.2925414024624787,0.5561897868813779,0.056730987972989866,zwei erdbeben,2.6409170046188266
-8.457094623842119,1.1827744647073843,0.31391264902212185,0.500801293697542,0.04445347839535663,erdbeben befürcht+et,2.5755432527044593
-8.06863935540203,0.8324915840101528,0.16625853159125642,0.8565422509281028,0.12732383888971144,Zwei,3.075428332863765
-8.49369244167304,1.2132749661865314,0.3293968091292707,0.45967026519589527,0.03548394552363869,befürcht+et zwei,2.5295642844237496
-8.513266433287239,1.2292792511110533,0.33779396352133895,0.43699233843608215,0.030592006144039705,zwei stark+st+en,2.505109430593611
-8.405450928504026,1.1386247815795418,0.2925414024624787,0.5561897868813779,0.056730987972989866,stark+st+en erdbeben,2.6409170046188266
-8.543014532372448,1.2531420329254168,0.35070946481732324,0.40157582923091933,0.02302777210218035,erdbeben lauf+end+en,2.468146815006601
-8.554902759798724,1.2625105523516489,0.35592246612901907,0.3870903494533033,0.019960401252192818,jahr+es treff+en,2.453449497103405
-8.530687134113606,1.2433240414982358,0.34533493904809925,0.4163942749942099,0.02618150339721648,treff+en venezuela,2.4834326952627066
-8.564946855017256,1.2703461761002264,0.3603496273165506,0.3746998518075706,0.01734877342803444,herrscht,2.441067182897892
-8.564946855017256,1.2703461761002264,0.3603496273165506,0.3746998518075706,0.01734877342803444,caracas herrsch+t,2.441067182897892
-8.56408385130485,1.2696758671890338,0.3599684209753448,0.3757699946651975,0.01757389451088752,herrsch+t panik,2.4421297938140665
-8.562521505597193,1.2684609489536096,0.3592786917469552,0.377704679256838,0.01798109632698284,panik gebäude,2.4440541256426673
-8.558232880236817,1.2651166891405357,0.3573879812918833,0.38299784110403856,0.019096561682275696,gebäude ein+ge+stürz+t,2.4493405088027322
-8.551383831772256,1.2597479267902774,0.3543763563265878,0.391398241009682,0.020871020487767556,ein+ge+stürz+t mensch+en,2.4577953020264474
-8.534964240443141,1.24674211367009,0.3471960912957902,0.4112759356794264,0.025090378660482887,mensch+en trümmer+n,2.4781239832796405
-8.52322278753356,1.2373300031855532,0.34209603712818815,0.4252686784423158,0.028077892542191552,trümmer+n verschütt+et,2.492710131205371
-8.476075904245027,1.1986827365061692,0.32190825645536636,0.4796712324414968,0.03982994174597945,auch flug+hafen,2.5516569271943568
-8.43213585182224,1.1615864652110985,0.30351438083888177,0.5279442890920163,0.05044143925272718,flug+hafen geb+t,2.607071432335958
-8.368880162133893,1.1066985130982447,0.27774424442007384,0.5936609378820245,0.06516705142152507,erhebliche,2.6875050198964816
-8.368880162133893,1.1066985130982447,0.27774424442007384,0.5936609378820245,0.06516705142152507,geb+t erheblich+e,2.6875050198964816
-8.073344717685355,0.8368812455015471,0.16787677107355062,0.8529385162440212,0.1264365982666751,erheblich+e schaden,3.069306422835059
-8.40195023757137,1.1355906303008325,0.2911129369579685,0.5598376003695863,0.057547613370520403,zwei stark+e,2.645366808923447
-8.449931467531913,1.1767238012856096,0.31091496141369246,0.5086647701202137,0.04618257956231534,stark+e erdbeben,2.584578392892582
-8.560450955755893,1.266848037255652,0.35836538170851684,0.380263421780043,0.018520063972187605,erschütter+t gebäude,2.4466056445728825
-8.579220487737834,1.2813501336949753,0.36667679689885835,0.35684733324397955,0.01360546280705941,gebäude haupt+stadt,2.423528557811625
-8.600513721270431,1.2974628805012152,0.3761929081685553,0.32966825721308096,0.007950750905868005,caracas einsturz,2.3974980487917867
-8.637218659365477,1.3243084942232866,0.3928101444056587,0.2812178333947671,-0.001998320339741455,stärke erst+en,2.353036050039082
-8.640124448388352,1.3263797644917459,0.3941370012990493,0.2772928135058695,-0.0027969968513298048,erst+en beben+s,2.3495399095416243
-8.64440583091174,1.3294163789712645,0.39609497215902273,0.27148523308375194,-0.003976745166417401,"beben+s 7,2",2.344395381466384
-8.650093794869402,1.3334222111051175,0.3987016729540905,0.2637242656030165,-0.005549587369730144,zweiten,2.3375731869097782
-8.650093794869402,1.3334222111051175,0.3987016729540905,0.2637242656030165,-0.005549587369730144,"7,2 zweit+en",2.3375731869097782
-8.652729119526283,1.3352670244321023,0.39991150366166806,0.2601108064679733,-0.006280445292566737,mi…,2.3344172559131358
-8.652729119526283,1.3352670244321023,0.39991150366166806,0.2601108064679733,-0.006280445292566737,zweit+en mi…,2.3344172559131358
-8.65431291125971,1.3363722937386409,0.40063923271474466,0.25793375599875523,-0.006720331881572769,+5491,2.3325220973394254
-8.65431291125971,1.3363722937386409,0.40063923271474466,0.25793375599875523,-0.006720331881572769,mi… +5491,2.3325220973394254
-8.656153439763218,1.3376534660105317,0.4014855290909041,0.2553986769543175,-0.0072321405276149844,+5491 chars,2.3303211626906633
-7.156820355355483,0.6189708148761885,-0.11781084954056065,-0.02419583270356509,-0.014263989947838937,Doppel-Erdbeben,3.98494317572481
-6.769284978765696,0.4248405053664419,-0.21422518717211164,-0.023003312840896475,-0.007375109006643822,Strandbesucher,4.416824485431718
-6.769284978765696,0.4248405053664419,-0.21422518717211164,-0.023003312840896475,-0.007375109006643822,doppel+-+erdbeben strand+besucher,4.416824485431718
-5.997625771603064,0.03766884754774358,-0.37905356686748115,-0.02081029718913433,0.004011894816796743,ignorieren,5.277471953985181
-5.997625771603064,0.03766884754774358,-0.37905356686748115,-0.02081029718913433,0.004011894816796743,strand+besucher ignorier+en,5.277471953985181
-3.6859285090303455,-1.120426736395808,-0.7366604203529551,-0.015583892092092143,0.026991804165215308,Tsunami-Warnzeichen,7.857067079181015
-3.6859285090303455,-1.120426736395808,-0.7366604203529551,-0.015583892092092143,0.026991804165215308,ignorier+en tsunami-warnzeich+en,7.857067079181015
-6.66662371334122,0.37335939617868963,-0.23807181813572625,-0.022697215148062028,-0.005697351361388617,tsunami-warnzeich+en venezuela,4.531283074563293
-6.959931993794573,0.5203916449279549,-0.16812277197800896,-0.023582936071614456,-0.010647965334237827,venezuela als,4.204319744289842
-6.66662371334122,0.37335939617868963,-0.23807181813572625,-0.022697215148062028,-0.005697351361388617,als venezuela,4.531283074563293
-7.371057462620519,0.7260671991919423,-0.05959150591558929,-0.02487698043374514,-0.018506782557416168,venezuela meer,3.7463633935889686
-7.026406639948027,0.553687895918588,-0.15145695030085116,-0.02378831548535329,-0.011840626923706035,meer erdbeben,4.130241745811801
-7.583469855411273,0.832000895594712,0.0021565367991922754,-0.025562989681364435,-0.023076439217065432,zurückzieht,3.509986751620782
-7.583469855411273,0.832000895594712,0.0021565367991922754,-0.025562989681364435,-0.023076439217065432,erdbeben zurück+zieh+t,3.509986751620782
-7.62778535223341,0.854061082913554,0.015593357311846981,-0.02570689861862884,-0.024080488508480574,filmen,3.4606978812173974
-7.62778535223341,0.854061082913554,0.015593357311846981,-0.02570689861862884,-0.024080488508480574,zurück+zieh+t film+en,3.4606978812173974
-7.583469855411273,0.832000895594712,0.0021565367991922754,-0.025562989681364435,-0.023076439217065432,Strandgäste,3.509986751620782
-7.583469855411273,0.832000895594712,0.0021565367991922754,-0.025562989681364435,-0.023076439217065432,film+en strand+gast+e,3.509986751620782
-7.459767817348586,0.7703442862191683,-0.034320183373456145,-0.025162498717225867,-0.02036822641922726,strand+gast+e ereignis,3.6476212684398117
-7.3600674066047045,0.7205787052728205,-0.06267295848401654,-0.024841731843007774,-0.018280631416932716,Dabei,3.758598382731782
-7.086048110862334,0.5835504439681944,-0.13622948959182749,-0.02397395020626149,-0.012934805594215955,klarer,4.063787539331356
-7.086048110862334,0.5835504439681944,-0.13622948959182749,-0.02397395020626149,-0.012934805594215955,dabei klar+er,4.063787539331356
-6.9360187970204645,0.5084109673532478,-0.1740411477158239,-0.023509458334985224,-0.010225648448121155,Hinweis,4.230970562474075
-6.9360187970204645,0.5084109673532478,-0.1740411477158239,-0.023509458334985224,-0.010225648448121155,klar+er hinweis,4.230970562474075
-6.223914832039437,0.15123452519600722,-0.33393547045087657,-0.02142753310139086,0.0009436609889512081,herannahenden,5.025025739791974
-6.223914832039437,0.15123452519600722,-0.33393547045087657,-0.02142753310139086,0.0009436609889512081,hinweis herannahend+en,5.025025739791974
-3.6859285090303455,-1.120426736395808,-0.7366604203529551,-0.015583892092092143,0.026991804165215308,herannahend+en tsunami,7.857067079181015
